unit_id,cycle,fault_mode,altitude_ft,air_density_kgm3,rpm,throttle_pct,cht_C,egt_C,oil_press_kPa,oil_temp_C,fuel_flow_kgph,bsfc_g_per_kWh,vibration_rms_g,ae_energy_20k_1M_band,crack_length_mm_groundtruth,alternator_ripple_mV,degradation_index_groundtruth,RUL_cycles
1,0,injector_drift,0.0,1.225,4355.0,58.8,97.22,818.75,411.19,90.34,25.439,511.83,0.6516,0.091,0.0,48.09,0.0181,201
1,1,injector_drift,550.2,1.2054,4389.0,61.8,95.48,812.75,427.79,91.47,25.9,495.99,0.6526,0.0698,0.0,50.87,0.022,200
1,2,injector_drift,1016.2,1.189,4227.0,59.7,93.83,820.97,423.78,89.62,25.56,506.92,0.8331,0.0567,0.0,37.75,0.0231,199
1,3,injector_drift,1019.8,1.1889,4347.0,60.4,95.22,818.29,421.31,94.92,25.685,503.66,0.8107,0.0887,0.0,42.15,0.0231,198
1,4,injector_drift,1554.1,1.1703,4299.0,63.4,96.03,806.92,415.44,87.33,25.918,483.59,0.8248,0.0601,0.0,42.14,0.0231,197
1,5,injector_drift,2205.1,1.1479,4277.0,55.2,95.4,824.35,418.27,93.0,25.123,538.7,0.7747,0.0566,0.0,41.64,0.0237,196
1,6,injector_drift,2574.5,1.1353,4297.0,57.5,94.84,809.97,414.09,93.21,25.747,529.76,0.8648,0.0439,0.0,38.89,0.0237,195
1,7,injector_drift,3054.8,1.1192,4330.0,57.2,96.09,800.57,400.82,88.77,26.68,552.08,0.8863,0.0687,0.0,34.71,0.0237,194
1,8,injector_drift,3364.0,1.1089,4405.0,54.9,94.95,804.29,404.72,94.93,24.664,531.96,0.8504,0.0666,0.0,42.6,0.0237,193
1,9,injector_drift,4057.6,1.086,4270.0,60.1,94.81,807.42,408.57,92.5,25.822,508.73,0.792,0.0579,0.0,38.43,0.0253,192
1,10,injector_drift,4475.2,1.0724,4352.0,64.6,96.23,818.27,401.86,92.45,25.659,470.19,0.6442,0.0418,0.0,42.7,0.0253,191
1,11,injector_drift,4800.2,1.0619,4321.0,61.7,95.15,814.22,409.73,90.56,26.022,499.02,0.8744,0.0602,0.0,38.3,0.0253,190
1,12,injector_drift,5390.0,1.0431,4330.0,63.4,96.18,815.06,423.98,90.12,25.918,483.87,0.9124,0.0569,0.0,36.98,0.0275,189
1,13,injector_drift,5720.3,1.0327,4410.0,66.3,96.23,824.16,411.77,90.13,26.379,470.89,0.8662,0.0316,0.0,43.65,0.0275,188
1,14,injector_drift,5949.2,1.0255,4382.0,67.2,94.11,822.4,421.17,91.33,26.601,468.19,0.7443,0.0288,0.0,43.23,0.0275,187
1,15,injector_drift,6559.9,1.0065,4430.0,63.3,95.19,821.06,412.82,93.43,25.983,485.95,0.8716,0.0707,0.0,45.71,0.0313,186
1,16,injector_drift,6785.6,0.9996,4341.0,67.8,98.07,824.05,419.52,90.99,26.629,464.98,0.8866,0.0074,0.0,53.75,0.0313,185
1,17,injector_drift,7484.3,0.9783,4308.0,64.2,94.17,823.93,411.05,88.8,25.025,461.19,0.9424,0.0635,0.0,44.2,0.0313,184
1,18,injector_drift,7766.4,0.9698,4337.0,61.7,92.73,800.85,418.18,92.28,26.445,507.62,0.7476,0.0498,0.0,45.24,0.0313,183
1,19,injector_drift,8165.7,0.9579,4365.0,62.6,93.12,815.28,418.01,92.47,26.016,491.78,0.7996,0.0856,0.0,37.43,0.0313,182
1,20,injector_drift,8508.7,0.9478,4361.0,60.2,95.95,799.53,410.37,91.94,26.151,514.33,0.8775,0.0495,0.0,36.38,0.0313,181
1,21,injector_drift,9209.6,0.9273,4285.0,62.2,95.95,818.26,420.97,92.12,25.352,482.58,0.8223,0.0726,0.0,50.73,0.0313,180
1,22,injector_drift,9416.2,0.9213,4355.0,64.0,95.73,818.84,417.49,90.08,25.616,473.8,0.7283,0.0515,0.0,38.2,0.0313,179
1,23,injector_drift,9786.0,0.9107,4364.0,67.7,97.85,830.06,409.59,88.86,26.245,458.85,0.8548,0.063,0.0,37.99,0.0357,178
1,24,injector_drift,10205.8,0.8988,4501.0,70.7,92.02,832.68,399.29,88.98,26.358,441.46,0.8679,0.0754,0.0,43.02,0.0357,177
1,25,injector_drift,10744.4,0.8837,4463.0,61.6,96.61,820.26,400.84,87.44,25.932,498.47,0.8286,0.0515,0.0,42.76,0.0357,176
1,26,injector_drift,11122.7,0.8731,4299.0,67.1,98.44,818.0,416.17,91.24,26.595,468.99,0.8416,0.0814,0.0,38.94,0.0384,175
1,27,injector_drift,11530.4,0.8619,4333.0,63.0,94.48,824.61,415.29,90.67,25.222,473.62,0.8067,0.0427,0.0,42.24,0.0419,174
1,28,injector_drift,11931.0,0.851,4262.0,67.8,95.61,818.88,412.1,89.96,26.603,464.48,0.9457,0.0685,0.0,49.92,0.0419,173
1,29,injector_drift,12582.5,0.8335,4315.0,66.2,95.05,822.29,414.39,84.93,26.12,467.12,0.7554,0.081,0.0,39.74,0.0419,172
1,30,injector_drift,12592.2,0.8332,4369.0,61.3,94.83,827.74,414.94,88.34,25.742,497.08,0.7804,0.0758,0.0,36.8,0.0419,171
1,31,injector_drift,12965.2,0.8233,4422.0,69.8,95.7,819.64,412.55,93.08,25.744,436.66,0.8283,0.1009,0.0,48.48,0.0419,170
1,32,injector_drift,13305.6,0.8143,4306.0,65.4,98.32,828.35,423.96,89.51,26.27,475.53,0.8977,0.0473,0.0,46.23,0.0419,169
1,33,injector_drift,13902.5,0.7988,4311.0,65.8,98.93,827.53,422.09,91.56,25.129,451.97,0.7076,0.035,0.0,40.67,0.0419,168
1,34,injector_drift,14358.4,0.7871,4221.0,64.4,95.67,813.77,412.9,88.06,26.269,482.79,0.7226,0.0427,0.0,35.86,0.0419,167
1,35,injector_drift,14547.5,0.7823,4340.0,65.8,99.04,829.92,423.05,93.71,25.5,458.35,0.6644,0.0758,0.0,40.05,0.0419,166
1,36,injector_drift,14810.6,0.7756,4286.0,69.3,96.24,829.44,412.46,90.55,26.325,449.65,0.83,0.0725,0.0,43.5,0.0419,165
1,37,injector_drift,15181.2,0.7663,4318.0,67.6,98.86,824.28,419.96,91.46,26.164,457.82,0.7399,0.0652,0.0,49.78,0.0439,164
1,38,injector_drift,15767.1,0.7517,4297.0,69.4,96.22,819.32,414.26,95.63,26.801,457.15,0.8037,0.0422,0.0,39.21,0.0488,163
1,39,injector_drift,16141.7,0.7425,4344.0,69.7,96.55,818.69,409.03,94.01,26.28,446.37,0.8874,0.08,0.0,43.97,0.0488,162
1,40,injector_drift,16468.6,0.7345,4245.0,72.7,96.91,822.8,405.65,90.36,26.257,427.19,0.7831,0.0401,0.0,47.76,0.0488,161
1,41,injector_drift,16640.1,0.7304,4262.0,67.9,101.12,829.04,414.59,89.79,26.044,453.67,0.853,0.0878,0.0,32.48,0.0488,160
1,42,injector_drift,17123.5,0.7188,4478.0,64.7,97.63,815.44,395.48,90.32,26.563,485.69,0.8105,0.1218,0.0,49.56,0.0488,159
1,43,injector_drift,17450.8,0.711,4273.0,72.5,95.3,830.5,420.89,92.0,26.738,436.2,0.8882,0.072,0.0,38.48,0.0488,158
1,44,injector_drift,17806.4,0.7027,4284.0,68.5,97.81,815.06,423.61,90.76,26.128,451.22,0.8725,0.0763,0.0,46.05,0.0488,157
1,45,injector_drift,18240.3,0.6926,4460.0,73.0,95.82,825.62,400.93,90.18,26.459,428.67,0.7791,0.0548,0.0,45.62,0.0488,156
1,46,injector_drift,18474.6,0.6871,4524.0,71.0,95.79,828.6,403.11,94.04,25.829,430.34,0.8283,0.0304,0.0,50.42,0.0555,155
1,47,injector_drift,18870.0,0.6781,4280.0,69.7,97.89,846.6,409.17,90.88,26.529,450.69,0.9253,0.0546,0.0,47.75,0.0555,154
1,48,injector_drift,19100.8,0.6728,4328.0,71.3,96.61,817.16,407.08,95.74,25.772,427.92,0.875,0.0452,0.0,33.24,0.057,153
1,49,injector_drift,19451.8,0.6649,4370.0,76.3,97.0,842.44,413.36,91.32,27.075,420.22,0.7318,0.0382,0.0,41.21,0.057,152
1,50,injector_drift,19816.2,0.6568,4454.0,76.8,96.6,832.13,404.32,94.71,26.859,413.89,0.896,0.1015,0.0,45.82,0.057,151
1,51,injector_drift,19811.1,0.6569,4291.0,70.9,97.07,831.3,423.14,91.85,27.411,457.28,0.7568,0.0726,0.0,44.15,0.057,150
1,52,injector_drift,20285.1,0.6464,4335.0,71.4,97.2,829.17,407.58,93.07,26.042,431.8,0.9565,0.0747,0.0,47.52,0.057,149
1,53,injector_drift,20560.9,0.6404,4397.0,74.3,93.69,833.45,413.23,89.71,26.619,424.08,0.9266,0.0612,0.0,49.16,0.058,148
1,54,injector_drift,20828.9,0.6345,4376.0,68.7,97.69,826.79,408.08,89.54,27.057,466.28,0.8728,0.0652,0.0,48.64,0.0622,147
1,55,injector_drift,21171.7,0.6271,4327.0,72.4,95.23,841.5,414.7,92.16,27.036,442.15,0.8622,0.088,0.0,44.53,0.0622,146
1,56,injector_drift,21720.3,0.6154,4342.0,71.4,94.53,825.75,406.52,93.22,26.226,434.45,0.8329,0.068,0.0,36.37,0.0622,145
1,57,injector_drift,21644.0,0.6171,4268.0,72.6,96.61,839.05,412.63,91.32,26.664,434.6,0.9039,0.0793,0.0,43.32,0.0622,144
1,58,injector_drift,22191.6,0.6055,4336.0,69.3,96.82,823.19,408.82,88.67,26.377,450.37,0.82,0.0647,0.0,47.68,0.0622,143
1,59,injector_drift,22061.0,0.6083,4334.0,67.2,95.69,827.12,404.32,88.55,26.367,464.44,0.8703,0.0623,0.0,40.28,0.0637,142
1,60,injector_drift,22524.8,0.5986,4364.0,65.9,98.02,818.83,411.44,88.46,25.903,465.35,0.9237,0.0416,0.0,49.07,0.0658,141
1,61,injector_drift,22855.6,0.5918,4317.0,68.9,94.77,832.55,413.73,87.78,26.327,452.34,0.809,0.0302,0.0,50.46,0.0658,140
1,62,injector_drift,23169.7,0.5853,4378.0,71.0,96.18,841.52,410.31,91.53,25.85,430.94,0.8047,0.0645,0.0,46.55,0.0658,139
1,63,injector_drift,23433.3,0.58,4411.0,71.6,96.05,830.92,413.31,93.68,26.601,439.57,0.7656,0.0726,0.0,31.12,0.0715,138
1,64,injector_drift,23684.8,0.5749,4359.0,78.4,96.87,833.38,415.36,91.4,27.136,409.43,0.776,0.0457,0.0,40.05,0.0715,137
1,65,injector_drift,23747.0,0.5737,4371.0,76.1,97.36,824.85,403.82,86.91,26.723,415.75,0.7149,0.0708,0.0,55.87,0.0715,136
1,66,injector_drift,23957.6,0.5694,4353.0,70.0,95.55,830.04,408.27,91.15,25.822,436.64,0.9264,0.0741,0.0,44.17,0.0767,135
1,67,injector_drift,24377.4,0.5611,4350.0,74.0,98.15,821.16,402.45,91.21,27.106,433.29,1.0127,0.0299,0.0,36.99,0.0767,134
1,68,injector_drift,24435.9,0.56,4307.0,71.9,97.16,825.52,408.49,95.73,26.727,440.01,0.982,0.0547,0.0,53.08,0.0767,133
1,69,injector_drift,24483.1,0.559,4369.0,72.4,94.23,834.88,401.64,88.62,26.32,430.43,0.7379,0.0812,0.0,46.97,0.0767,132
1,70,injector_drift,24708.3,0.5546,4344.0,73.9,94.29,845.76,415.06,90.88,26.611,426.25,0.9346,0.0827,0.0,53.0,0.083,131
1,71,injector_drift,24938.1,0.5501,4476.0,75.3,97.21,858.42,400.93,95.08,26.208,411.95,0.9906,0.0519,0.0,48.87,0.0832,130
1,72,injector_drift,25342.2,0.5423,4444.0,72.5,97.09,831.58,397.6,92.72,26.259,428.53,0.8512,0.0805,0.0,50.48,0.091,129
1,73,injector_drift,25474.5,0.5398,4373.0,76.8,97.27,849.91,409.63,92.95,26.713,411.48,0.8959,0.0977,0.0,50.0,0.091,128
1,74,injector_drift,25736.0,0.5348,4304.0,70.3,97.37,837.11,392.89,92.05,27.028,454.95,0.7272,0.0928,0.0,51.67,0.091,127
1,75,injector_drift,25741.3,0.5347,4283.0,73.8,97.76,835.72,394.88,92.48,26.493,424.59,0.9091,0.0754,0.0,59.57,0.091,126
1,76,injector_drift,25995.8,0.5299,4421.0,81.7,98.92,844.82,404.42,93.42,27.485,398.09,0.806,0.0686,0.0,53.24,0.0932,125
1,77,injector_drift,26226.2,0.5255,4366.0,74.7,95.84,838.61,402.57,90.27,26.595,421.51,0.9089,0.0657,0.0,40.6,0.0945,124
1,78,injector_drift,26240.0,0.5253,4379.0,78.4,95.85,841.68,402.39,93.72,27.146,409.86,0.7736,0.0888,0.0,51.07,0.0982,123
1,79,injector_drift,26502.4,0.5204,4245.0,74.4,95.96,835.55,399.6,89.22,26.753,425.34,0.9419,0.0834,0.0,54.55,0.0982,122
1,80,injector_drift,26475.7,0.5209,4406.0,76.0,98.04,828.41,399.4,92.62,27.252,424.47,0.9804,0.092,0.0,54.85,0.0982,121
1,81,injector_drift,26655.1,0.5175,4377.0,74.1,99.49,826.46,412.87,92.33,26.58,424.29,0.8367,0.0823,0.0,46.76,0.0988,120
1,82,injector_drift,26780.4,0.5152,4283.0,73.9,97.12,845.18,409.44,90.86,26.169,419.26,0.8174,0.0978,0.0,55.24,0.1046,119
1,83,injector_drift,26779.7,0.5152,4322.0,72.1,94.11,837.78,402.85,92.13,26.154,429.27,0.7424,0.0845,0.0,54.43,0.1088,118
1,84,injector_drift,27147.1,0.5085,4366.0,75.8,95.32,837.07,396.99,90.93,26.716,417.13,0.8936,0.0983,0.0,62.66,0.1088,117
1,85,injector_drift,27111.9,0.5091,4353.0,72.0,96.61,840.01,397.89,90.03,26.202,430.62,0.8683,0.1001,0.0,46.04,0.1088,116
1,86,injector_drift,27285.9,0.5059,4332.0,76.6,97.11,849.24,388.0,91.53,27.152,419.41,0.7954,0.0674,0.0,47.51,0.1117,115
1,87,injector_drift,27451.1,0.5029,4344.0,77.9,97.35,845.09,401.66,90.04,26.882,408.26,0.9566,0.0475,0.0,48.57,0.1122,114
1,88,injector_drift,27534.3,0.5014,4335.0,75.8,98.16,838.64,404.57,93.01,27.912,435.7,0.8939,0.1163,0.0,48.18,0.1181,113
1,89,injector_drift,27648.7,0.4994,4359.0,73.9,97.63,852.74,388.83,90.06,26.152,418.8,0.8438,0.0906,0.0,46.18,0.1181,112
1,90,injector_drift,27609.0,0.5001,4438.0,76.2,99.68,856.69,390.36,93.79,27.064,420.55,0.8855,0.0511,0.0,36.81,0.1181,111
1,91,injector_drift,27628.4,0.4997,4196.0,73.9,97.13,847.31,399.16,90.04,26.403,422.77,1.0187,0.0717,0.0,48.62,0.12,110
1,92,injector_drift,27741.3,0.4977,4336.0,77.7,96.86,853.02,393.32,91.27,26.883,409.58,0.9812,0.1014,0.0,52.64,0.12,109
1,93,injector_drift,27554.7,0.5011,4361.0,69.4,98.97,852.01,397.4,91.24,26.656,454.53,0.93,0.0817,0.0,48.73,0.1244,108
1,94,injector_drift,27638.6,0.4996,4368.0,73.9,96.02,853.96,383.73,95.19,25.95,415.47,0.9945,0.0779,0.0,61.12,0.1271,107
1,95,injector_drift,27698.2,0.4985,4328.0,69.0,99.02,848.41,401.07,93.3,26.695,458.03,0.8603,0.1176,0.0,51.93,0.1319,106
1,96,injector_drift,27781.2,0.497,4245.0,70.5,98.76,850.49,404.87,92.35,27.474,461.34,0.9675,0.0706,0.0,58.92,0.1385,105
1,97,injector_drift,28018.1,0.4927,4370.0,79.1,98.4,854.15,392.59,93.77,27.047,404.82,0.9767,0.0756,0.0,53.77,0.1385,104
1,98,injector_drift,27842.8,0.4959,4454.0,77.7,101.0,840.52,375.01,88.55,27.249,415.16,0.9273,0.0958,0.0,56.59,0.1385,103
1,99,injector_drift,27935.6,0.4942,4258.0,72.8,97.79,853.54,392.84,92.78,27.282,443.26,1.0084,0.1008,0.0,54.29,0.1433,102
1,100,injector_drift,28194.0,0.4896,4402.0,70.5,101.97,837.28,397.9,96.98,26.687,448.03,0.9225,0.1048,0.0,60.3,0.1495,101
1,101,injector_drift,27945.7,0.494,4330.0,66.1,98.53,839.58,377.41,93.25,26.257,470.06,1.0257,0.1131,0.0,53.73,0.1495,100
1,102,injector_drift,28102.9,0.4912,4346.0,73.4,96.97,860.01,391.18,93.13,26.015,419.64,1.0292,0.0988,0.0,55.94,0.1495,99
1,103,injector_drift,27838.6,0.496,4287.0,82.2,99.19,862.39,387.82,94.24,27.741,399.14,0.7657,0.1069,0.0,55.96,0.157,98
1,104,injector_drift,27927.3,0.4944,4330.0,76.3,97.48,864.75,397.43,94.95,27.084,420.18,1.0958,0.0921,0.0,52.76,0.1578,97
1,105,injector_drift,27788.3,0.4969,4428.0,73.3,98.11,850.45,382.61,89.28,26.564,428.98,0.7679,0.1003,0.0,56.75,0.1636,96
1,106,injector_drift,27845.8,0.4958,4385.0,76.3,99.87,845.22,391.01,89.93,27.208,421.78,0.9649,0.1016,0.0,66.01,0.1648,95
1,107,injector_drift,27981.7,0.4934,4454.0,70.2,100.23,850.66,387.54,93.83,26.577,447.78,1.1069,0.1054,0.0,53.97,0.1703,94
1,108,injector_drift,27548.7,0.5012,4421.0,74.0,98.47,855.28,396.83,91.98,26.825,428.96,0.9995,0.1165,0.0,57.42,0.1703,93
1,109,injector_drift,27818.4,0.4963,4376.0,75.2,101.01,856.71,385.97,96.12,27.365,430.84,0.9169,0.1136,0.0,62.04,0.175,92
1,110,injector_drift,27727.6,0.4979,4455.0,74.6,101.33,865.5,385.0,92.93,26.562,421.5,0.9526,0.1043,0.0,61.71,0.1779,91
1,111,injector_drift,27534.7,0.5014,4376.0,77.2,101.77,854.96,377.65,89.7,27.674,424.38,1.1234,0.0874,0.0,56.12,0.1785,90
1,112,injector_drift,27332.0,0.5051,4400.0,75.8,100.47,860.55,392.06,91.09,26.622,415.68,0.8929,0.1057,0.0,44.38,0.1811,89
1,113,injector_drift,27478.1,0.5025,4332.0,76.7,101.99,852.6,381.84,88.33,27.009,416.62,1.1586,0.1069,0.0,59.83,0.1916,88
1,114,injector_drift,27299.6,0.5057,4354.0,72.6,97.13,862.2,381.83,93.38,27.798,453.12,1.0654,0.1115,0.0,46.21,0.1923,87
1,115,injector_drift,27318.9,0.5053,4308.0,77.3,99.53,861.39,387.01,93.51,27.769,425.08,0.9784,0.1524,0.0,64.82,0.1941,86
1,116,injector_drift,27185.6,0.5078,4409.0,79.4,98.88,857.92,371.49,93.17,27.509,409.76,1.0415,0.0998,0.0,58.93,0.2009,85
1,117,injector_drift,27314.3,0.5054,4279.0,71.6,100.54,859.8,387.36,96.33,26.65,440.51,1.0235,0.121,0.0,63.77,0.2086,84
1,118,injector_drift,26923.2,0.5126,4397.0,71.8,99.5,860.31,385.91,96.57,26.825,442.27,1.1742,0.134,0.0,54.26,0.2086,83
1,119,injector_drift,26684.1,0.517,4339.0,78.4,100.13,863.03,384.7,93.84,27.464,414.65,1.1645,0.1147,0.0,51.05,0.2091,82
1,120,injector_drift,26736.4,0.516,4420.0,73.7,103.35,878.36,368.24,90.03,27.192,436.43,0.9817,0.1613,0.0,60.66,0.2151,81
1,121,injector_drift,26608.0,0.5184,4395.0,78.4,100.57,868.29,376.21,95.77,27.464,414.3,1.1129,0.1104,0.0,60.23,0.2266,80
1,122,injector_drift,26637.8,0.5179,4459.0,72.8,101.45,864.52,378.03,95.66,27.154,441.21,1.0783,0.1247,0.0,58.02,0.2275,79
1,123,injector_drift,26411.6,0.5221,4394.0,78.4,100.65,853.83,364.5,95.29,27.439,413.93,1.2647,0.1041,0.0,61.44,0.2336,78
1,124,injector_drift,26185.9,0.5263,4256.0,74.4,101.1,861.42,376.23,96.63,26.704,424.8,1.0532,0.113,0.0,74.86,0.2336,77
1,125,injector_drift,26191.6,0.5262,4346.0,74.7,101.09,867.44,382.75,92.42,27.105,429.48,1.2982,0.1262,0.0,65.53,0.2373,76
1,126,injector_drift,25627.1,0.5369,4280.0,78.5,102.0,868.07,380.71,98.95,27.941,421.12,1.1897,0.141,0.0,67.46,0.2468,75
1,127,injector_drift,25536.4,0.5386,4319.0,72.6,103.16,882.51,378.92,93.09,26.688,434.76,1.1084,0.1316,0.0,66.77,0.2506,74
1,128,injector_drift,25314.2,0.5429,4441.0,70.8,104.04,870.65,380.35,96.64,27.073,452.45,1.163,0.1523,0.0,70.54,0.2571,73
1,129,injector_drift,25209.2,0.5449,4388.0,72.2,102.11,883.61,374.1,91.83,26.914,441.2,1.1601,0.1261,0.0,62.45,0.26,72
1,130,injector_drift,24869.5,0.5515,4308.0,74.8,102.7,876.55,378.05,93.47,27.465,434.59,1.1386,0.1234,0.0,53.72,0.2666,71
1,131,injector_drift,24973.5,0.5495,4289.0,68.6,100.2,874.37,390.41,98.47,26.913,464.08,1.2606,0.1856,0.0,63.5,0.2716,70
1,132,injector_drift,24641.1,0.5559,4352.0,75.1,101.99,878.22,368.41,95.06,28.075,442.23,1.1732,0.1416,0.0,69.16,0.2789,69
1,133,injector_drift,24243.9,0.5638,4277.0,71.5,103.67,878.38,367.64,97.37,27.488,455.03,1.1114,0.121,0.0,60.76,0.2846,68
1,134,injector_drift,24096.4,0.5667,4310.0,76.4,103.57,894.58,373.35,96.17,27.057,418.93,1.2554,0.1215,0.0,64.73,0.2846,67
1,135,injector_drift,24074.0,0.5671,4369.0,65.7,102.62,857.4,370.06,95.53,27.214,490.28,1.1475,0.1172,0.0,62.36,0.2869,66
1,136,injector_drift,23925.0,0.5701,4419.0,70.4,104.03,865.74,358.92,98.78,26.972,453.47,1.2723,0.1595,0.0,74.74,0.3025,65
1,137,injector_drift,23865.4,0.5713,4387.0,67.6,103.6,877.44,356.34,95.71,26.905,471.25,1.2772,0.1354,0.0,71.57,0.3091,64
1,138,injector_drift,23763.7,0.5733,4213.0,70.0,104.67,883.13,385.09,92.62,27.408,463.26,1.2802,0.1453,0.0,71.08,0.3091,63
1,139,injector_drift,23143.9,0.5859,4368.0,73.1,103.39,890.8,364.82,94.64,27.283,441.64,1.5188,0.1424,0.0,71.22,0.3124,62
1,140,injector_drift,22682.8,0.5953,4354.0,71.7,102.73,891.05,356.95,97.6,27.795,458.81,1.3964,0.162,0.0,69.03,0.3246,61
1,141,injector_drift,22255.2,0.6042,4375.0,71.3,103.99,886.0,364.2,97.46,27.138,450.22,1.4364,0.1332,0.0,71.02,0.3337,60
1,142,injector_drift,22353.6,0.6021,4447.0,71.5,99.32,899.33,352.77,93.72,27.241,451.03,1.3004,0.1314,0.0,64.94,0.3429,59
1,143,injector_drift,21924.4,0.6111,4226.0,72.4,104.37,900.54,362.42,95.47,27.293,446.0,1.3985,0.1582,0.0,60.19,0.3458,58
1,144,injector_drift,21711.5,0.6156,4315.0,68.6,98.42,892.81,362.13,95.84,27.117,467.54,1.4801,0.167,0.0,72.26,0.3501,57
1,145,injector_drift,21404.2,0.6222,4385.0,73.6,101.45,902.75,346.47,96.38,28.102,451.64,1.3966,0.1633,0.0,73.62,0.3556,56
1,146,injector_drift,21191.9,0.6267,4255.0,73.4,104.96,899.27,361.07,94.56,27.932,450.64,1.5798,0.1435,0.0,78.94,0.3655,55
1,147,injector_drift,21084.7,0.629,4439.0,72.4,105.16,893.51,360.1,96.18,28.328,463.26,1.4296,0.1751,0.0,81.33,0.3719,54
1,148,injector_drift,20655.0,0.6383,4372.0,72.7,102.83,904.94,353.78,96.09,28.591,465.27,1.5186,0.1483,0.0,81.8,0.3773,53
1,149,injector_drift,20309.3,0.6459,4401.0,71.8,103.93,903.48,344.26,99.43,27.274,449.65,1.5448,0.1578,0.0,70.48,0.3941,52
1,150,injector_drift,19874.4,0.6555,4316.0,76.8,107.24,906.67,346.47,99.64,28.042,431.91,1.6261,0.1515,0.0,74.34,0.4011,51
1,151,injector_drift,19470.3,0.6645,4399.0,70.3,104.59,916.5,341.81,97.85,27.173,457.4,1.58,0.1982,0.0,79.04,0.4071,50
1,152,injector_drift,19335.5,0.6675,4414.0,69.5,108.73,885.13,341.64,97.4,27.289,464.84,1.6156,0.1854,0.0,89.48,0.4091,49
1,153,injector_drift,19082.6,0.6732,4364.0,68.0,105.7,895.63,340.95,98.73,27.305,475.44,1.6604,0.1889,0.0,85.44,0.4227,48
1,154,injector_drift,19033.3,0.6744,4364.0,67.0,106.51,898.69,347.31,96.98,27.101,479.0,1.645,0.2041,0.0,84.34,0.4305,47
1,155,injector_drift,18460.7,0.6875,4366.0,66.1,108.52,906.64,329.86,96.48,27.083,484.54,1.768,0.2378,0.0,77.53,0.4385,46
1,156,injector_drift,18257.0,0.6922,4298.0,67.0,106.57,910.41,346.82,97.11,27.538,486.16,1.7841,0.1507,0.0,76.06,0.4497,45
1,157,injector_drift,17698.7,0.7052,4341.0,69.3,105.06,903.1,335.94,97.87,27.271,465.64,1.7809,0.1723,0.0,85.06,0.4568,44
1,158,injector_drift,17255.5,0.7157,4341.0,70.3,106.63,909.87,338.79,97.0,28.189,474.26,1.7844,0.1776,0.0,76.46,0.4663,43
1,159,injector_drift,16943.9,0.7231,4373.0,69.3,106.97,912.33,326.53,99.83,27.455,468.79,1.9123,0.1756,0.0,81.58,0.4753,42
1,160,injector_drift,16631.2,0.7306,4410.0,66.7,105.18,939.46,337.87,101.14,28.818,511.52,1.8584,0.1736,0.0,82.98,0.4839,41
1,161,injector_drift,16706.4,0.7288,4286.0,71.5,106.94,937.35,342.94,96.57,27.814,460.49,1.8639,0.1902,0.0,91.82,0.4873,40
1,162,injector_drift,15907.0,0.7483,4342.0,70.8,106.6,922.72,335.64,100.11,28.037,468.6,1.9491,0.1765,0.0,83.47,0.5028,39
1,163,injector_drift,15795.3,0.751,4439.0,67.9,109.3,923.46,314.5,99.78,27.345,476.49,2.1044,0.21,0.0,73.79,0.5109,38
1,164,injector_drift,15169.5,0.7666,4305.0,66.2,108.16,918.12,333.77,101.06,28.474,508.7,1.8895,0.2068,0.0,89.24,0.5191,37
1,165,injector_drift,15076.3,0.7689,4301.0,69.6,108.18,918.02,327.97,100.74,28.511,484.46,2.126,0.2212,0.0,84.97,0.5385,36
1,166,injector_drift,14622.3,0.7804,4362.0,68.4,108.71,934.1,310.88,98.08,28.143,487.17,1.9514,0.225,0.0,89.65,0.5493,35
1,167,injector_drift,14165.6,0.792,4401.0,63.3,109.44,926.66,316.67,98.66,27.214,509.12,2.1554,0.2298,0.0,89.89,0.5592,34
1,168,injector_drift,13804.0,0.8013,4351.0,67.2,110.23,937.66,320.09,101.4,28.1,494.91,2.2923,0.2126,0.0,89.66,0.567,33
1,169,injector_drift,13329.5,0.8137,4430.0,68.0,108.18,929.16,314.65,103.69,27.666,481.63,2.2587,0.2669,0.0,96.3,0.5817,32
1,170,injector_drift,13109.0,0.8195,4401.0,64.3,108.3,935.69,312.43,97.36,28.505,524.72,2.2611,0.2315,0.0,85.37,0.5893,31
1,171,injector_drift,12585.0,0.8334,4401.0,67.3,111.83,947.23,310.92,102.73,28.47,500.28,2.2486,0.1933,0.0,91.57,0.6017,30
1,172,injector_drift,12077.4,0.847,4383.0,62.2,109.75,948.2,317.4,104.58,27.905,530.89,2.3266,0.2129,0.0,98.31,0.6099,29
1,173,injector_drift,11674.7,0.858,4490.0,70.4,108.68,956.39,307.57,102.23,27.441,461.51,2.3673,0.2032,0.0,93.33,0.6267,28
1,174,injector_drift,11494.4,0.8629,4338.0,69.9,111.76,944.79,288.53,103.87,28.034,474.7,2.3687,0.2418,0.0,89.4,0.6382,27
1,175,injector_drift,11304.8,0.8681,4230.0,65.2,112.0,961.76,307.65,101.53,28.45,516.61,2.442,0.2417,0.0,101.57,0.647,26
1,176,injector_drift,10688.6,0.8852,4446.0,66.8,109.43,953.04,294.71,103.04,28.817,510.49,2.5465,0.2398,0.0,105.36,0.6638,25
1,177,injector_drift,10240.8,0.8978,4323.0,58.3,112.39,963.15,288.99,100.3,28.309,574.99,2.5214,0.2933,0.0,100.71,0.6771,24
1,178,injector_drift,9893.1,0.9077,4356.0,61.8,113.63,964.01,294.91,99.24,27.509,526.71,2.5948,0.2699,0.0,92.86,0.6963,23
1,179,injector_drift,9635.3,0.915,4429.0,64.2,113.38,956.72,296.22,106.04,28.447,524.59,2.5954,0.2768,0.0,107.2,0.7075,22
1,180,injector_drift,9059.1,0.9317,4254.0,61.6,114.05,966.46,288.87,102.41,28.62,549.66,2.7822,0.2471,0.0,96.41,0.719,21
1,181,injector_drift,8549.2,0.9466,4275.0,66.8,111.38,977.82,293.62,103.77,27.912,494.81,2.8566,0.2503,0.0,107.62,0.7342,20
1,182,injector_drift,8359.3,0.9522,4254.0,70.4,114.34,984.72,284.62,102.19,28.839,484.91,2.8899,0.2752,0.0,102.91,0.7483,19
1,183,injector_drift,7838.2,0.9677,4302.0,60.6,113.73,976.96,281.08,102.43,28.417,554.62,3.0082,0.2822,0.0,102.83,0.7626,18
1,184,injector_drift,7582.9,0.9754,4376.0,61.4,113.78,993.53,287.99,105.16,28.279,544.81,2.9915,0.2455,0.0,107.57,0.7753,17
1,185,injector_drift,6956.9,0.9944,4381.0,64.4,116.28,994.89,272.3,104.42,27.902,512.59,3.0943,0.2845,0.0,110.52,0.7937,16
1,186,injector_drift,6320.9,1.0139,4367.0,68.3,117.55,989.85,276.52,106.91,28.797,498.83,3.1481,0.2927,0.0,109.49,0.8079,15
1,187,injector_drift,5872.9,1.0279,4265.0,59.6,118.38,996.79,264.93,107.36,28.324,562.51,3.1805,0.2925,0.0,116.99,0.8227,14
1,188,injector_drift,5897.8,1.0271,4211.0,63.8,118.21,1013.17,286.08,107.53,28.723,533.01,3.2413,0.2871,0.0,113.78,0.8446,13
1,189,injector_drift,5479.4,1.0403,4353.0,68.3,116.5,1019.27,268.44,107.7,28.884,500.77,3.5344,0.2976,0.0,122.41,0.8612,12
1,190,injector_drift,4763.4,1.0631,4322.0,57.6,117.44,990.8,263.37,110.59,28.331,581.97,3.3692,0.308,0.0,119.88,0.8719,11
1,191,injector_drift,4301.1,1.0781,4378.0,58.5,118.63,998.63,261.06,105.76,28.625,579.14,3.4541,0.3202,0.0,117.02,0.8945,10
1,192,injector_drift,4145.0,1.0832,4392.0,60.8,118.2,1023.79,244.58,108.21,29.033,564.8,3.6396,0.3369,0.0,118.1,0.9159,9
1,193,injector_drift,3325.9,1.1101,4358.0,60.3,118.68,1007.26,258.48,110.95,28.767,564.5,3.7106,0.3519,0.0,115.86,0.9344,8
1,194,injector_drift,2923.1,1.1236,4396.0,64.1,120.19,1011.13,244.23,111.59,29.016,535.91,3.6649,0.33,0.0,127.23,0.953,7
1,195,injector_drift,2718.5,1.1305,4364.0,62.1,119.26,1020.39,243.64,106.54,29.157,555.37,3.943,0.3316,0.0,125.45,0.9692,6
1,196,injector_drift,2126.8,1.1506,4382.0,55.8,118.67,1028.21,237.98,109.1,28.033,594.05,3.9255,0.3546,0.0,116.88,0.986,5
1,197,injector_drift,1748.6,1.1635,4308.0,62.5,119.63,1031.56,237.7,112.82,29.458,557.93,3.9359,0.3638,0.0,127.79,1.0052,4
1,198,injector_drift,1287.9,1.1795,4339.0,59.0,121.81,1030.82,239.36,111.61,29.142,584.83,4.2388,0.3502,0.0,128.17,1.0297,3
1,199,injector_drift,925.8,1.1922,4362.0,64.3,121.4,1037.86,231.86,111.4,29.55,543.93,4.2955,0.381,0.0,142.42,1.0505,2
1,200,injector_drift,648.7,1.2019,4399.0,58.4,122.48,1039.83,228.07,111.05,29.645,601.24,4.2621,0.3919,0.0,128.17,1.0743,1
2,0,cooling_degradation,0.0,1.225,4378.0,60.8,93.84,814.51,418.05,89.77,26.397,514.09,0.7612,0.0665,0.0,48.16,0.0216,365
2,1,cooling_degradation,407.5,1.2105,4289.0,58.9,93.74,819.35,418.44,91.11,26.053,523.14,0.6624,0.0893,0.0,40.64,0.0216,364
2,2,cooling_degradation,685.5,1.2006,4440.0,61.4,96.27,815.77,412.67,90.08,25.335,488.51,0.7881,0.0637,0.0,37.46,0.022,363
2,3,cooling_degradation,611.2,1.2032,4310.0,62.9,93.99,809.49,411.68,87.61,26.169,492.4,0.902,0.0695,0.0,42.96,0.022,362
2,4,cooling_degradation,869.0,1.1942,4380.0,60.2,96.15,806.53,422.32,92.42,26.044,512.2,0.8583,0.071,0.0,40.96,0.022,361
2,5,cooling_degradation,1297.1,1.1792,4414.0,66.0,93.79,812.33,405.58,85.01,26.17,469.42,0.8138,0.0342,0.0,49.88,0.0244,360
2,6,cooling_degradation,1096.3,1.1862,4373.0,61.5,96.18,817.88,411.87,89.59,26.227,504.75,0.7326,0.038,0.0,43.89,0.0244,359
2,7,cooling_degradation,1406.8,1.1754,4356.0,61.7,95.0,816.0,415.92,89.25,25.863,495.95,0.8303,0.0356,0.0,43.22,0.0244,358
2,8,cooling_degradation,1884.4,1.1589,4351.0,58.3,97.84,816.23,427.53,90.78,25.664,520.9,0.8932,0.0307,0.0,46.7,0.0244,357
2,9,cooling_degradation,2399.3,1.1413,4347.0,62.4,96.22,820.57,413.25,91.61,25.879,490.67,0.8466,0.0732,0.0,47.66,0.0244,356
2,10,cooling_degradation,2341.7,1.1432,4315.0,60.9,97.58,810.78,413.35,92.74,24.931,484.57,0.8255,0.0631,0.0,46.11,0.0244,355
2,11,cooling_degradation,2662.2,1.1324,4323.0,59.6,94.6,826.92,413.63,89.07,25.629,508.96,0.7485,0.0589,0.0,49.31,0.0245,354
2,12,cooling_degradation,3056.9,1.1191,4439.0,59.2,95.82,812.86,421.1,91.66,25.372,507.04,0.8817,0.0055,0.0,45.25,0.0245,353
2,13,cooling_degradation,3442.5,1.1063,4343.0,69.7,94.28,816.77,399.04,90.88,25.793,437.99,0.5617,0.0985,0.0,43.05,0.0245,352
2,14,cooling_degradation,3279.3,1.1117,4303.0,61.0,95.11,819.76,411.93,87.07,26.32,510.52,0.8429,0.0395,0.0,48.4,0.0245,351
2,15,cooling_degradation,3602.4,1.101,4319.0,57.6,95.34,799.49,433.52,94.29,25.741,529.24,1.0179,0.0984,0.0,41.75,0.0245,350
2,16,cooling_degradation,4117.1,1.0841,4416.0,60.0,94.64,809.06,415.83,87.61,25.672,506.65,0.6916,0.0284,0.0,42.37,0.0245,349
2,17,cooling_degradation,3854.0,1.0927,4391.0,62.0,94.02,825.2,406.15,91.42,25.597,488.33,0.7963,0.0424,0.0,51.2,0.0288,348
2,18,cooling_degradation,4474.8,1.0724,4384.0,64.0,93.73,804.41,412.88,91.36,26.057,482.16,0.815,0.0146,0.0,50.7,0.0288,347
2,19,cooling_degradation,4405.8,1.0747,4335.0,64.1,92.34,827.33,415.99,91.13,26.344,486.32,0.7786,0.0659,0.0,42.55,0.0288,346
2,20,cooling_degradation,4811.6,1.0616,4384.0,64.6,94.26,830.72,418.17,89.59,25.646,469.82,0.8986,0.0366,0.0,40.32,0.0288,345
2,21,cooling_degradation,4997.1,1.0556,4311.0,60.8,96.78,813.76,427.78,92.23,25.745,501.42,0.8534,0.0372,0.0,49.91,0.0288,344
2,22,cooling_degradation,5126.6,1.0515,4334.0,63.8,93.48,820.89,417.69,87.48,26.283,487.19,0.8289,0.0316,0.0,46.71,0.0301,343
2,23,cooling_degradation,5359.4,1.0441,4408.0,60.3,93.82,825.74,408.43,90.47,24.95,489.49,0.8805,0.0746,0.0,44.29,0.0301,342
2,24,cooling_degradation,5784.4,1.0307,4402.0,61.2,98.56,813.5,416.68,89.47,25.756,497.89,0.8181,0.0733,0.0,41.1,0.0301,341
2,25,cooling_degradation,6127.9,1.0199,4291.0,60.4,94.92,823.8,413.33,89.25,25.561,500.41,1.0711,0.0953,0.0,44.37,0.0301,340
2,26,cooling_degradation,6194.3,1.0179,4299.0,59.8,96.35,811.14,410.94,91.46,25.638,507.68,0.8288,0.0453,0.0,42.6,0.0301,339
2,27,cooling_degradation,6459.1,1.0097,4357.0,66.6,96.85,816.13,403.69,92.76,25.904,459.96,0.8324,0.0634,0.0,39.39,0.0301,338
2,28,cooling_degradation,6768.5,1.0001,4454.0,65.6,96.88,813.06,400.01,89.92,26.099,470.5,0.6799,0.0333,0.0,43.36,0.0301,337
2,29,cooling_degradation,6770.9,1.0,4235.0,66.6,93.6,822.69,414.94,92.16,26.873,477.26,0.7733,0.0523,0.0,44.04,0.0301,336
2,30,cooling_degradation,7260.8,0.9851,4367.0,63.9,95.54,827.92,406.63,90.71,25.814,477.71,0.9087,0.0487,0.0,40.86,0.0304,335
2,31,cooling_degradation,7505.5,0.9777,4267.0,66.3,93.46,818.35,420.54,88.82,26.2,467.77,0.7101,0.0684,0.0,47.25,0.0304,334
2,32,cooling_degradation,8005.4,0.9627,4312.0,58.8,99.55,805.91,409.24,90.09,26.432,532.02,0.6443,0.0795,0.0,49.18,0.0304,333
2,33,cooling_degradation,7790.0,0.9691,4328.0,66.8,93.5,811.42,396.76,90.01,25.894,458.79,0.8195,0.0789,0.0,47.58,0.0304,332
2,34,cooling_degradation,8008.8,0.9626,4325.0,64.9,94.32,822.27,409.53,89.21,26.724,487.61,0.9266,0.0423,0.0,41.35,0.0304,331
2,35,cooling_degradation,8423.3,0.9503,4318.0,66.3,94.34,834.64,413.27,91.47,26.089,465.46,0.8205,0.0791,0.0,46.53,0.0306,330
2,36,cooling_degradation,8660.7,0.9433,4350.0,65.7,93.65,822.73,410.84,91.08,26.763,481.96,0.7902,0.0583,0.0,43.14,0.0306,329
2,37,cooling_degradation,8686.7,0.9426,4318.0,61.7,97.92,814.5,425.22,87.43,26.111,500.54,0.6684,0.0527,0.0,36.57,0.0306,328
2,38,cooling_degradation,8935.1,0.9353,4262.0,60.3,99.63,824.02,414.38,87.4,25.865,507.42,0.8573,0.0464,0.0,46.53,0.0351,327
2,39,cooling_degradation,9304.6,0.9246,4397.0,62.8,95.29,817.22,416.62,91.55,25.865,487.37,0.874,0.0493,0.0,43.89,0.0351,326
2,40,cooling_degradation,9326.5,0.9239,4395.0,66.8,94.03,818.08,411.3,89.07,25.879,458.76,0.6785,0.0954,0.0,56.13,0.0351,325
2,41,cooling_degradation,9615.6,0.9156,4401.0,67.3,92.66,813.69,410.89,91.31,26.189,460.82,0.9118,0.0667,0.0,50.45,0.0351,324
2,42,cooling_degradation,9916.4,0.907,4258.0,61.2,95.63,829.6,413.28,92.26,26.154,505.73,0.8823,0.064,0.0,46.72,0.0351,323
2,43,cooling_degradation,10277.4,0.8968,4368.0,62.5,95.53,798.66,412.42,88.16,25.867,489.92,0.9117,0.0553,0.0,44.41,0.0351,322
2,44,cooling_degradation,10261.6,0.8972,4391.0,63.4,95.04,825.88,406.99,87.89,25.8,481.77,0.8681,0.1096,0.0,44.01,0.0355,321
2,45,cooling_degradation,10299.5,0.8961,4288.0,64.6,96.35,816.4,417.72,94.06,25.9,474.51,0.8737,0.0867,0.0,38.18,0.0355,320
2,46,cooling_degradation,10511.1,0.8902,4351.0,61.7,96.61,815.46,412.09,91.42,26.225,503.01,0.8634,0.0463,0.0,34.54,0.0359,319
2,47,cooling_degradation,10831.6,0.8812,4343.0,61.6,96.51,832.25,408.22,89.88,26.314,505.22,0.8912,0.0553,0.0,38.87,0.0359,318
2,48,cooling_degradation,11044.7,0.8753,4461.0,63.6,95.55,813.96,413.96,88.85,25.672,478.02,0.6763,0.0565,0.0,42.99,0.0359,317
2,49,cooling_degradation,11438.8,0.8644,4465.0,66.4,94.38,815.65,410.33,89.7,25.842,460.58,0.7017,0.0637,0.0,32.7,0.0359,316
2,50,cooling_degradation,11503.1,0.8627,4250.0,62.7,97.03,818.31,415.76,88.35,26.042,491.4,0.7633,0.0469,0.0,40.55,0.0363,315
2,51,cooling_degradation,11794.6,0.8547,4500.0,66.0,96.06,824.32,406.85,92.49,26.7,478.55,0.8118,0.0697,0.0,42.03,0.0363,314
2,52,cooling_degradation,12001.6,0.8491,4295.0,69.7,97.41,819.55,415.49,89.2,26.77,454.73,0.8543,0.0903,0.0,42.3,0.0375,313
2,53,cooling_degradation,12268.4,0.8419,4409.0,62.7,97.25,807.01,405.1,92.94,25.393,479.26,0.8492,0.035,0.0,40.07,0.0375,312
2,54,cooling_degradation,12748.8,0.829,4408.0,66.1,93.94,814.38,410.76,89.95,25.992,465.32,0.9126,0.0387,0.0,41.67,0.0375,311
2,55,cooling_degradation,12864.7,0.826,4290.0,69.9,93.93,833.46,412.51,88.66,25.954,439.33,0.9151,0.0516,0.0,52.0,0.0375,310
2,56,cooling_degradation,12981.8,0.8229,4380.0,65.7,95.03,822.49,405.45,89.97,25.979,467.96,0.7569,0.0536,0.0,47.01,0.0411,309
2,57,cooling_degradation,13123.3,0.8191,4344.0,65.3,94.61,825.61,402.96,85.6,26.711,483.74,0.847,0.1027,0.0,41.01,0.0424,308
2,58,cooling_degradation,13339.6,0.8134,4383.0,70.7,97.33,822.57,408.56,90.61,25.82,432.36,0.7601,0.0827,0.0,43.47,0.0424,307
2,59,cooling_degradation,13664.8,0.805,4364.0,66.4,96.72,817.24,415.08,90.51,25.483,454.35,0.8129,0.0816,0.0,43.67,0.0424,306
2,60,cooling_degradation,13913.3,0.7985,4422.0,70.7,97.85,838.1,404.61,92.5,26.06,436.09,0.8537,0.0574,0.0,39.97,0.0424,305
2,61,cooling_degradation,13898.6,0.7989,4355.0,68.8,96.79,822.22,427.27,87.08,26.392,453.93,0.5552,0.057,0.0,39.97,0.0424,304
2,62,cooling_degradation,14248.3,0.7899,4340.0,66.6,96.51,819.08,418.19,93.17,26.393,468.97,1.0208,0.0337,0.0,48.87,0.0424,303
2,63,cooling_degradation,14145.0,0.7925,4416.0,69.2,98.0,832.68,416.91,92.49,26.474,452.88,0.8732,0.0783,0.0,41.72,0.0424,302
2,64,cooling_degradation,14687.4,0.7787,4385.0,68.8,96.9,817.95,415.4,93.35,26.747,460.0,0.7803,0.0725,0.0,38.34,0.0424,301
2,65,cooling_degradation,14974.8,0.7714,4394.0,71.0,96.3,820.08,421.29,90.74,25.705,428.3,0.9821,0.0884,0.0,43.6,0.0424,300
2,66,cooling_degradation,15022.1,0.7703,4310.0,66.4,98.41,822.62,409.64,92.88,26.609,474.07,0.8001,0.0585,0.0,44.4,0.0424,299
2,67,cooling_degradation,15539.2,0.7573,4287.0,68.3,96.37,823.48,400.14,87.91,26.122,452.59,0.8385,0.0599,0.0,33.95,0.0424,298
2,68,cooling_degradation,15336.0,0.7624,4316.0,68.1,95.76,825.62,411.26,92.29,26.53,461.02,0.7897,0.0663,0.0,43.68,0.0432,297
2,69,cooling_degradation,15701.1,0.7533,4313.0,70.5,94.96,841.48,417.44,89.32,25.852,433.92,0.9609,0.0808,0.0,48.22,0.0432,296
2,70,cooling_degradation,15862.3,0.7494,4397.0,65.4,97.3,825.25,410.5,87.59,26.084,471.82,0.8219,0.034,0.0,46.28,0.0447,295
2,71,cooling_degradation,16050.6,0.7447,4409.0,71.7,98.12,806.65,410.67,88.65,26.551,438.49,0.8422,0.0781,0.0,55.18,0.0447,294
2,72,cooling_degradation,16245.3,0.74,4341.0,70.1,96.21,827.78,420.12,90.93,26.83,452.87,0.9278,0.0634,0.0,50.39,0.046,293
2,73,cooling_degradation,16474.1,0.7344,4436.0,64.9,98.36,823.88,408.88,89.36,25.435,464.05,0.8833,0.044,0.0,51.81,0.0507,292
2,74,cooling_degradation,16779.5,0.727,4432.0,72.5,93.46,827.77,411.57,91.77,26.542,432.98,0.8322,0.0235,0.0,58.56,0.0507,291
2,75,cooling_degradation,17052.1,0.7205,4365.0,75.7,96.34,830.98,404.51,87.4,26.287,410.8,0.9253,0.0625,0.0,48.35,0.0507,290
2,76,cooling_degradation,17037.0,0.7209,4301.0,72.1,96.35,826.99,406.77,86.76,26.708,438.17,1.0396,0.0942,0.0,45.38,0.0507,289
2,77,cooling_degradation,17350.3,0.7134,4445.0,73.5,95.37,827.91,415.49,93.8,26.906,433.15,0.864,0.0993,0.0,49.6,0.0526,288
2,78,cooling_degradation,17312.0,0.7143,4346.0,69.6,100.03,831.27,411.32,92.86,26.874,457.04,0.8479,0.0729,0.0,41.94,0.0526,287
2,79,cooling_degradation,17720.3,0.7047,4358.0,64.4,96.34,819.46,406.41,88.95,25.837,474.44,0.8523,0.105,0.0,45.27,0.0526,286
2,80,cooling_degradation,17677.8,0.7057,4330.0,64.0,95.83,815.99,407.82,91.05,26.395,488.08,0.9434,0.0649,0.0,41.5,0.0526,285
2,81,cooling_degradation,18141.1,0.6949,4297.0,70.4,96.49,850.96,409.31,93.09,26.952,453.1,0.7907,0.0848,0.0,46.72,0.0526,284
2,82,cooling_degradation,18493.2,0.6867,4262.0,68.0,93.45,819.82,410.68,91.89,25.604,445.9,0.8163,0.0568,0.0,41.47,0.0526,283
2,83,cooling_degradation,18326.1,0.6906,4388.0,67.1,95.34,826.16,400.74,91.37,26.458,466.75,0.7168,0.0558,0.0,41.4,0.0537,282
2,84,cooling_degradation,18196.9,0.6936,4303.0,69.7,98.0,815.14,403.34,93.3,26.762,454.16,0.7473,0.0531,0.0,47.07,0.0556,281
2,85,cooling_degradation,18623.6,0.6837,4534.0,71.9,95.59,829.1,399.64,89.65,26.403,434.78,0.8005,0.0255,0.0,44.32,0.0556,280
2,86,cooling_degradation,19069.2,0.6735,4285.0,65.8,95.28,817.65,409.69,91.17,25.656,461.72,0.8375,0.0924,0.0,35.37,0.0556,279
2,87,cooling_degradation,19144.6,0.6718,4275.0,68.9,98.59,823.95,419.73,91.15,26.717,459.12,0.9878,0.055,0.0,38.07,0.0594,278
2,88,cooling_degradation,19274.8,0.6689,4381.0,74.8,98.64,838.84,409.54,90.64,26.218,414.61,0.8892,0.0518,0.0,39.61,0.0594,277
2,89,cooling_degradation,19563.2,0.6624,4442.0,67.2,97.39,830.42,406.32,90.41,26.167,461.0,0.7733,0.0442,0.0,40.93,0.0594,276
2,90,cooling_degradation,19657.5,0.6603,4354.0,73.1,95.95,834.16,404.66,91.33,26.578,430.27,0.7881,0.0637,0.0,47.42,0.0594,275
2,91,cooling_degradation,19939.0,0.654,4384.0,69.1,96.26,813.46,406.87,91.26,26.642,456.08,0.9563,0.1031,0.0,46.44,0.0594,274
2,92,cooling_degradation,20064.3,0.6513,4239.0,72.3,95.42,843.91,417.01,89.09,26.296,430.35,0.9364,0.1097,0.0,50.67,0.0594,273
2,93,cooling_degradation,20323.2,0.6456,4309.0,74.1,95.22,821.28,415.05,92.86,26.389,421.69,0.8525,0.0356,0.0,49.4,0.0627,272
2,94,cooling_degradation,20315.9,0.6457,4286.0,73.1,95.15,842.56,411.38,89.3,26.644,431.47,0.8148,0.0617,0.0,51.0,0.0627,271
2,95,cooling_degradation,20563.4,0.6403,4236.0,73.7,95.79,838.8,420.88,90.82,27.042,434.4,0.9402,0.0481,0.0,48.68,0.0627,270
2,96,cooling_degradation,20545.6,0.6407,4357.0,67.6,95.15,832.19,408.42,90.66,27.189,476.15,0.7707,0.0886,0.0,46.69,0.0627,269
2,97,cooling_degradation,20664.0,0.6381,4215.0,74.5,94.37,824.18,420.2,91.97,26.084,414.57,0.8816,0.0745,0.0,51.14,0.0627,268
2,98,cooling_degradation,21171.2,0.6271,4271.0,68.6,97.03,829.32,409.75,87.02,26.464,456.23,1.032,0.0561,0.0,50.24,0.0627,267
2,99,cooling_degradation,21107.1,0.6285,4318.0,72.1,97.09,826.26,399.29,93.05,26.112,428.78,0.8677,0.0705,0.0,47.6,0.0636,266
2,100,cooling_degradation,21353.3,0.6232,4300.0,72.1,99.29,830.3,412.66,89.92,26.959,442.2,0.7893,0.0595,0.0,52.08,0.0636,265
2,101,cooling_degradation,21407.4,0.6221,4374.0,72.9,95.73,828.45,411.72,93.71,26.222,425.6,0.8841,0.1014,0.0,33.99,0.0636,264
2,102,cooling_degradation,21455.6,0.6211,4368.0,72.6,97.18,813.96,411.09,90.32,26.306,429.09,0.8137,0.08,0.0,44.27,0.0636,263
2,103,cooling_degradation,21698.4,0.6159,4404.0,69.1,97.2,837.51,408.41,91.17,26.132,447.61,0.7398,0.0825,0.0,44.19,0.0636,262
2,104,cooling_degradation,22063.7,0.6082,4395.0,67.7,96.34,827.17,404.21,95.1,26.251,459.19,0.9074,0.0157,0.0,51.49,0.0636,261
2,105,cooling_degradation,22081.5,0.6078,4418.0,74.4,97.86,827.31,400.29,90.72,26.816,426.53,0.9407,0.0677,0.0,53.58,0.0636,260
2,106,cooling_degradation,21889.8,0.6119,4350.0,72.4,97.9,825.72,411.87,93.75,26.761,437.3,0.8264,0.1107,0.0,38.47,0.0636,259
2,107,cooling_degradation,22260.8,0.6041,4368.0,75.4,97.32,835.35,409.55,91.42,26.756,420.0,0.8256,0.0967,0.0,53.1,0.0672,258
2,108,cooling_degradation,22705.5,0.5948,4381.0,71.9,96.48,823.95,402.7,92.21,26.022,428.39,0.7809,0.0337,0.0,40.34,0.0689,257
2,109,cooling_degradation,22549.4,0.5981,4358.0,67.9,96.32,811.06,413.83,91.52,26.605,463.83,0.8459,0.0644,0.0,40.49,0.0689,256
2,110,cooling_degradation,22453.0,0.6001,4326.0,75.1,94.82,835.95,403.49,93.07,26.724,421.28,0.8129,0.0466,0.0,45.03,0.0689,255
2,111,cooling_degradation,23147.0,0.5858,4330.0,71.1,95.66,834.88,405.1,90.01,26.974,448.74,0.777,0.1049,0.0,44.61,0.0689,254
2,112,cooling_degradation,23103.7,0.5867,4301.0,73.3,95.94,830.31,419.81,89.42,26.36,425.31,1.0097,0.0757,0.0,38.44,0.0692,253
2,113,cooling_degradation,23127.4,0.5862,4375.0,70.5,95.19,821.27,411.48,90.11,25.829,433.86,0.8956,0.0554,0.0,49.48,0.0692,252
2,114,cooling_degradation,23217.1,0.5844,4344.0,77.4,97.55,834.64,405.67,91.58,26.873,410.88,0.9041,0.0715,0.0,49.63,0.0692,251
2,115,cooling_degradation,23568.3,0.5773,4310.0,69.9,98.78,819.45,410.45,91.03,26.971,456.57,0.9347,0.02,0.0,51.9,0.0737,250
2,116,cooling_degradation,23456.0,0.5795,4310.0,71.6,95.62,823.79,409.65,92.89,26.618,439.97,0.9257,0.0504,0.0,44.46,0.0737,249
2,117,cooling_degradation,23839.2,0.5718,4277.0,73.0,97.53,827.69,393.09,94.17,26.574,430.79,0.8369,0.0742,0.0,46.84,0.0782,248
2,118,cooling_degradation,23876.2,0.5711,4409.0,69.5,95.54,838.68,397.56,89.61,26.094,444.5,0.8917,0.0904,0.0,46.88,0.0782,247
2,119,cooling_degradation,23957.7,0.5694,4355.0,73.8,96.64,831.2,405.39,90.1,27.405,439.42,0.8484,0.0346,0.0,55.47,0.0782,246
2,120,cooling_degradation,24067.2,0.5673,4298.0,77.7,96.07,832.48,406.38,88.69,26.525,403.9,0.905,0.0658,0.0,32.87,0.0782,245
2,121,cooling_degradation,24141.7,0.5658,4399.0,71.5,98.0,848.58,404.98,95.62,26.272,434.99,0.8973,0.0936,0.0,42.25,0.0782,244
2,122,cooling_degradation,24445.6,0.5598,4316.0,74.2,96.09,837.15,414.36,92.18,26.954,429.91,0.8395,0.0445,0.0,47.08,0.0783,243
2,123,cooling_degradation,24278.0,0.5631,4266.0,64.8,98.66,832.85,407.79,92.57,25.429,464.21,0.7668,0.0788,0.0,41.82,0.0806,242
2,124,cooling_degradation,24281.7,0.563,4411.0,73.0,96.79,831.28,396.09,88.93,27.173,440.38,0.8849,0.0755,0.0,45.96,0.0806,241
2,125,cooling_degradation,24732.5,0.5541,4318.0,72.3,96.18,829.08,409.06,91.61,26.867,440.01,0.8568,0.1085,0.0,46.62,0.0806,240
2,126,cooling_degradation,24848.6,0.5519,4325.0,70.8,95.28,815.64,404.77,92.63,26.89,449.43,0.7219,0.0696,0.0,43.96,0.0806,239
2,127,cooling_degradation,24937.6,0.5501,4352.0,76.6,97.55,843.76,404.44,91.11,27.099,418.86,0.9138,0.0707,0.0,47.57,0.0806,238
2,128,cooling_degradation,25036.6,0.5482,4419.0,72.4,98.5,837.51,400.32,93.76,26.562,434.16,0.9504,0.0913,0.0,50.39,0.0806,237
2,129,cooling_degradation,25035.4,0.5483,4351.0,72.9,97.71,833.99,417.87,96.35,26.251,426.12,1.0833,0.0493,0.0,46.58,0.0862,236
2,130,cooling_degradation,25307.8,0.543,4278.0,72.4,100.66,834.05,394.63,89.83,26.588,434.82,0.8497,0.0715,0.0,45.49,0.0862,235
2,131,cooling_degradation,25287.1,0.5434,4383.0,67.8,99.44,838.76,400.52,89.68,25.98,453.47,0.8379,0.0668,0.0,46.93,0.0862,234
2,132,cooling_degradation,25323.3,0.5427,4321.0,70.2,96.83,821.64,405.91,89.97,26.709,450.2,0.7923,0.0731,0.0,47.72,0.0862,233
2,133,cooling_degradation,25450.1,0.5403,4463.0,76.5,96.95,833.55,393.29,95.03,27.233,421.06,0.9044,0.0942,0.0,39.48,0.0909,232
2,134,cooling_degradation,25898.7,0.5317,4350.0,67.4,98.11,824.6,409.04,93.9,26.952,473.35,0.9039,0.0884,0.0,50.49,0.0909,231
2,135,cooling_degradation,25432.1,0.5406,4216.0,71.5,96.16,849.9,415.22,91.55,26.755,443.05,0.8228,0.0623,0.0,45.93,0.0909,230
2,136,cooling_degradation,25862.2,0.5324,4371.0,72.6,99.17,843.31,402.28,91.89,27.045,440.76,0.8737,0.08,0.0,54.49,0.0909,229
2,137,cooling_degradation,25628.3,0.5369,4467.0,79.1,97.97,821.92,396.18,90.18,26.945,403.15,0.7294,0.1071,0.0,51.14,0.0909,228
2,138,cooling_degradation,25954.9,0.5307,4445.0,76.2,97.91,826.9,397.5,93.68,26.714,414.79,0.9678,0.0619,0.0,54.4,0.095,227
2,139,cooling_degradation,25995.2,0.5299,4460.0,72.3,98.55,835.99,396.78,91.14,26.859,439.71,0.8321,0.0814,0.0,43.5,0.095,226
2,140,cooling_degradation,25834.7,0.5329,4289.0,77.9,100.16,836.49,405.15,91.42,26.86,407.93,0.8937,0.0752,0.0,46.86,0.0969,225
2,141,cooling_degradation,26291.0,0.5243,4405.0,71.8,97.82,826.63,398.7,93.15,26.757,440.82,0.7823,0.0778,0.0,42.5,0.0969,224
2,142,cooling_degradation,26259.0,0.5249,4307.0,77.1,97.46,855.92,405.84,91.61,26.55,407.39,0.8532,0.0471,0.0,45.39,0.0991,223
2,143,cooling_degradation,26082.4,0.5282,4363.0,70.1,99.88,839.33,406.01,91.51,26.198,442.5,0.8775,0.1079,0.0,55.18,0.0991,222
2,144,cooling_degradation,26602.6,0.5185,4274.0,77.4,99.09,844.38,398.53,92.01,27.247,416.57,0.8995,0.0644,0.0,56.39,0.0995,221
2,145,cooling_degradation,26769.4,0.5154,4311.0,73.0,97.17,833.0,397.6,93.59,27.086,439.05,0.9398,0.1006,0.0,43.27,0.1001,220
2,146,cooling_degradation,26853.1,0.5139,4309.0,71.2,97.67,843.57,393.37,95.31,26.23,436.09,1.0177,0.0679,0.0,46.79,0.1009,219
2,147,cooling_degradation,26756.9,0.5157,4404.0,73.7,97.97,836.05,404.29,93.19,27.042,434.49,0.9616,0.0678,0.0,48.73,0.1012,218
2,148,cooling_degradation,26781.5,0.5152,4398.0,75.2,98.22,837.58,400.88,93.63,26.652,419.56,0.98,0.1046,0.0,52.04,0.1012,217
2,149,cooling_degradation,27043.3,0.5104,4367.0,72.9,95.81,845.12,402.74,91.76,26.759,434.41,1.0295,0.1023,0.0,40.93,0.1081,216
2,150,cooling_degradation,27164.0,0.5082,4269.0,76.1,95.54,828.79,396.01,90.75,27.51,427.93,0.9593,0.0866,0.0,41.72,0.1081,215
2,151,cooling_degradation,27147.2,0.5085,4331.0,72.7,96.52,852.91,412.18,93.47,27.064,440.53,0.9108,0.0977,0.0,52.18,0.1081,214
2,152,cooling_degradation,26899.5,0.513,4305.0,76.3,96.41,843.42,399.12,92.5,27.278,422.82,0.9945,0.0767,0.0,39.99,0.1081,213
2,153,cooling_degradation,27132.5,0.5087,4402.0,75.8,96.89,851.97,398.93,89.32,27.693,432.1,0.9997,0.0823,0.0,47.5,0.1082,212
2,154,cooling_degradation,27227.7,0.507,4421.0,74.4,98.8,832.38,402.12,91.51,26.559,422.64,0.9657,0.0692,0.0,50.55,0.1082,211
2,155,cooling_degradation,26947.9,0.5121,4413.0,73.3,97.65,833.5,391.06,92.04,26.387,426.27,0.8008,0.1012,0.0,52.0,0.1103,210
2,156,cooling_degradation,27345.2,0.5049,4305.0,75.1,98.2,832.5,399.14,91.18,26.601,419.37,0.8499,0.0692,0.0,49.22,0.1103,209
2,157,cooling_degradation,27669.2,0.499,4186.0,76.3,96.07,844.41,409.44,95.17,26.862,416.68,0.8952,0.1128,0.0,48.1,0.1103,208
2,158,cooling_degradation,27475.7,0.5025,4244.0,80.9,97.29,845.82,422.1,93.22,26.305,385.02,0.9839,0.0776,0.0,54.39,0.113,207
2,159,cooling_degradation,27650.2,0.4993,4435.0,77.5,98.86,839.9,397.2,95.01,26.963,411.67,0.9199,0.0843,0.0,51.6,0.113,206
2,160,cooling_degradation,27504.0,0.502,4326.0,77.6,98.87,835.57,410.5,92.79,26.837,409.02,1.0125,0.0991,0.0,46.94,0.113,205
2,161,cooling_degradation,27511.0,0.5019,4305.0,84.0,97.01,837.65,408.4,92.51,27.764,391.11,1.0336,0.0856,0.0,50.73,0.1172,204
2,162,cooling_degradation,27622.5,0.4998,4449.0,76.3,98.38,844.06,395.77,90.52,27.138,420.84,1.0281,0.0799,0.0,52.67,0.1195,203
2,163,cooling_degradation,27484.2,0.5023,4426.0,76.2,101.47,841.0,388.5,92.44,26.758,415.33,1.031,0.0857,0.0,59.47,0.1209,202
2,164,cooling_degradation,27501.2,0.502,4351.0,76.9,98.19,839.9,404.26,92.47,27.28,419.69,0.854,0.1046,0.0,54.94,0.1224,201
2,165,cooling_degradation,27872.9,0.4953,4332.0,71.8,97.16,855.2,389.87,89.71,27.026,445.43,0.9756,0.0735,0.0,57.09,0.1224,200
2,166,cooling_degradation,27924.0,0.4944,4342.0,73.5,97.95,843.02,407.98,91.37,26.532,427.09,0.8884,0.0842,0.0,47.96,0.1224,199
2,167,cooling_degradation,27602.5,0.5002,4364.0,73.3,98.55,855.57,397.01,91.97,26.661,430.16,0.8191,0.0894,0.0,49.13,0.1306,198
2,168,cooling_degradation,27927.4,0.4944,4446.0,76.8,98.19,842.88,375.79,93.44,26.177,403.22,0.9281,0.1065,0.0,50.58,0.1306,197
2,169,cooling_degradation,27798.1,0.4967,4375.0,74.4,98.37,847.88,393.18,93.54,26.483,421.39,1.057,0.0872,0.0,51.04,0.1306,196
2,170,cooling_degradation,27889.1,0.495,4394.0,75.3,96.25,845.96,398.23,91.45,26.68,419.15,0.9879,0.1254,0.0,46.72,0.1306,195
2,171,cooling_degradation,27932.0,0.4943,4420.0,78.2,96.98,834.25,391.56,93.55,27.178,411.36,1.1125,0.0861,0.0,58.09,0.1306,194
2,172,cooling_degradation,28034.9,0.4924,4280.0,77.5,98.2,858.93,404.29,92.25,26.731,408.03,0.9652,0.0844,0.0,56.17,0.1306,193
2,173,cooling_degradation,27918.9,0.4945,4395.0,74.5,98.27,845.82,388.36,86.96,26.734,424.88,1.1543,0.087,0.0,50.61,0.1349,192
2,174,cooling_degradation,28136.6,0.4906,4332.0,72.9,97.67,852.16,388.74,91.73,26.36,427.62,0.973,0.0642,0.0,55.36,0.135,191
2,175,cooling_degradation,27988.1,0.4933,4199.0,78.4,98.27,842.88,402.81,94.86,27.244,411.37,0.9606,0.0698,0.0,53.27,0.135,190
2,176,cooling_degradation,28049.8,0.4922,4222.0,77.3,98.62,847.04,402.27,89.34,27.281,417.67,0.8565,0.0799,0.0,55.75,0.135,189
2,177,cooling_degradation,27843.6,0.4959,4289.0,70.2,99.97,838.93,395.77,93.02,26.861,453.05,1.0564,0.1147,0.0,45.87,0.1399,188
2,178,cooling_degradation,28302.8,0.4877,4382.0,74.0,98.5,857.7,400.58,95.97,26.938,430.51,0.9273,0.0913,0.0,51.87,0.1399,187
2,179,cooling_degradation,28057.8,0.492,4357.0,75.5,99.34,851.81,388.73,91.35,26.415,414.1,0.9222,0.0834,0.0,52.63,0.1435,186
2,180,cooling_degradation,28100.5,0.4913,4361.0,77.3,98.13,854.97,394.03,93.04,26.923,412.0,1.0915,0.12,0.0,56.77,0.1517,185
2,181,cooling_degradation,27756.4,0.4974,4467.0,77.7,99.81,863.1,387.25,90.43,27.032,411.56,1.0817,0.1265,0.0,50.51,0.1517,184
2,182,cooling_degradation,27876.3,0.4953,4274.0,75.9,99.51,860.54,387.17,96.29,26.921,420.01,1.0796,0.1206,0.0,41.15,0.1517,183
2,183,cooling_degradation,28185.4,0.4898,4348.0,76.8,100.24,857.87,384.87,92.87,27.166,418.85,0.96,0.0784,0.0,48.24,0.1517,182
2,184,cooling_degradation,28040.7,0.4923,4368.0,75.2,100.01,839.59,391.86,93.13,27.613,434.59,0.9849,0.0856,0.0,53.34,0.1517,181
2,185,cooling_degradation,27706.5,0.4983,4306.0,73.0,99.82,844.29,406.8,95.74,27.234,441.66,0.9842,0.1318,0.0,53.97,0.1517,180
2,186,cooling_degradation,28143.0,0.4905,4352.0,74.2,98.94,843.7,395.06,94.47,26.608,424.33,1.0624,0.102,0.0,62.59,0.1574,179
2,187,cooling_degradation,27897.4,0.4949,4254.0,75.0,99.45,857.97,386.11,91.4,27.325,430.9,1.1241,0.0919,0.0,57.08,0.1574,178
2,188,cooling_degradation,28180.3,0.4898,4435.0,74.9,100.68,853.43,368.77,91.85,27.3,431.46,1.0293,0.1116,0.0,54.57,0.1574,177
2,189,cooling_degradation,27943.0,0.4941,4309.0,69.3,98.12,838.34,397.97,94.15,26.39,450.54,1.1593,0.1176,0.0,54.08,0.1582,176
2,190,cooling_degradation,27972.4,0.4936,4472.0,73.8,98.16,850.18,384.85,91.92,27.32,438.23,1.0731,0.086,0.0,59.76,0.1582,175
2,191,cooling_degradation,28101.9,0.4912,4348.0,75.1,99.39,840.49,398.41,88.94,26.998,425.28,0.9832,0.1019,0.0,51.32,0.1585,174
2,192,cooling_degradation,27771.8,0.4972,4412.0,74.1,99.87,852.67,382.14,93.17,26.456,422.49,1.0785,0.1177,0.0,54.04,0.1638,173
2,193,cooling_degradation,27736.8,0.4978,4347.0,74.2,98.01,839.9,392.77,90.32,27.207,433.95,1.1487,0.0759,0.0,49.3,0.1638,172
2,194,cooling_degradation,27833.5,0.496,4348.0,76.4,99.18,858.82,395.4,96.54,27.249,422.14,1.1751,0.0999,0.0,61.98,0.1654,171
2,195,cooling_degradation,27962.2,0.4937,4315.0,71.7,99.18,855.63,388.98,93.7,26.794,442.4,1.1136,0.0779,0.0,57.0,0.1671,170
2,196,cooling_degradation,27611.6,0.5,4357.0,70.0,96.14,868.31,385.96,91.65,26.791,452.84,1.0321,0.0822,0.0,52.02,0.1729,169
2,197,cooling_degradation,27532.0,0.5015,4369.0,73.8,99.14,861.74,388.07,92.06,26.748,428.69,1.0127,0.0906,0.0,54.99,0.1729,168
2,198,cooling_degradation,27874.8,0.4953,4303.0,77.2,99.28,853.61,394.18,89.71,27.485,421.55,1.0796,0.1119,0.0,58.26,0.1746,167
2,199,cooling_degradation,27627.7,0.4997,4342.0,79.9,99.39,865.85,388.09,91.38,27.403,405.82,1.176,0.0972,0.0,54.84,0.1789,166
2,200,cooling_degradation,27624.1,0.4998,4313.0,77.2,101.75,846.76,395.48,95.61,27.323,418.98,1.0768,0.0907,0.0,53.43,0.1789,165
2,201,cooling_degradation,27367.3,0.5045,4488.0,70.4,97.82,847.14,377.9,98.07,26.998,453.8,1.0811,0.1051,0.0,52.94,0.1802,164
2,202,cooling_degradation,27504.7,0.502,4345.0,74.1,98.52,860.28,379.11,95.14,26.629,425.33,1.0575,0.0824,0.0,58.29,0.1844,163
2,203,cooling_degradation,27564.1,0.5009,4443.0,75.5,95.91,841.64,393.56,93.56,26.829,420.33,1.0326,0.1147,0.0,55.04,0.187,162
2,204,cooling_degradation,27661.5,0.4991,4338.0,75.3,99.1,858.48,383.3,92.88,26.287,413.26,1.0458,0.1287,0.0,54.56,0.187,161
2,205,cooling_degradation,27360.9,0.5046,4366.0,76.3,99.29,851.66,381.73,91.87,27.469,425.84,1.0745,0.1052,0.0,50.36,0.1893,160
2,206,cooling_degradation,27677.8,0.4988,4271.0,71.9,99.11,858.44,389.49,97.91,26.494,435.82,1.2011,0.1028,0.0,57.43,0.1893,159
2,207,cooling_degradation,27277.1,0.5061,4323.0,74.9,101.58,850.77,387.42,93.44,27.212,430.17,1.0473,0.1147,0.0,56.26,0.1907,158
2,208,cooling_degradation,27225.8,0.507,4363.0,75.9,101.39,864.85,381.46,98.19,27.395,427.13,1.0856,0.0688,0.0,56.19,0.1977,157
2,209,cooling_degradation,27505.4,0.502,4445.0,77.1,100.24,862.46,379.33,96.77,27.562,423.13,1.0147,0.1204,0.0,58.9,0.1989,156
2,210,cooling_degradation,27251.0,0.5066,4363.0,72.2,99.62,871.53,382.89,90.54,26.552,435.43,1.146,0.1724,0.0,61.84,0.2011,155
2,211,cooling_degradation,27079.0,0.5097,4433.0,73.5,101.76,861.43,380.39,92.72,27.095,436.16,1.2016,0.1084,0.0,61.76,0.2028,154
2,212,cooling_degradation,27079.0,0.5097,4388.0,66.4,100.21,852.01,367.15,92.75,27.368,487.71,1.2255,0.1089,0.0,61.15,0.2043,153
2,213,cooling_degradation,27243.7,0.5067,4448.0,72.6,99.13,860.21,388.87,94.01,27.773,452.58,1.121,0.1274,0.0,57.56,0.2085,152
2,214,cooling_degradation,27197.1,0.5076,4346.0,72.9,97.86,852.22,381.22,94.11,27.508,446.68,1.1572,0.1464,0.0,56.2,0.2115,151
2,215,cooling_degradation,26789.1,0.5151,4493.0,71.4,99.82,865.95,377.84,100.27,27.165,450.51,1.1039,0.1336,0.0,54.02,0.2137,150
2,216,cooling_degradation,26837.7,0.5142,4321.0,74.9,101.63,869.18,374.71,92.12,26.839,424.18,1.1585,0.071,0.0,56.27,0.2137,149
2,217,cooling_degradation,26788.1,0.5151,4304.0,74.2,104.06,885.21,379.9,94.85,27.507,438.87,1.155,0.1272,0.0,59.88,0.2198,148
2,218,cooling_degradation,26555.1,0.5194,4277.0,67.5,100.72,857.15,380.02,95.63,26.758,468.94,1.1345,0.1674,0.0,55.85,0.2198,147
2,219,cooling_degradation,26621.2,0.5182,4490.0,74.9,99.56,864.23,381.8,94.44,27.497,434.39,1.1466,0.1292,0.0,60.49,0.2224,146
2,220,cooling_degradation,26554.9,0.5194,4399.0,71.4,98.96,860.34,373.75,94.7,26.816,444.22,1.1748,0.094,0.0,55.31,0.2237,145
2,221,cooling_degradation,26647.7,0.5177,4330.0,75.6,101.63,869.26,384.85,92.43,27.261,426.5,1.1205,0.1235,0.0,52.04,0.2261,144
2,222,cooling_degradation,26578.4,0.519,4425.0,70.3,98.15,867.94,371.65,94.73,27.075,455.8,1.1246,0.0922,0.0,64.45,0.2261,143
2,223,cooling_degradation,26266.6,0.5248,4391.0,74.2,101.79,867.81,373.38,95.67,27.363,436.5,1.2952,0.1444,0.0,58.55,0.2324,142
2,224,cooling_degradation,26200.6,0.526,4468.0,73.2,102.41,878.4,369.17,95.48,27.435,443.52,1.3964,0.1033,0.0,57.54,0.2414,141
2,225,cooling_degradation,26247.1,0.5252,4257.0,74.9,101.84,865.63,388.89,95.97,27.108,428.22,1.0832,0.1239,0.0,56.26,0.2414,140
2,226,cooling_degradation,25972.5,0.5303,4334.0,74.3,100.85,878.17,366.0,97.65,26.768,426.15,1.0788,0.1053,0.0,63.84,0.2414,139
2,227,cooling_degradation,26059.5,0.5287,4322.0,73.1,102.03,873.99,370.04,96.7,27.884,451.12,1.103,0.1115,0.0,68.6,0.2414,138
2,228,cooling_degradation,25867.0,0.5323,4232.0,69.3,101.44,867.74,370.7,94.98,27.998,478.42,1.1723,0.1523,0.0,59.75,0.2419,137
2,229,cooling_degradation,25641.8,0.5366,4414.0,69.4,100.24,867.31,365.18,92.67,27.219,464.26,1.2732,0.1273,0.0,61.48,0.2506,136
2,230,cooling_degradation,25548.8,0.5384,4334.0,72.0,104.19,890.56,370.83,93.81,26.668,438.26,1.2488,0.114,0.0,67.91,0.2506,135
2,231,cooling_degradation,25812.6,0.5333,4394.0,73.7,100.89,865.45,362.98,94.57,26.989,433.45,1.2153,0.1023,0.0,53.5,0.2506,134
2,232,cooling_degradation,25473.5,0.5398,4492.0,71.8,102.57,873.44,363.4,95.52,27.391,451.25,1.2438,0.0878,0.0,72.39,0.2506,133
2,233,cooling_degradation,25642.4,0.5366,4329.0,75.5,97.89,867.78,363.12,94.14,27.957,438.32,1.1561,0.1014,0.0,75.15,0.2547,132
2,234,cooling_degradation,25216.9,0.5447,4325.0,72.7,103.43,886.69,369.3,93.22,26.769,435.68,1.1919,0.1287,0.0,49.4,0.2547,131
2,235,cooling_degradation,25233.3,0.5444,4357.0,70.6,103.96,880.61,379.22,92.92,27.112,454.47,1.234,0.149,0.0,63.33,0.2646,130
2,236,cooling_degradation,25442.4,0.5404,4409.0,72.6,102.04,871.16,370.14,92.18,27.394,446.52,1.1322,0.121,0.0,61.07,0.274,129
2,237,cooling_degradation,24816.9,0.5525,4316.0,74.1,102.84,881.41,373.5,95.01,27.748,443.42,1.1661,0.1636,0.0,63.34,0.274,128
2,238,cooling_degradation,24580.9,0.5571,4312.0,74.3,102.84,879.49,366.55,92.54,27.279,434.52,1.1693,0.1179,0.0,62.57,0.274,127
2,239,cooling_degradation,24946.9,0.55,4413.0,78.9,101.12,876.3,357.72,93.54,27.078,406.17,1.3281,0.1284,0.0,69.01,0.2772,126
2,240,cooling_degradation,24516.3,0.5584,4373.0,71.2,102.89,882.64,362.14,94.76,27.49,456.96,1.2866,0.1116,0.0,64.38,0.2772,125
2,241,cooling_degradation,24521.9,0.5583,4227.0,72.9,101.04,882.16,374.67,93.02,27.821,451.52,1.3344,0.1552,0.0,61.05,0.2845,124
2,242,cooling_degradation,24319.9,0.5623,4276.0,74.4,101.35,881.49,377.68,96.45,27.424,436.48,1.1383,0.1773,0.0,64.74,0.2845,123
2,243,cooling_degradation,24329.0,0.5621,4440.0,72.9,103.96,878.81,369.63,97.18,27.536,446.75,1.1679,0.1002,0.0,68.21,0.2849,122
2,244,cooling_degradation,24025.4,0.5681,4374.0,71.4,103.84,882.84,370.48,94.69,27.11,449.05,1.3513,0.1299,0.0,60.13,0.2894,121
2,245,cooling_degradation,24018.4,0.5682,4304.0,68.2,101.46,880.94,364.69,95.03,26.79,464.63,1.0915,0.1639,0.0,58.36,0.2954,120
2,246,cooling_degradation,23988.5,0.5688,4340.0,71.3,101.43,881.17,367.43,96.99,27.722,460.25,1.4125,0.1098,0.0,76.58,0.2957,119
2,247,cooling_degradation,23643.6,0.5757,4351.0,69.5,101.62,875.23,364.37,94.54,27.37,465.88,1.1751,0.1508,0.0,63.62,0.2981,118
2,248,cooling_degradation,23562.0,0.5774,4394.0,67.5,103.79,893.82,362.16,94.48,27.304,478.72,1.3995,0.1651,0.0,66.52,0.3023,117
2,249,cooling_degradation,23485.2,0.5789,4269.0,70.2,101.2,873.25,381.85,98.44,27.873,469.73,1.2612,0.1423,0.0,65.23,0.3025,116
2,250,cooling_degradation,23191.6,0.5849,4300.0,69.4,103.45,886.51,356.0,97.99,26.83,457.53,1.4385,0.1543,0.0,70.72,0.3108,115
2,251,cooling_degradation,23209.4,0.5845,4366.0,74.2,104.04,882.93,361.82,97.42,27.32,435.63,1.6112,0.1785,0.0,76.84,0.3108,114
2,252,cooling_degradation,23155.7,0.5856,4344.0,74.2,102.9,900.52,370.84,98.15,27.618,440.5,1.1844,0.1835,0.0,71.27,0.3152,113
2,253,cooling_degradation,22941.4,0.59,4384.0,69.6,104.71,878.48,351.48,92.49,27.079,460.36,1.4411,0.1454,0.0,61.41,0.3223,112
2,254,cooling_degradation,22822.4,0.5924,4276.0,71.5,102.8,881.23,361.43,99.2,27.737,459.3,1.2467,0.1367,0.0,62.28,0.3244,111
2,255,cooling_degradation,22720.1,0.5945,4371.0,66.6,103.03,877.89,356.56,97.36,27.072,481.06,1.4376,0.1303,0.0,67.6,0.3289,110
2,256,cooling_degradation,22483.1,0.5994,4415.0,70.6,101.94,890.61,355.89,98.63,26.997,452.44,1.3915,0.1687,0.0,68.4,0.3305,109
2,257,cooling_degradation,22541.8,0.5982,4379.0,73.2,105.12,879.95,348.15,97.53,27.602,446.14,1.4388,0.1239,0.0,61.8,0.3379,108
2,258,cooling_degradation,22508.5,0.5989,4358.0,74.4,102.52,888.36,361.81,96.91,27.726,440.92,1.3637,0.1472,0.0,74.77,0.3408,107
2,259,cooling_degradation,22076.8,0.6079,4344.0,69.7,104.24,873.12,362.53,96.31,27.758,471.14,1.5055,0.155,0.0,65.45,0.3431,106
2,260,cooling_degradation,22071.0,0.608,4300.0,74.9,103.75,896.02,362.86,97.7,27.873,440.16,1.3419,0.1444,0.0,78.81,0.3483,105
2,261,cooling_degradation,21812.3,0.6135,4346.0,67.2,102.34,886.92,351.71,96.41,27.444,483.62,1.5664,0.1611,0.0,80.75,0.3516,104
2,262,cooling_degradation,21751.6,0.6148,4426.0,67.9,103.02,879.44,353.41,98.77,27.432,478.26,1.4351,0.2068,0.0,70.43,0.3519,103
2,263,cooling_degradation,21778.5,0.6142,4343.0,73.7,106.05,903.19,351.41,93.89,27.581,443.05,1.359,0.1535,0.0,73.97,0.353,102
2,264,cooling_degradation,21465.2,0.6209,4297.0,76.5,104.51,887.47,355.47,96.16,27.57,426.65,1.6253,0.15,0.0,66.44,0.3623,101
2,265,cooling_degradation,20966.6,0.6315,4320.0,72.9,102.8,903.46,368.41,101.42,27.77,451.09,1.505,0.1803,0.0,76.11,0.3666,100
2,266,cooling_degradation,21142.8,0.6278,4362.0,71.2,104.91,891.88,352.96,96.19,27.44,456.28,1.6795,0.1665,0.0,71.01,0.3723,99
2,267,cooling_degradation,21100.1,0.6287,4328.0,64.6,104.22,907.02,346.99,96.97,27.856,510.15,1.6246,0.1905,0.0,68.07,0.3723,98
2,268,cooling_degradation,20721.0,0.6369,4379.0,65.1,109.67,900.9,352.22,95.72,27.751,504.85,1.4694,0.1656,0.0,72.25,0.3745,97
2,269,cooling_degradation,20741.0,0.6364,4381.0,71.4,105.14,891.84,341.43,98.33,27.878,461.94,1.5508,0.1598,0.0,72.12,0.3827,96
2,270,cooling_degradation,20324.1,0.6455,4403.0,69.9,104.2,892.37,340.78,96.23,27.692,469.05,1.5751,0.1299,0.0,73.05,0.3853,95
2,271,cooling_degradation,20039.2,0.6518,4435.0,67.5,106.9,903.38,340.12,97.34,27.366,479.52,1.6875,0.1332,0.0,79.43,0.3853,94
2,272,cooling_degradation,20116.1,0.6501,4410.0,71.0,102.26,900.33,343.21,99.6,27.136,452.56,1.63,0.1318,0.0,71.64,0.3952,93
2,273,cooling_degradation,19662.9,0.6602,4294.0,71.0,105.16,901.1,357.29,96.51,27.558,459.21,1.6091,0.1761,0.0,84.24,0.3952,92
2,274,cooling_degradation,19720.4,0.6589,4296.0,73.4,108.14,914.88,354.19,99.58,27.845,448.85,1.5935,0.1427,0.0,69.37,0.4,91
2,275,cooling_degradation,19777.9,0.6576,4345.0,70.9,105.25,899.95,349.33,99.87,27.785,463.77,1.6401,0.1985,0.0,85.09,0.4113,90
2,276,cooling_degradation,19125.4,0.6723,4323.0,74.1,102.98,909.56,339.66,100.45,28.093,448.76,1.7667,0.1758,0.0,72.47,0.4172,89
2,277,cooling_degradation,19045.6,0.6741,4282.0,70.3,104.98,914.59,345.07,98.63,28.049,471.97,1.6627,0.1703,0.0,77.54,0.4172,88
2,278,cooling_degradation,18906.9,0.6772,4323.0,69.9,107.82,913.78,347.38,104.88,27.385,463.86,1.639,0.1591,0.0,75.34,0.4199,87
2,279,cooling_degradation,18874.9,0.678,4322.0,73.3,106.35,909.02,341.04,100.62,27.615,445.79,1.6434,0.1901,0.0,76.59,0.4256,86
2,280,cooling_degradation,18650.9,0.6831,4310.0,67.1,104.76,907.05,341.95,99.36,28.13,496.23,1.6755,0.1646,0.0,83.2,0.4355,85
2,281,cooling_degradation,18735.6,0.6811,4331.0,78.4,105.02,901.09,345.2,96.96,28.535,430.9,1.6076,0.161,0.0,86.7,0.4355,84
2,282,cooling_degradation,18487.5,0.6868,4421.0,71.0,105.26,903.45,335.48,98.57,27.635,460.92,1.6685,0.2053,0.0,85.4,0.4383,83
2,283,cooling_degradation,18235.9,0.6927,4362.0,70.9,106.91,916.81,339.9,101.84,27.782,463.9,1.8833,0.1919,0.0,78.4,0.4492,82
2,284,cooling_degradation,17999.4,0.6982,4498.0,71.2,108.38,913.33,341.28,102.4,27.804,462.09,1.7469,0.1801,0.0,81.35,0.4492,81
2,285,cooling_degradation,17851.1,0.7016,4360.0,75.2,108.14,918.63,336.27,102.09,28.12,442.75,1.8436,0.1998,0.0,77.18,0.4566,80
2,286,cooling_degradation,17476.1,0.7104,4333.0,71.8,107.24,924.67,345.76,100.7,28.096,463.02,1.589,0.1872,0.0,76.13,0.4566,79
2,287,cooling_degradation,17545.9,0.7088,4350.0,64.5,104.73,904.83,339.83,96.77,28.509,522.95,1.8568,0.1969,0.0,76.03,0.464,78
2,288,cooling_degradation,17061.2,0.7203,4365.0,73.4,104.77,917.05,326.79,100.27,28.108,452.95,1.8006,0.1731,0.0,79.63,0.4646,77
2,289,cooling_degradation,17162.7,0.7179,4376.0,68.1,107.73,919.32,327.19,96.95,28.002,486.58,1.7979,0.2329,0.0,83.69,0.4716,76
2,290,cooling_degradation,17023.4,0.7212,4475.0,69.3,105.18,915.2,321.91,96.68,27.175,463.76,1.8871,0.1832,0.0,73.87,0.4825,75
2,291,cooling_degradation,16684.0,0.7293,4299.0,65.1,106.92,930.73,330.08,100.18,27.409,498.39,1.8417,0.2267,0.0,83.43,0.4852,74
2,292,cooling_degradation,16431.6,0.7354,4402.0,70.4,107.84,930.2,328.74,100.84,28.429,477.93,1.7267,0.1931,0.0,91.65,0.4897,73
2,293,cooling_degradation,16322.5,0.7381,4362.0,66.8,105.77,924.34,334.18,101.68,27.895,494.5,1.9842,0.2143,0.0,90.05,0.4938,72
2,294,cooling_degradation,15636.4,0.7549,4256.0,68.9,106.12,939.0,342.09,101.01,26.132,448.8,1.9537,0.2149,0.0,82.15,0.5009,71
2,295,cooling_degradation,15913.0,0.7481,4396.0,67.6,107.69,913.58,328.11,101.22,28.106,491.69,1.9334,0.2253,0.0,78.73,0.508,70
2,296,cooling_degradation,15651.5,0.7546,4426.0,74.2,108.79,930.45,320.72,98.34,29.022,463.07,1.9074,0.1879,0.0,88.7,0.5156,69
2,297,cooling_degradation,15460.6,0.7593,4299.0,74.2,109.63,933.48,317.27,100.1,27.46,437.77,1.8671,0.2262,0.0,74.82,0.5156,68
2,298,cooling_degradation,15372.7,0.7615,4349.0,68.3,109.08,921.57,326.58,97.42,28.532,494.24,2.023,0.2434,0.0,92.49,0.5215,67
2,299,cooling_degradation,15052.9,0.7695,4246.0,68.3,108.5,933.19,329.89,96.6,26.843,465.36,2.1646,0.2039,0.0,86.65,0.5302,66
2,300,cooling_degradation,14689.4,0.7787,4274.0,66.8,107.4,922.34,328.52,102.19,28.259,500.34,2.0696,0.2113,0.0,97.33,0.5353,65
2,301,cooling_degradation,14634.4,0.78,4413.0,71.2,107.1,940.51,331.8,99.35,28.166,468.36,1.9688,0.2023,0.0,80.21,0.5427,64
2,302,cooling_degradation,14459.9,0.7845,4322.0,66.8,108.07,942.46,330.15,102.71,26.984,478.38,2.1171,0.2076,0.0,93.94,0.5483,63
2,303,cooling_degradation,14260.0,0.7896,4283.0,66.4,109.56,936.93,328.57,103.27,28.095,500.98,2.1102,0.25,0.0,89.23,0.5526,62
2,304,cooling_degradation,14059.1,0.7948,4364.0,70.5,109.6,923.17,313.09,99.92,28.641,481.08,2.2031,0.1973,0.0,88.57,0.558,61
2,305,cooling_degradation,13981.6,0.7967,4319.0,65.8,106.11,929.47,316.78,102.48,28.071,504.92,2.2077,0.2007,0.0,84.0,0.565,60
2,306,cooling_degradation,13452.7,0.8105,4322.0,67.2,108.34,944.71,317.26,100.19,28.279,498.15,1.958,0.2549,0.0,94.77,0.5755,59
2,307,cooling_degradation,13430.9,0.8111,4394.0,62.4,111.33,938.13,309.43,97.83,27.598,523.09,2.2429,0.2353,0.0,95.23,0.5761,58
2,308,cooling_degradation,13386.0,0.8122,4280.0,69.2,109.87,921.63,321.28,101.94,27.452,469.61,2.1497,0.2678,0.0,101.53,0.5845,57
2,309,cooling_degradation,12719.2,0.8298,4296.0,72.8,107.81,956.5,318.36,100.89,28.714,466.93,2.1427,0.2185,0.0,98.29,0.5917,56
2,310,cooling_degradation,12792.3,0.8279,4359.0,69.0,113.73,948.11,304.59,101.17,28.948,496.48,2.2808,0.2332,0.0,91.24,0.6023,55
2,311,cooling_degradation,12462.6,0.8367,4408.0,71.1,110.18,941.73,315.67,106.02,28.83,479.8,2.3325,0.2178,0.0,89.28,0.6033,54
2,312,cooling_degradation,12278.9,0.8416,4424.0,64.1,111.05,955.02,306.42,99.22,27.197,502.36,2.2074,0.237,0.0,88.4,0.6138,53
2,313,cooling_degradation,11982.0,0.8496,4310.0,67.2,111.27,944.87,299.78,103.19,27.601,486.06,2.4235,0.2009,0.0,103.28,0.6213,52
2,314,cooling_degradation,11874.6,0.8525,4406.0,63.5,110.18,943.6,304.52,100.5,27.659,515.11,2.4393,0.251,0.0,92.29,0.6242,51
2,315,cooling_degradation,11957.6,0.8503,4303.0,65.6,109.81,954.4,310.52,104.43,27.505,496.38,2.4065,0.2457,0.0,104.16,0.6307,50
2,316,cooling_degradation,11272.3,0.869,4460.0,68.5,114.25,968.68,305.65,103.34,28.356,490.19,2.3585,0.24,0.0,99.98,0.6373,49
2,317,cooling_degradation,11066.2,0.8747,4282.0,66.3,112.75,967.95,305.36,103.65,28.393,506.59,2.3775,0.2356,0.0,99.66,0.6445,48
2,318,cooling_degradation,10825.2,0.8814,4430.0,61.7,112.73,957.8,303.09,101.21,27.42,526.22,2.5783,0.2286,0.0,97.41,0.655,47
2,319,cooling_degradation,11057.7,0.8749,4311.0,61.8,112.5,959.88,304.24,101.67,28.332,542.2,2.396,0.2626,0.0,102.73,0.6603,46
2,320,cooling_degradation,10506.5,0.8903,4471.0,61.5,110.31,963.96,285.91,105.21,28.268,543.76,2.6305,0.2268,0.0,100.0,0.6676,45
2,321,cooling_degradation,10348.4,0.8948,4385.0,67.0,113.82,951.04,288.98,106.96,28.15,497.07,2.545,0.2615,0.0,98.53,0.6708,44
2,322,cooling_degradation,10067.6,0.9027,4289.0,71.6,110.85,970.28,307.61,104.54,28.604,472.66,2.5817,0.2951,0.0,104.57,0.6787,43
2,323,cooling_degradation,9761.3,0.9114,4319.0,69.4,112.95,961.85,303.54,102.12,27.818,474.42,2.5197,0.2884,0.0,101.88,0.6956,42
2,324,cooling_degradation,9641.9,0.9149,4397.0,59.5,110.07,965.46,294.28,104.6,27.874,554.43,2.6472,0.2288,0.0,98.67,0.6962,41
2,325,cooling_degradation,9819.4,0.9098,4413.0,69.3,109.63,967.3,299.44,108.9,28.62,488.56,2.7316,0.2499,0.0,106.19,0.7021,40
2,326,cooling_degradation,9432.2,0.9209,4346.0,67.8,113.52,975.51,297.59,104.53,28.64,500.27,2.6338,0.2734,0.0,104.16,0.7165,39
2,327,cooling_degradation,8867.6,0.9373,4353.0,60.2,111.93,969.63,294.21,107.34,28.286,556.2,2.7985,0.2649,0.0,107.32,0.7209,38
2,328,cooling_degradation,8864.1,0.9374,4396.0,63.8,110.39,947.84,280.91,103.11,28.479,528.36,2.8018,0.2409,0.0,103.4,0.7297,37
2,329,cooling_degradation,8413.1,0.9506,4358.0,67.9,114.34,977.19,297.59,104.63,28.54,497.72,2.7673,0.2784,0.0,100.16,0.7356,36
2,330,cooling_degradation,8041.5,0.9616,4272.0,66.1,116.89,981.68,293.33,106.1,28.682,513.49,2.9184,0.2727,0.0,115.56,0.7431,35
2,331,cooling_degradation,8230.4,0.956,4301.0,60.4,116.0,979.16,284.8,105.83,28.656,561.47,2.7097,0.3138,0.0,115.39,0.7518,34
2,332,cooling_degradation,8020.5,0.9623,4364.0,66.0,113.66,978.61,279.13,103.6,28.571,512.03,2.933,0.2719,0.0,112.5,0.7564,33
2,333,cooling_degradation,7771.7,0.9697,4423.0,57.7,114.35,991.09,279.53,103.76,28.278,580.31,3.0862,0.304,0.0,107.24,0.7687,32
2,334,cooling_degradation,7312.2,0.9835,4447.0,63.3,115.92,985.37,265.03,107.54,28.447,531.94,3.1125,0.2582,0.0,108.55,0.7783,31
2,335,cooling_degradation,7124.9,0.9892,4397.0,67.2,116.61,991.27,279.38,108.21,28.546,502.39,3.0848,0.2669,0.0,118.15,0.7916,30
2,336,cooling_degradation,7029.1,0.9921,4367.0,63.8,114.49,995.12,270.33,108.92,28.817,534.86,3.0438,0.3029,0.0,109.77,0.7949,29
2,337,cooling_degradation,6741.6,1.0009,4395.0,62.1,115.09,989.16,276.62,109.54,28.29,539.27,3.0235,0.3106,0.0,108.52,0.7964,28
2,338,cooling_degradation,6389.5,1.0118,4310.0,66.1,115.88,984.52,272.71,106.51,28.964,518.38,3.1172,0.2745,0.0,122.44,0.812,27
2,339,cooling_degradation,5970.9,1.0248,4341.0,66.3,116.7,976.1,269.57,105.97,28.89,516.03,3.2608,0.2993,0.0,114.41,0.8294,26
2,340,cooling_degradation,5995.7,1.0241,4301.0,67.1,115.76,992.98,268.01,109.36,28.821,508.07,3.1677,0.2722,0.0,123.8,0.8329,25
2,341,cooling_degradation,5904.8,1.0269,4275.0,65.7,115.88,1003.08,272.12,108.17,28.74,517.69,3.311,0.2975,0.0,108.34,0.837,24
2,342,cooling_degradation,5327.2,1.0451,4370.0,66.2,118.46,997.37,277.25,105.04,28.745,513.91,3.4804,0.3219,0.0,119.13,0.8504,23
2,343,cooling_degradation,5366.2,1.0439,4361.0,65.0,118.34,1007.2,273.71,105.05,28.238,513.95,3.3285,0.298,0.0,127.38,0.8558,22
2,344,cooling_degradation,5083.2,1.0529,4391.0,63.5,117.43,1002.89,264.65,108.25,28.985,540.24,3.2598,0.304,0.0,117.86,0.8634,21
2,345,cooling_degradation,4908.7,1.0585,4383.0,62.8,119.6,1014.44,260.53,107.17,28.929,544.82,3.3161,0.2902,0.0,117.52,0.876,20
2,346,cooling_degradation,4689.4,1.0655,4365.0,61.7,116.72,1003.64,264.68,107.69,29.148,558.8,3.5353,0.3031,0.0,113.99,0.887,19
2,347,cooling_degradation,4216.5,1.0808,4383.0,58.7,119.82,1009.07,264.76,109.96,28.426,573.31,3.4859,0.3524,0.0,125.59,0.8909,18
2,348,cooling_degradation,3839.8,1.0932,4347.0,59.3,118.51,1012.35,252.63,109.58,29.478,588.07,3.6156,0.3223,0.0,117.41,0.9029,17
2,349,cooling_degradation,3763.8,1.0957,4375.0,61.2,122.94,1024.22,253.35,110.99,28.728,555.4,3.5644,0.3049,0.0,122.0,0.9164,16
2,350,cooling_degradation,3738.3,1.0965,4306.0,62.7,116.47,1001.22,244.71,104.64,28.648,541.09,3.7143,0.3213,0.0,117.1,0.9252,15
2,351,cooling_degradation,3284.5,1.1115,4372.0,66.1,117.54,1015.72,256.82,109.26,28.852,516.37,3.6936,0.2994,0.0,132.19,0.9378,14
2,352,cooling_degradation,3022.3,1.1203,4390.0,61.5,119.33,1025.09,260.59,110.26,28.301,544.15,3.6733,0.3127,0.0,130.67,0.9433,13
2,353,cooling_degradation,2613.6,1.134,4310.0,64.6,119.71,1035.75,249.77,106.14,29.845,547.1,3.7757,0.3651,0.0,126.2,0.9595,12
2,354,cooling_degradation,2909.9,1.124,4353.0,64.7,122.16,1026.42,233.5,107.98,29.803,545.5,3.7349,0.3365,0.0,121.03,0.9644,11
2,355,cooling_degradation,2530.9,1.1368,4313.0,60.6,118.71,1024.34,248.49,107.99,29.318,572.59,4.0805,0.3829,0.0,136.2,0.9835,10
2,356,cooling_degradation,2282.3,1.1453,4318.0,62.9,121.09,1034.07,238.99,109.73,28.863,542.66,3.917,0.3434,0.0,126.75,0.9843,9
2,357,cooling_degradation,2071.6,1.1524,4283.0,60.3,121.79,1036.45,239.93,113.2,29.832,585.46,4.0373,0.3484,0.0,124.21,0.997,8
2,358,cooling_degradation,1772.5,1.1627,4426.0,64.9,121.5,1032.33,237.7,114.3,29.296,534.45,4.0176,0.3666,0.0,122.32,1.0126,7
2,359,cooling_degradation,1408.7,1.1753,4414.0,62.7,119.37,1040.03,233.39,108.92,29.249,552.23,4.0486,0.3048,0.0,129.24,1.0275,6
2,360,cooling_degradation,1180.1,1.1833,4382.0,57.1,123.09,1045.61,229.22,111.75,29.621,614.19,4.1492,0.3645,0.0,125.85,1.0347,5
2,361,cooling_degradation,899.7,1.1931,4468.0,61.0,123.14,1055.92,221.76,112.05,29.587,574.0,4.3154,0.3631,0.0,131.1,1.0468,4
2,362,cooling_degradation,1118.1,1.1854,4339.0,65.3,122.45,1051.08,231.12,111.91,30.499,552.46,4.2343,0.3967,0.0,138.82,1.0567,3
2,363,cooling_degradation,565.4,1.2049,4532.0,59.7,122.06,1044.56,216.71,112.1,29.411,582.86,4.2484,0.3889,0.0,133.99,1.0652,2
2,364,cooling_degradation,171.4,1.2189,4336.0,61.5,122.43,1047.59,219.88,112.18,29.305,564.16,4.397,0.3509,0.0,138.85,1.0786,1
3,0,bearing_wear,9.8,1.2246,4339.0,60.8,95.75,818.38,422.39,94.26,25.245,491.67,0.7573,0.0607,0.0035,40.65,0.0186,403
3,1,bearing_wear,506.4,1.2069,4289.0,55.7,93.14,808.23,426.51,91.66,25.334,538.54,0.7208,0.0386,0.0042,44.2,0.0208,402
3,2,bearing_wear,384.3,1.2113,4400.0,62.8,97.16,831.03,405.29,90.87,25.742,485.19,0.8918,0.0715,0.0042,34.3,0.0208,401
3,3,bearing_wear,712.4,1.1997,4401.0,60.3,95.51,818.14,426.26,87.65,25.86,507.28,0.7206,0.0334,0.0043,37.68,0.0209,400
3,4,bearing_wear,638.1,1.2023,4394.0,58.8,96.82,818.27,405.48,91.03,25.6,514.88,0.7282,0.0772,0.0043,42.41,0.0209,399
3,5,bearing_wear,1319.1,1.1784,4382.0,62.8,96.68,830.08,422.36,89.31,25.624,482.69,0.7484,0.0386,0.0043,30.53,0.0209,398
3,6,bearing_wear,1237.6,1.1812,4354.0,60.2,94.48,811.11,416.92,90.84,26.185,514.75,0.8188,0.0408,0.0043,40.37,0.0209,397
3,7,bearing_wear,1684.7,1.1657,4319.0,57.3,94.31,812.94,414.47,90.56,25.303,522.39,0.8606,0.0287,0.0049,40.22,0.0227,396
3,8,bearing_wear,1726.6,1.1643,4301.0,66.5,96.68,808.2,415.91,91.4,25.951,461.98,0.9063,0.0319,0.0049,40.53,0.0227,395
3,9,bearing_wear,2054.6,1.153,4427.0,61.0,95.23,814.1,411.85,90.26,25.103,487.01,0.8945,0.0419,0.0049,39.28,0.0227,394
3,10,bearing_wear,2281.2,1.1453,4396.0,60.9,97.09,803.53,414.88,92.32,25.449,494.35,0.811,0.0018,0.0049,37.06,0.0227,393
3,11,bearing_wear,2330.2,1.1436,4308.0,60.1,95.42,821.0,412.48,85.01,25.89,510.06,0.8926,0.0458,0.0049,32.93,0.0227,392
3,12,bearing_wear,2779.3,1.1284,4352.0,64.9,97.31,821.55,413.8,90.9,26.116,475.91,0.7597,0.0404,0.0063,43.06,0.026,391
3,13,bearing_wear,2718.9,1.1305,4332.0,59.9,96.4,813.47,411.6,92.92,25.927,511.87,0.6677,0.0664,0.0063,40.84,0.026,390
3,14,bearing_wear,3166.5,1.1155,4282.0,57.0,96.21,813.51,411.34,94.27,25.733,534.27,0.7601,0.0591,0.0065,35.5,0.0264,389
3,15,bearing_wear,3208.1,1.1141,4361.0,59.7,95.26,822.08,409.54,92.02,26.516,525.49,0.7504,0.0365,0.0072,42.82,0.0279,388
3,16,bearing_wear,3535.8,1.1032,4325.0,65.8,96.18,809.97,409.33,93.93,25.749,462.78,0.7643,0.0415,0.0072,41.04,0.0279,387
3,17,bearing_wear,3630.5,1.1,4293.0,64.5,97.62,820.07,415.27,90.9,25.32,464.71,0.7384,0.046,0.0073,40.23,0.0282,386
3,18,bearing_wear,3923.6,1.0904,4261.0,61.3,95.75,822.46,421.96,90.57,25.358,489.3,0.7782,0.0804,0.0073,31.75,0.0282,385
3,19,bearing_wear,3970.9,1.0889,4256.0,66.3,96.63,805.11,420.34,91.62,25.797,460.24,0.8647,0.0343,0.0073,45.95,0.0282,384
3,20,bearing_wear,4385.0,1.0754,4328.0,64.6,95.9,823.96,427.89,90.56,25.583,468.87,0.9524,0.0363,0.0073,36.37,0.0282,383
3,21,bearing_wear,4569.9,1.0694,4345.0,61.6,96.01,803.63,401.92,89.0,25.835,495.96,0.6771,0.0281,0.0073,42.85,0.0282,382
3,22,bearing_wear,4697.5,1.0653,4297.0,62.1,98.41,816.29,420.37,89.53,26.323,501.95,0.7121,0.0211,0.0073,38.49,0.0282,381
3,23,bearing_wear,4985.2,1.056,4389.0,63.7,97.63,808.72,413.02,88.34,26.534,493.25,0.7518,0.0568,0.0073,40.59,0.0282,380
3,24,bearing_wear,5228.2,1.0483,4346.0,60.3,95.94,827.8,420.02,91.62,25.918,508.71,0.8764,0.0548,0.0073,48.3,0.0282,379
3,25,bearing_wear,5329.9,1.045,4385.0,62.9,96.15,808.4,417.5,90.59,26.73,502.77,0.7987,0.0764,0.0073,45.19,0.0282,378
3,26,bearing_wear,5617.0,1.0359,4339.0,63.9,94.78,804.97,414.49,89.84,25.793,477.35,0.7572,0.0715,0.0073,48.19,0.0282,377
3,27,bearing_wear,5699.2,1.0334,4303.0,58.1,95.56,816.3,418.33,89.43,24.93,508.03,0.8725,0.0986,0.0073,44.19,0.0282,376
3,28,bearing_wear,6415.1,1.011,4357.0,62.7,96.29,814.23,410.12,91.57,26.281,496.19,0.8916,0.0492,0.0073,44.52,0.0282,375
3,29,bearing_wear,6435.0,1.0104,4274.0,62.5,97.11,805.41,422.38,92.13,25.111,475.83,0.8137,0.0455,0.0074,33.64,0.0283,374
3,30,bearing_wear,6529.7,1.0075,4382.0,66.6,96.96,823.71,402.02,88.3,25.791,458.55,0.7499,0.0247,0.0074,40.96,0.0283,373
3,31,bearing_wear,6876.7,0.9968,4294.0,58.1,94.2,799.64,422.12,88.02,25.795,525.82,0.838,0.0647,0.008,41.55,0.0297,372
3,32,bearing_wear,6615.7,1.0048,4405.0,62.6,97.33,809.53,411.75,92.5,25.817,488.38,0.7977,0.0532,0.008,48.79,0.0297,371
3,33,bearing_wear,6740.2,1.001,4330.0,62.4,95.73,813.13,412.74,87.84,25.77,488.96,0.7971,0.0638,0.008,40.14,0.0297,370
3,34,bearing_wear,7274.8,0.9847,4414.0,66.8,94.4,826.36,410.07,91.69,25.64,454.18,0.7754,0.028,0.008,44.0,0.0297,369
3,35,bearing_wear,7338.4,0.9827,4283.0,63.9,97.88,828.86,417.06,93.83,25.934,480.22,0.8904,0.0578,0.008,43.8,0.0297,368
3,36,bearing_wear,7719.6,0.9713,4309.0,69.5,98.17,830.97,423.78,93.91,26.691,454.21,0.8396,0.0551,0.01,48.8,0.0335,367
3,37,bearing_wear,7995.5,0.963,4373.0,66.3,96.37,819.27,432.23,92.15,26.1,466.21,0.9025,0.0538,0.01,42.35,0.0335,366
3,38,bearing_wear,8311.7,0.9536,4420.0,63.1,97.03,799.53,417.77,92.09,25.574,479.27,0.9265,0.0374,0.01,47.16,0.0335,365
3,39,bearing_wear,8211.4,0.9566,4450.0,65.2,97.12,823.1,405.58,95.17,25.531,463.34,0.8564,0.0748,0.01,34.49,0.0335,364
3,40,bearing_wear,8650.1,0.9436,4352.0,63.5,98.06,830.91,417.62,86.0,25.606,476.91,0.7791,0.092,0.01,34.95,0.0335,363
3,41,bearing_wear,8799.8,0.9392,4460.0,67.3,97.06,830.89,412.49,89.74,26.312,462.74,0.9029,0.0288,0.01,31.6,0.0335,362
3,42,bearing_wear,9056.7,0.9318,4333.0,60.8,93.97,821.49,409.29,92.37,25.904,503.99,0.8569,0.0654,0.01,46.95,0.0335,361
3,43,bearing_wear,9133.0,0.9295,4416.0,62.5,98.98,809.09,403.11,90.0,25.545,483.97,1.0279,-0.0065,0.01,46.38,0.0335,360
3,44,bearing_wear,9624.3,0.9154,4293.0,66.4,97.57,816.38,416.41,93.15,25.218,449.37,0.8444,0.0644,0.01,47.5,0.0335,359
3,45,bearing_wear,9606.6,0.9159,4375.0,68.8,95.24,837.49,417.36,90.61,26.419,454.22,0.8764,0.0137,0.0105,39.72,0.0346,358
3,46,bearing_wear,10092.9,0.902,4209.0,58.7,94.44,805.6,411.13,90.96,25.281,510.05,0.8438,0.0406,0.0105,40.29,0.0346,357
3,47,bearing_wear,9912.3,0.9071,4283.0,69.5,96.76,813.17,412.81,90.14,26.566,452.39,0.8127,0.0248,0.0105,42.51,0.0346,356
3,48,bearing_wear,10345.8,0.8948,4378.0,65.1,95.58,827.74,415.76,89.65,25.723,467.89,0.8001,0.0468,0.0107,50.36,0.0349,355
3,49,bearing_wear,10428.3,0.8925,4271.0,59.9,96.49,814.19,417.91,89.6,25.323,499.97,0.8444,0.0679,0.0107,51.61,0.0349,354
3,50,bearing_wear,10590.3,0.888,4376.0,56.7,97.1,806.56,420.94,91.24,25.585,534.06,0.8625,0.014,0.0107,47.11,0.0349,353
3,51,bearing_wear,10935.9,0.8783,4404.0,61.2,95.14,830.5,402.54,89.15,26.738,516.88,0.9132,0.0439,0.0107,44.79,0.0349,352
3,52,bearing_wear,10997.1,0.8766,4320.0,65.9,94.33,824.28,429.34,92.6,26.373,473.92,0.8455,0.0408,0.0107,49.81,0.0349,351
3,53,bearing_wear,10842.9,0.8809,4292.0,65.8,96.58,817.53,407.41,92.0,26.126,469.71,0.7838,0.0827,0.0107,41.86,0.0349,350
3,54,bearing_wear,10982.3,0.877,4322.0,68.0,95.29,813.2,402.41,92.96,26.358,458.53,0.7975,0.06,0.0125,41.46,0.038,349
3,55,bearing_wear,11831.5,0.8537,4292.0,64.6,96.33,837.27,415.51,88.52,25.312,463.78,0.7189,0.0279,0.0131,42.87,0.0391,348
3,56,bearing_wear,12023.3,0.8485,4344.0,63.0,94.09,819.91,406.46,87.38,25.469,478.29,0.9576,0.042,0.0131,38.62,0.0391,347
3,57,bearing_wear,12319.3,0.8405,4356.0,65.2,95.73,832.38,412.43,90.77,25.045,454.53,0.7814,0.0826,0.0131,42.64,0.0391,346
3,58,bearing_wear,12230.3,0.8429,4332.0,66.7,97.18,829.08,413.44,96.58,26.828,476.33,0.9021,0.0657,0.0131,37.93,0.0391,345
3,59,bearing_wear,12235.0,0.8428,4450.0,67.4,97.04,818.25,406.65,93.33,26.791,470.75,0.8475,0.0331,0.0136,48.7,0.0398,344
3,60,bearing_wear,12561.2,0.834,4307.0,64.4,94.94,816.84,409.95,89.69,26.16,480.76,0.8497,0.0462,0.0136,46.3,0.0398,343
3,61,bearing_wear,12820.3,0.8271,4433.0,69.6,94.38,835.1,411.27,91.64,26.367,448.52,0.816,0.0468,0.0136,50.73,0.0398,342
3,62,bearing_wear,12861.2,0.8261,4288.0,65.1,96.15,833.0,414.06,92.25,25.425,462.14,0.7623,0.0407,0.0136,35.43,0.0398,341
3,63,bearing_wear,13452.4,0.8105,4354.0,64.5,96.96,805.96,419.25,88.06,25.919,475.82,0.7479,0.0173,0.0136,53.09,0.0398,340
3,64,bearing_wear,13733.1,0.8032,4421.0,65.5,96.73,825.92,408.21,93.53,26.789,483.65,0.9636,0.0379,0.0136,35.72,0.0398,339
3,65,bearing_wear,13660.2,0.8051,4418.0,70.5,95.37,823.09,403.61,90.47,26.423,443.52,0.8347,0.0793,0.0137,37.61,0.04,338
3,66,bearing_wear,13777.3,0.802,4325.0,67.0,96.65,814.61,403.46,90.67,25.942,458.34,0.9182,0.0441,0.0154,40.73,0.0426,337
3,67,bearing_wear,13774.2,0.8021,4383.0,65.4,98.48,824.43,409.42,90.92,25.374,459.15,0.9401,0.0498,0.0161,50.48,0.0438,336
3,68,bearing_wear,14389.2,0.7863,4375.0,70.4,96.54,814.02,403.24,93.16,26.927,452.89,0.7964,0.0547,0.0161,45.07,0.0438,335
3,69,bearing_wear,14356.6,0.7871,4318.0,74.1,93.79,822.96,405.64,89.37,26.572,424.3,0.8632,0.0962,0.0161,42.72,0.0438,334
3,70,bearing_wear,14488.8,0.7837,4387.0,68.4,96.54,817.45,413.44,87.46,25.555,442.06,0.8329,0.052,0.0161,39.98,0.0438,333
3,71,bearing_wear,14790.4,0.7761,4462.0,71.6,99.38,822.11,395.31,91.58,26.09,431.3,0.7399,0.074,0.0182,37.34,0.0469,332
3,72,bearing_wear,14815.6,0.7755,4378.0,71.1,94.38,825.29,418.62,86.85,25.919,431.45,0.8176,0.0402,0.0182,49.88,0.0469,331
3,73,bearing_wear,15109.9,0.7681,4384.0,66.3,96.35,815.32,410.82,90.34,26.087,465.89,0.8795,0.047,0.0182,48.21,0.0469,330
3,74,bearing_wear,15054.9,0.7694,4390.0,68.3,95.97,837.03,409.28,93.31,26.343,456.7,0.7926,0.0524,0.0182,50.98,0.0469,329
3,75,bearing_wear,15616.8,0.7554,4262.0,64.4,96.44,826.48,409.74,92.1,25.829,474.41,0.8065,0.0367,0.0182,46.2,0.0469,328
3,76,bearing_wear,15619.6,0.7553,4378.0,67.8,96.68,839.23,414.21,93.08,26.551,463.71,0.8219,0.0484,0.0205,31.29,0.05,327
3,77,bearing_wear,15989.7,0.7462,4289.0,66.6,98.09,823.01,414.04,92.24,26.202,465.63,1.0047,0.0702,0.0205,38.27,0.05,326
3,78,bearing_wear,15965.3,0.7468,4315.0,67.4,96.51,820.28,408.66,95.82,26.641,468.05,0.689,0.0365,0.0205,46.82,0.05,325
3,79,bearing_wear,16153.7,0.7422,4480.0,66.4,98.3,838.27,405.72,89.82,26.017,463.59,0.8759,0.0525,0.0205,42.65,0.05,324
3,80,bearing_wear,16170.0,0.7418,4335.0,67.9,96.21,820.32,401.67,91.8,27.467,478.73,0.8155,0.0666,0.0205,41.7,0.05,323
3,81,bearing_wear,16642.5,0.7303,4306.0,70.5,95.86,824.79,403.41,90.12,26.176,439.7,0.7845,0.036,0.0205,38.98,0.05,322
3,82,bearing_wear,16572.8,0.732,4419.0,68.6,95.38,831.05,400.83,92.91,25.929,447.37,0.8135,0.0744,0.0205,49.23,0.05,321
3,83,bearing_wear,16805.9,0.7264,4293.0,63.4,93.65,812.82,415.95,90.88,25.571,476.95,0.8891,0.0539,0.0205,46.78,0.05,320
3,84,bearing_wear,17052.7,0.7205,4323.0,66.9,96.8,830.13,412.33,94.44,26.104,461.8,0.8937,0.0492,0.0205,47.0,0.05,319
3,85,bearing_wear,17243.3,0.716,4425.0,64.7,99.46,827.99,413.55,89.94,25.367,464.21,0.8506,0.0123,0.0205,41.33,0.05,318
3,86,bearing_wear,17140.8,0.7184,4353.0,70.1,97.08,836.17,405.36,93.81,26.496,447.61,0.9232,0.045,0.0205,45.38,0.05,317
3,87,bearing_wear,17532.6,0.7091,4256.0,70.9,97.45,833.82,418.94,92.21,25.672,428.38,0.9384,0.06,0.0213,37.91,0.0511,316
3,88,bearing_wear,17855.9,0.7015,4383.0,70.3,96.02,838.73,406.89,91.13,26.491,446.13,0.9123,0.0886,0.0284,44.75,0.06,315
3,89,bearing_wear,17848.2,0.7017,4326.0,67.2,96.27,825.93,404.73,92.28,25.703,452.45,0.8033,0.065,0.0284,32.76,0.06,314
3,90,bearing_wear,18038.5,0.6972,4442.0,70.4,98.12,821.51,406.9,91.72,26.283,441.68,0.8866,0.0762,0.0284,37.56,0.06,313
3,91,bearing_wear,18262.8,0.692,4314.0,68.4,99.65,844.26,410.63,91.91,26.553,459.68,0.8869,0.0295,0.0284,43.79,0.06,312
3,92,bearing_wear,18384.6,0.6892,4413.0,66.4,98.86,814.2,402.28,90.79,27.118,483.0,0.7818,0.0512,0.0284,57.27,0.06,311
3,93,bearing_wear,18412.9,0.6886,4457.0,72.2,97.85,817.87,404.13,89.8,26.109,428.12,0.7215,0.0781,0.0284,36.39,0.06,310
3,94,bearing_wear,18724.8,0.6814,4299.0,72.5,96.7,833.96,410.98,90.53,26.499,432.62,0.6852,0.0359,0.0284,39.18,0.06,309
3,95,bearing_wear,19041.0,0.6742,4338.0,73.0,96.96,842.68,408.86,87.83,26.298,426.53,0.8526,0.073,0.0284,46.48,0.06,308
3,96,bearing_wear,18894.8,0.6775,4373.0,68.4,95.51,828.9,405.56,92.88,25.965,449.36,0.8709,0.0684,0.0284,54.25,0.06,307
3,97,bearing_wear,19155.7,0.6716,4299.0,73.8,94.47,838.11,403.95,88.73,26.354,422.43,0.7525,0.0592,0.0284,46.41,0.06,306
3,98,bearing_wear,19162.8,0.6714,4366.0,68.9,94.95,811.68,408.84,90.76,26.673,458.17,0.9307,0.0471,0.0284,48.91,0.06,305
3,99,bearing_wear,19668.3,0.6601,4337.0,72.4,96.72,825.41,405.06,92.5,26.36,430.75,0.8592,0.034,0.0284,43.71,0.06,304
3,100,bearing_wear,19669.0,0.66,4335.0,69.0,96.2,812.71,403.82,92.88,27.25,467.3,0.955,0.0892,0.0284,42.85,0.06,303
3,101,bearing_wear,19710.0,0.6591,4353.0,70.0,94.44,834.42,407.61,87.65,26.574,449.55,0.8767,0.0663,0.0284,45.81,0.06,302
3,102,bearing_wear,20004.8,0.6526,4354.0,63.4,96.57,812.54,413.39,91.02,25.613,477.74,0.7617,0.0605,0.0284,42.11,0.06,301
3,103,bearing_wear,19962.7,0.6535,4360.0,69.9,96.16,817.92,409.83,92.12,26.256,444.62,0.8837,0.0454,0.0284,49.02,0.06,300
3,104,bearing_wear,20139.2,0.6496,4314.0,71.1,94.88,832.88,407.81,91.3,26.158,435.11,0.9006,0.0544,0.0284,37.37,0.06,299
3,105,bearing_wear,20224.9,0.6477,4317.0,69.7,96.08,836.55,407.44,93.89,26.713,453.42,0.8032,0.057,0.0284,49.85,0.06,298
3,106,bearing_wear,20432.5,0.6432,4343.0,76.3,96.17,830.07,413.37,89.56,26.132,405.32,0.7316,0.0617,0.0284,45.59,0.06,297
3,107,bearing_wear,20943.4,0.6321,4347.0,67.6,95.71,831.57,394.96,87.1,25.731,450.3,0.855,0.0684,0.0284,44.32,0.06,296
3,108,bearing_wear,20775.8,0.6357,4324.0,69.5,98.04,832.39,415.19,92.83,26.145,445.21,0.7677,0.0381,0.029,37.24,0.0606,295
3,109,bearing_wear,21100.4,0.6287,4369.0,68.6,93.8,825.89,396.87,90.14,26.598,459.18,0.9374,0.0244,0.029,40.56,0.0606,294
3,110,bearing_wear,21048.5,0.6298,4241.0,69.7,93.68,819.41,406.04,87.7,26.885,456.79,0.8152,0.0555,0.029,51.45,0.0606,293
3,111,bearing_wear,21430.1,0.6216,4306.0,74.5,96.71,835.5,407.88,90.93,27.241,432.65,0.9878,0.0191,0.0305,44.57,0.0624,292
3,112,bearing_wear,21303.1,0.6243,4333.0,75.9,96.86,836.59,422.63,93.71,26.986,420.6,0.6799,0.0475,0.0305,47.01,0.0624,291
3,113,bearing_wear,21602.5,0.6179,4299.0,69.5,97.32,835.75,421.29,88.73,26.355,448.99,0.8614,0.0439,0.0311,41.27,0.063,290
3,114,bearing_wear,21742.8,0.615,4448.0,69.5,95.91,831.1,408.01,95.93,26.707,454.93,0.965,0.0639,0.0311,45.53,0.063,289
3,115,bearing_wear,22221.0,0.6049,4351.0,68.2,95.34,818.64,410.74,89.58,25.858,448.39,0.7794,0.0938,0.0311,38.81,0.063,288
3,116,bearing_wear,22102.0,0.6074,4361.0,75.7,96.78,837.79,396.5,91.48,26.034,406.95,0.8409,0.0156,0.0333,46.4,0.0655,287
3,117,bearing_wear,22052.8,0.6084,4321.0,75.2,96.13,832.01,410.6,88.87,26.917,423.46,0.8214,0.1,0.0333,47.75,0.0655,286
3,118,bearing_wear,22377.4,0.6016,4349.0,71.6,99.15,826.75,404.64,91.43,26.13,431.8,0.8011,0.0501,0.035,47.66,0.0673,285
3,119,bearing_wear,22727.0,0.5944,4277.0,67.8,96.33,826.35,406.63,91.08,26.278,458.58,0.8754,0.0617,0.035,41.54,0.0673,284
3,120,bearing_wear,22292.0,0.6034,4340.0,68.2,96.74,823.36,409.33,88.37,26.373,457.94,0.7522,0.0265,0.035,44.35,0.0673,283
3,121,bearing_wear,22538.9,0.5983,4294.0,72.7,100.62,838.96,407.29,97.06,26.705,434.99,0.8511,0.0752,0.0381,49.04,0.0706,282
3,122,bearing_wear,22757.2,0.5938,4333.0,73.9,96.62,821.11,413.35,90.42,27.054,433.48,0.9012,0.0561,0.0381,45.29,0.0706,281
3,123,bearing_wear,22856.3,0.5917,4196.0,66.1,97.76,820.83,403.18,90.44,26.548,475.45,0.844,0.0542,0.039,45.0,0.0716,280
3,124,bearing_wear,22993.6,0.5889,4282.0,71.4,97.92,829.0,410.8,93.39,26.614,441.24,0.7824,0.0168,0.0399,56.04,0.0724,279
3,125,bearing_wear,22971.2,0.5894,4438.0,77.3,98.06,847.48,397.29,95.08,26.713,409.14,0.9448,0.0571,0.0399,41.76,0.0724,278
3,126,bearing_wear,23499.3,0.5786,4400.0,71.8,97.39,840.28,402.01,93.7,26.606,438.39,0.9208,0.0725,0.0399,51.92,0.0724,277
3,127,bearing_wear,23195.8,0.5848,4429.0,77.0,97.26,821.31,404.83,89.05,26.636,409.32,0.7791,0.0509,0.0399,40.75,0.0724,276
3,128,bearing_wear,23498.2,0.5787,4433.0,74.6,97.11,844.02,396.09,91.88,26.648,423.01,0.7589,0.0791,0.0399,49.79,0.0724,275
3,129,bearing_wear,23802.7,0.5725,4390.0,69.4,96.09,841.44,405.93,87.69,27.466,468.26,0.7862,0.0782,0.0399,50.06,0.0724,274
3,130,bearing_wear,23757.5,0.5734,4323.0,71.9,97.44,822.47,407.05,93.25,26.638,438.73,0.906,0.0428,0.0399,43.97,0.0724,273
3,131,bearing_wear,23729.9,0.574,4288.0,72.4,100.07,812.61,405.59,88.24,26.788,437.84,0.8882,0.088,0.0428,40.69,0.0753,272
3,132,bearing_wear,23787.8,0.5728,4419.0,70.0,98.86,831.16,400.04,89.92,26.184,442.7,0.9304,0.0571,0.0436,37.0,0.0761,271
3,133,bearing_wear,24067.4,0.5673,4354.0,70.0,97.5,840.72,405.18,91.52,26.874,454.33,0.8411,0.0572,0.0436,43.77,0.0761,270
3,134,bearing_wear,24098.7,0.5666,4500.0,77.5,98.38,848.56,393.93,92.44,27.225,415.78,0.7953,0.0585,0.0452,49.62,0.0777,269
3,135,bearing_wear,24351.9,0.5616,4328.0,70.1,95.78,825.18,407.14,91.03,26.785,452.2,0.9429,0.0579,0.0453,41.61,0.0777,268
3,136,bearing_wear,24218.3,0.5643,4468.0,76.3,96.8,850.14,397.71,94.67,26.951,417.9,0.8304,0.0047,0.0495,47.83,0.0817,267
3,137,bearing_wear,24656.4,0.5556,4341.0,71.8,98.61,816.06,402.1,93.08,27.01,444.97,0.8896,0.0536,0.0495,39.97,0.0817,266
3,138,bearing_wear,24656.3,0.5556,4430.0,73.1,99.42,831.63,410.8,92.93,27.183,439.93,0.751,0.03,0.0497,46.2,0.0819,265
3,139,bearing_wear,24770.3,0.5534,4452.0,74.9,96.04,832.14,402.67,89.18,26.896,424.74,0.8294,0.0898,0.0497,41.63,0.0819,264
3,140,bearing_wear,25059.5,0.5478,4289.0,71.5,96.5,843.28,405.8,95.06,26.536,439.13,0.9576,0.0893,0.0512,47.1,0.0832,263
3,141,bearing_wear,24877.6,0.5513,4321.0,75.1,100.5,846.22,407.35,90.06,27.153,428.07,0.8195,0.0746,0.0512,44.98,0.0832,262
3,142,bearing_wear,24932.8,0.5502,4288.0,67.3,97.36,839.58,401.96,95.14,25.966,456.76,0.942,0.0528,0.0512,41.54,0.0832,261
3,143,bearing_wear,25056.4,0.5478,4276.0,74.8,99.96,824.89,406.09,95.71,26.491,419.2,0.6903,0.0374,0.0512,44.19,0.0832,260
3,144,bearing_wear,25205.0,0.545,4390.0,66.1,97.52,838.26,401.1,92.69,26.237,469.64,0.832,0.0444,0.0512,42.82,0.0832,259
3,145,bearing_wear,25314.1,0.5429,4338.0,72.9,97.66,839.37,397.69,93.78,25.977,421.76,0.8665,0.0969,0.054,41.14,0.0857,258
3,146,bearing_wear,25295.4,0.5432,4353.0,76.2,96.87,823.88,406.49,85.58,27.207,422.64,1.0216,0.0445,0.0556,53.25,0.0871,257
3,147,bearing_wear,25207.3,0.5449,4383.0,75.5,98.75,820.42,399.6,91.35,26.452,414.44,0.7889,0.0113,0.0558,46.05,0.0872,256
3,148,bearing_wear,25515.8,0.539,4239.0,69.8,99.36,842.4,407.74,93.95,26.306,445.88,0.9361,0.079,0.0558,36.84,0.0872,255
3,149,bearing_wear,25741.6,0.5347,4427.0,70.3,95.77,832.87,397.03,93.59,26.435,445.31,0.967,0.0884,0.0558,44.73,0.0872,254
3,150,bearing_wear,25794.1,0.5337,4329.0,71.7,96.91,825.81,422.25,89.4,26.642,439.48,0.8315,0.0926,0.0613,52.85,0.0919,253
3,151,bearing_wear,26038.1,0.5291,4382.0,74.4,98.82,835.76,397.88,91.25,26.649,423.82,0.8593,0.0802,0.0613,44.47,0.0919,252
3,152,bearing_wear,26234.4,0.5254,4387.0,67.8,97.24,837.04,389.18,86.77,26.363,460.15,0.9005,0.0835,0.0613,55.76,0.0919,251
3,153,bearing_wear,26136.4,0.5272,4432.0,73.9,96.71,836.51,389.74,92.66,26.732,428.08,0.7707,0.0605,0.0613,43.99,0.0919,250
3,154,bearing_wear,26309.6,0.524,4344.0,74.9,98.96,825.27,408.32,88.07,26.638,420.79,0.8528,0.0179,0.0613,50.79,0.0919,249
3,155,bearing_wear,26295.5,0.5242,4223.0,73.2,99.13,852.19,417.6,94.13,26.408,427.07,0.9932,0.0603,0.0629,53.58,0.0933,248
3,156,bearing_wear,26513.5,0.5202,4353.0,75.6,96.81,846.42,398.91,94.24,27.298,427.09,0.9333,0.0722,0.0632,50.66,0.0935,247
3,157,bearing_wear,26609.7,0.5184,4362.0,74.8,97.81,835.27,410.24,90.92,25.972,411.03,0.8789,0.0571,0.0632,41.54,0.0935,246
3,158,bearing_wear,26548.2,0.5195,4288.0,72.5,95.85,836.06,409.42,93.06,26.621,434.42,0.9113,0.0579,0.0722,44.35,0.1007,245
3,159,bearing_wear,26583.2,0.5189,4359.0,68.4,96.31,839.22,400.29,91.58,26.267,454.63,0.9488,0.0423,0.0722,54.91,0.1007,244
3,160,bearing_wear,26516.7,0.5201,4328.0,74.6,97.85,830.43,401.39,92.5,26.997,428.15,0.9641,0.0415,0.0722,45.04,0.1007,243
3,161,bearing_wear,26609.9,0.5184,4269.0,71.4,97.83,841.47,406.14,89.81,26.071,432.13,0.865,0.0995,0.0784,54.37,0.1054,242
3,162,bearing_wear,26632.3,0.518,4390.0,72.6,96.33,828.83,404.27,93.35,26.523,432.58,1.0323,0.1002,0.0784,47.34,0.1054,241
3,163,bearing_wear,26841.6,0.5141,4316.0,75.8,96.71,840.51,405.1,88.83,26.874,419.76,1.0148,0.0627,0.0784,50.2,0.1054,240
3,164,bearing_wear,26704.0,0.5166,4326.0,78.6,96.2,833.15,398.18,88.45,27.514,414.18,0.9637,0.0684,0.0784,42.56,0.1054,239
3,165,bearing_wear,26845.5,0.514,4322.0,74.3,98.47,831.39,401.37,91.86,26.959,429.49,0.8421,0.0431,0.0784,46.45,0.1054,238
3,166,bearing_wear,26581.4,0.5189,4424.0,76.1,94.84,854.4,409.2,91.69,26.461,411.54,0.8279,0.0756,0.0784,45.11,0.1054,237
3,167,bearing_wear,27251.9,0.5066,4348.0,70.1,96.26,838.73,402.65,92.65,26.382,445.2,0.8834,0.0979,0.0784,50.62,0.1054,236
3,168,bearing_wear,27017.6,0.5109,4355.0,75.2,94.99,842.47,406.0,90.81,27.237,428.47,0.9144,0.0322,0.0784,49.95,0.1054,235
3,169,bearing_wear,27174.5,0.508,4324.0,74.3,98.43,824.41,405.47,95.89,26.351,419.48,0.769,0.0722,0.0793,51.86,0.1061,234
3,170,bearing_wear,27378.7,0.5043,4378.0,78.2,95.15,838.06,400.85,92.48,27.04,409.01,0.9528,0.0742,0.0816,47.25,0.1078,233
3,171,bearing_wear,27257.3,0.5065,4431.0,73.0,97.96,844.51,396.69,92.68,26.761,434.09,1.0208,0.0747,0.0856,45.31,0.1106,232
3,172,bearing_wear,27479.5,0.5024,4389.0,73.9,100.37,842.83,403.53,92.61,26.666,427.14,0.9639,0.097,0.0856,50.87,0.1106,231
3,173,bearing_wear,27125.5,0.5089,4391.0,77.8,100.43,826.01,402.34,94.22,28.134,427.91,0.8637,0.1049,0.0856,44.81,0.1106,230
3,174,bearing_wear,27718.7,0.4981,4386.0,74.4,95.24,843.49,399.6,93.39,26.69,424.65,0.8564,0.0599,0.0875,55.47,0.112,229
3,175,bearing_wear,27567.7,0.5008,4267.0,71.4,98.42,843.47,399.64,93.14,26.857,445.43,0.9456,0.0783,0.0889,49.6,0.113,228
3,176,bearing_wear,27480.0,0.5024,4297.0,82.4,96.69,857.9,403.3,93.88,27.056,388.77,0.9212,0.0687,0.0994,49.19,0.1202,227
3,177,bearing_wear,27704.6,0.4984,4338.0,71.5,96.36,836.96,398.57,88.76,26.921,445.64,0.9689,0.0544,0.0994,53.13,0.1202,226
3,178,bearing_wear,27356.2,0.5047,4306.0,74.6,97.99,825.79,398.68,88.83,27.242,432.43,0.9816,0.0725,0.0994,50.44,0.1202,225
3,179,bearing_wear,27527.1,0.5016,4286.0,75.8,100.0,836.38,417.62,92.25,26.734,417.34,1.0208,0.0805,0.0994,42.53,0.1202,224
3,180,bearing_wear,27824.3,0.4962,4238.0,75.6,99.08,835.64,394.6,92.03,26.937,421.71,0.8442,0.0716,0.1005,45.58,0.121,223
3,181,bearing_wear,27363.2,0.5045,4269.0,74.2,97.1,849.64,408.01,93.58,26.52,422.74,0.9524,0.0497,0.1005,56.18,0.121,222
3,182,bearing_wear,27761.2,0.4973,4335.0,74.3,99.23,822.03,393.81,92.46,26.422,421.0,0.9056,0.058,0.1005,51.31,0.121,221
3,183,bearing_wear,27789.2,0.4968,4346.0,74.1,94.99,841.7,397.91,93.73,27.312,435.96,0.9391,0.0605,0.1116,43.14,0.1283,220
3,184,bearing_wear,28035.2,0.4924,4302.0,71.5,97.22,855.38,414.7,90.07,26.518,438.84,1.0162,0.0528,0.1116,53.3,0.1283,219
3,185,bearing_wear,27531.3,0.5015,4355.0,81.3,97.13,848.94,390.9,92.54,26.363,383.62,1.0248,0.0759,0.1116,48.75,0.1283,218
3,186,bearing_wear,28037.3,0.4924,4324.0,74.2,98.47,852.5,393.87,89.88,27.609,440.16,1.0589,0.078,0.1116,47.17,0.1283,217
3,187,bearing_wear,27737.4,0.4978,4415.0,76.7,98.09,833.76,393.26,93.37,26.735,412.53,0.9836,0.0897,0.114,45.96,0.1298,216
3,188,bearing_wear,27778.0,0.497,4340.0,73.9,98.29,833.7,391.22,88.93,26.807,429.2,0.9488,0.0546,0.1214,57.09,0.1344,215
3,189,bearing_wear,27683.9,0.4987,4392.0,73.9,98.24,857.99,399.03,93.38,27.559,441.53,0.9374,0.0602,0.1214,42.27,0.1344,214
3,190,bearing_wear,27724.4,0.498,4362.0,73.6,98.54,847.16,392.0,89.75,26.828,431.53,0.8188,0.1028,0.1214,47.91,0.1344,213
3,191,bearing_wear,27966.8,0.4937,4266.0,70.3,99.36,846.0,403.57,91.96,26.63,448.29,1.0685,0.0692,0.1248,52.88,0.1365,212
3,192,bearing_wear,27756.4,0.4974,4345.0,74.5,98.78,838.32,387.73,94.52,26.455,420.37,0.9356,0.0731,0.1248,60.17,0.1365,211
3,193,bearing_wear,28049.6,0.4922,4276.0,73.7,98.13,847.7,388.3,93.18,26.248,421.22,1.0018,0.069,0.1248,55.05,0.1365,210
3,194,bearing_wear,27852.7,0.4957,4344.0,78.5,99.17,840.1,394.39,89.44,27.12,408.91,1.0157,0.0952,0.1248,48.05,0.1365,209
3,195,bearing_wear,27782.1,0.497,4305.0,71.4,99.79,855.21,388.26,91.38,26.906,446.02,0.8617,0.0959,0.1248,59.93,0.1365,208
3,196,bearing_wear,27895.1,0.4949,4373.0,73.3,97.81,869.27,402.75,89.8,27.008,436.31,0.8939,0.0961,0.1308,45.83,0.1401,207
3,197,bearing_wear,28033.3,0.4925,4269.0,72.3,98.62,851.35,389.21,89.46,26.644,436.14,1.0958,0.0753,0.1348,54.15,0.1424,206
3,198,bearing_wear,27948.0,0.494,4351.0,79.3,100.46,845.92,388.09,93.08,27.266,406.79,0.9952,0.0573,0.1348,55.26,0.1424,205
3,199,bearing_wear,27999.8,0.4931,4384.0,72.4,97.13,827.97,394.55,94.03,26.118,426.99,0.9314,0.1145,0.1403,48.7,0.1457,204
3,200,bearing_wear,28102.5,0.4912,4404.0,76.7,101.5,836.91,387.54,93.79,27.295,421.22,0.9678,0.0931,0.1403,56.6,0.1457,203
3,201,bearing_wear,28162.2,0.4902,4304.0,77.9,96.92,864.59,386.02,94.22,27.267,414.18,1.0745,0.0689,0.1496,51.01,0.1509,202
3,202,bearing_wear,27953.3,0.4939,4351.0,74.6,98.4,842.24,405.03,92.99,27.791,441.1,1.0623,0.1066,0.1496,57.06,0.1509,201
3,203,bearing_wear,27841.5,0.4959,4361.0,70.9,97.49,845.66,386.28,92.47,26.783,447.25,0.8703,0.0674,0.1496,44.38,0.1509,200
3,204,bearing_wear,28006.1,0.493,4443.0,70.9,102.22,854.07,386.87,90.89,26.408,440.77,1.1199,0.1066,0.151,55.33,0.1517,199
3,205,bearing_wear,28060.2,0.492,4261.0,77.6,98.19,864.02,395.88,92.15,27.165,414.42,1.0664,0.108,0.151,51.59,0.1517,198
3,206,bearing_wear,27763.7,0.4973,4295.0,71.2,98.35,848.84,398.49,90.52,26.696,443.66,0.9894,0.0628,0.1631,60.0,0.1583,197
3,207,bearing_wear,27840.7,0.4959,4518.0,76.2,98.55,849.68,385.86,91.48,27.298,424.16,0.9063,0.0929,0.1631,54.03,0.1583,196
3,208,bearing_wear,27856.2,0.4956,4334.0,75.3,99.25,853.07,387.36,93.34,27.084,425.53,1.0859,0.0969,0.1631,60.5,0.1583,195
3,209,bearing_wear,27921.0,0.4945,4237.0,76.1,98.68,848.45,394.74,92.98,26.626,414.03,1.0448,0.1347,0.168,57.03,0.161,194
3,210,bearing_wear,27824.4,0.4962,4315.0,76.4,98.98,849.02,391.41,99.35,26.492,410.46,0.8901,0.0675,0.168,53.85,0.161,193
3,211,bearing_wear,28029.3,0.4925,4184.0,72.2,93.87,854.79,403.82,90.53,26.998,442.78,0.9881,0.111,0.168,58.43,0.161,192
3,212,bearing_wear,27665.5,0.4991,4364.0,72.0,99.36,853.85,382.52,93.05,27.453,451.09,1.265,0.0846,0.1761,58.84,0.1652,191
3,213,bearing_wear,27650.6,0.4993,4399.0,77.1,99.31,871.95,399.94,90.46,27.235,418.12,1.0163,0.0595,0.1761,57.23,0.1652,190
3,214,bearing_wear,27817.1,0.4963,4295.0,73.0,100.83,856.38,388.44,92.53,27.286,442.1,0.9556,0.0819,0.1761,43.41,0.1652,189
3,215,bearing_wear,27818.7,0.4963,4322.0,66.7,101.38,860.27,390.49,92.74,27.005,479.38,0.9466,0.0872,0.1883,50.52,0.1715,188
3,216,bearing_wear,27603.1,0.5002,4405.0,76.9,99.18,847.75,379.27,95.13,27.321,420.71,1.1705,0.0664,0.1898,62.42,0.1722,187
3,217,bearing_wear,27704.8,0.4984,4245.0,71.8,100.67,857.98,386.46,92.55,26.584,438.28,1.0965,0.0938,0.1898,49.22,0.1722,186
3,218,bearing_wear,27708.5,0.4983,4271.0,76.3,97.81,850.25,387.72,93.06,27.258,422.9,1.1413,0.1067,0.1898,59.91,0.1722,185
3,219,bearing_wear,27680.9,0.4988,4336.0,79.0,100.64,860.77,383.7,92.6,27.831,416.71,1.0503,0.0927,0.1915,59.11,0.1731,184
3,220,bearing_wear,27732.1,0.4979,4305.0,74.9,98.86,863.19,386.85,90.86,27.346,432.1,1.1506,0.082,0.2114,52.83,0.1829,183
3,221,bearing_wear,27577.9,0.5006,4332.0,77.8,97.95,859.54,382.09,92.35,27.608,419.88,0.9824,0.0899,0.2114,46.48,0.1829,182
3,222,bearing_wear,27864.9,0.4955,4274.0,75.3,99.44,877.13,395.04,92.89,26.971,424.06,1.0633,0.0928,0.2114,53.62,0.1829,181
3,223,bearing_wear,27680.9,0.4988,4363.0,79.6,101.88,871.83,381.42,93.84,27.339,406.69,1.0769,0.0981,0.2151,67.01,0.1847,180
3,224,bearing_wear,27449.3,0.503,4341.0,71.6,100.03,865.84,381.85,94.81,26.894,444.61,1.1645,0.116,0.2151,52.3,0.1847,179
3,225,bearing_wear,27545.6,0.5012,4383.0,74.7,102.01,864.1,382.76,93.22,27.109,429.34,1.0794,0.0992,0.2151,52.65,0.1847,178
3,226,bearing_wear,27509.5,0.5019,4362.0,76.7,98.75,874.01,391.38,93.27,27.733,427.64,1.0124,0.0679,0.2238,52.0,0.1888,177
3,227,bearing_wear,27630.8,0.4997,4362.0,74.1,101.51,847.75,386.16,90.39,26.18,417.93,1.0737,0.0863,0.2301,63.33,0.1917,176
3,228,bearing_wear,27314.6,0.5054,4263.0,78.1,98.98,872.26,389.19,94.92,27.372,414.57,0.935,0.101,0.2306,56.06,0.192,175
3,229,bearing_wear,27474.2,0.5025,4380.0,73.4,100.36,851.63,374.84,92.51,27.052,436.4,0.8897,0.1218,0.2371,54.41,0.1949,174
3,230,bearing_wear,27318.1,0.5054,4330.0,80.8,100.4,859.1,378.8,95.42,26.989,395.1,1.1449,0.1261,0.2402,64.74,0.1963,173
3,231,bearing_wear,27486.6,0.5023,4340.0,81.0,101.09,868.44,377.27,96.58,27.818,406.58,1.051,0.1363,0.2429,60.68,0.1976,172
3,232,bearing_wear,27405.9,0.5038,4413.0,75.4,100.51,871.39,388.85,93.61,26.933,422.58,1.0635,0.1043,0.2464,53.33,0.1991,171
3,233,bearing_wear,27189.6,0.5077,4307.0,76.2,99.06,853.04,389.21,91.97,27.132,421.34,1.1543,0.1179,0.25,51.95,0.2007,170
3,234,bearing_wear,27066.8,0.51,4431.0,78.1,101.6,859.99,373.92,94.06,28.142,426.45,1.2082,0.0759,0.259,64.22,0.2047,169
3,235,bearing_wear,27126.6,0.5089,4437.0,70.9,102.92,861.85,374.97,94.84,27.385,456.91,1.1448,0.1151,0.2649,58.74,0.2073,168
3,236,bearing_wear,26966.4,0.5118,4395.0,70.5,99.48,859.69,375.22,93.54,27.192,456.29,1.2594,0.0858,0.2682,51.04,0.2087,167
3,237,bearing_wear,27186.7,0.5078,4291.0,78.2,97.62,871.85,380.06,93.05,27.575,417.31,1.1454,0.1061,0.2682,49.87,0.2087,166
3,238,bearing_wear,26885.9,0.5133,4219.0,75.2,101.13,891.14,391.65,95.31,27.18,427.63,1.1306,0.1683,0.2695,53.26,0.2093,165
3,239,bearing_wear,26751.2,0.5158,4415.0,73.7,100.04,867.63,376.23,95.31,27.975,449.31,1.1396,0.1176,0.2843,53.21,0.2156,164
3,240,bearing_wear,26679.4,0.5171,4357.0,74.4,100.48,859.91,392.38,93.73,27.556,438.53,1.0296,0.0977,0.2972,49.66,0.221,163
3,241,bearing_wear,26501.1,0.5204,4305.0,67.1,101.49,851.81,389.96,91.11,26.502,467.15,1.2089,0.1231,0.2972,54.39,0.221,162
3,242,bearing_wear,26699.5,0.5167,4420.0,73.7,99.99,862.86,384.56,95.33,26.635,427.76,0.9368,0.1046,0.2972,55.29,0.221,161
3,243,bearing_wear,26424.5,0.5218,4298.0,72.0,100.34,857.69,386.33,92.94,27.328,449.41,1.0918,0.0976,0.304,57.83,0.2238,160
3,244,bearing_wear,26642.0,0.5178,4325.0,76.9,100.6,871.44,378.46,94.9,27.377,421.1,1.1406,0.1589,0.304,68.6,0.2238,159
3,245,bearing_wear,26211.5,0.5258,4381.0,77.1,103.15,873.11,380.34,94.93,26.867,412.22,1.0933,0.1433,0.3232,59.5,0.2315,158
3,246,bearing_wear,26351.2,0.5232,4283.0,75.8,100.98,865.14,379.58,90.85,27.532,429.64,1.1203,0.1289,0.3232,60.0,0.2315,157
3,247,bearing_wear,26429.6,0.5217,4343.0,75.3,99.08,884.44,388.44,94.79,27.218,428.03,1.3036,0.1142,0.3232,63.38,0.2315,156
3,248,bearing_wear,25857.6,0.5325,4415.0,69.5,99.19,860.35,377.05,95.71,27.203,462.99,1.2504,0.1175,0.3293,59.87,0.234,155
3,249,bearing_wear,26405.0,0.5222,4363.0,75.8,101.24,868.67,378.6,95.98,27.545,430.31,1.1102,0.1554,0.3325,63.17,0.2352,154
3,250,bearing_wear,25958.7,0.5306,4425.0,75.8,99.53,876.51,373.26,95.1,27.157,423.83,1.146,0.1363,0.3529,63.28,0.2431,153
3,251,bearing_wear,25962.3,0.5305,4418.0,77.6,98.89,879.43,383.28,90.91,27.762,423.2,1.0814,0.0685,0.3529,62.49,0.2431,152
3,252,bearing_wear,25943.9,0.5309,4350.0,80.2,102.22,884.1,367.38,97.44,27.469,405.29,1.2431,0.1795,0.3563,75.83,0.2444,151
3,253,bearing_wear,25882.6,0.532,4210.0,68.7,102.37,872.38,393.38,95.78,26.819,461.79,1.1755,0.1375,0.3661,66.89,0.2481,150
3,254,bearing_wear,25728.7,0.5349,4284.0,72.6,100.8,879.29,377.54,92.56,27.011,440.33,1.0381,0.1407,0.3661,56.92,0.2481,149
3,255,bearing_wear,25749.6,0.5345,4396.0,71.5,101.88,865.84,363.93,93.46,27.623,457.29,1.2126,0.1584,0.3762,64.52,0.2519,148
3,256,bearing_wear,25588.6,0.5376,4257.0,74.2,101.8,880.46,374.3,95.56,27.23,434.39,1.2463,0.1481,0.3836,58.96,0.2547,147
3,257,bearing_wear,25684.1,0.5358,4330.0,73.7,102.42,880.09,365.24,96.45,27.86,447.61,1.2883,0.1537,0.3836,65.15,0.2547,146
3,258,bearing_wear,25406.1,0.5411,4370.0,72.9,102.54,885.67,376.16,94.22,27.994,454.66,1.2176,0.1342,0.3974,56.5,0.2597,145
3,259,bearing_wear,25528.6,0.5388,4438.0,76.6,97.78,862.45,362.32,96.88,27.215,420.46,1.1978,0.1194,0.402,57.98,0.2614,144
3,260,bearing_wear,25273.7,0.5436,4315.0,70.2,101.39,866.01,375.13,91.7,25.967,437.99,1.3942,0.1521,0.4108,65.52,0.2645,143
3,261,bearing_wear,24770.8,0.5534,4311.0,70.3,102.59,880.44,380.7,93.25,27.569,464.16,1.2417,0.1771,0.4174,69.01,0.2669,142
3,262,bearing_wear,25334.9,0.5425,4347.0,70.3,101.28,853.37,367.49,91.27,27.026,455.03,1.307,0.1382,0.4268,66.83,0.2702,141
3,263,bearing_wear,24757.1,0.5537,4371.0,72.2,102.1,880.79,367.64,93.73,26.954,441.63,1.2211,0.1415,0.4438,69.12,0.2761,140
3,264,bearing_wear,24966.2,0.5496,4341.0,69.6,103.17,884.01,362.94,98.54,26.905,457.68,1.3195,0.1805,0.4438,66.72,0.2761,139
3,265,bearing_wear,24642.9,0.5559,4413.0,73.1,102.18,872.75,364.75,99.65,27.185,440.38,1.1489,0.1473,0.445,65.75,0.2765,138
3,266,bearing_wear,24693.6,0.5549,4302.0,72.6,104.47,874.99,387.02,96.12,27.866,453.94,1.2431,0.1532,0.4619,62.89,0.2823,137
3,267,bearing_wear,24325.3,0.5621,4357.0,70.7,103.95,869.37,373.09,94.41,27.304,456.85,1.1891,0.1559,0.4685,69.68,0.2846,136
3,268,bearing_wear,24415.0,0.5604,4377.0,75.7,102.16,876.86,365.36,95.3,28.058,438.92,1.2444,0.1645,0.4767,70.98,0.2873,135
3,269,bearing_wear,24174.3,0.5651,4326.0,72.8,102.27,877.81,364.06,96.89,27.605,448.79,1.4181,0.1431,0.5062,66.42,0.2971,134
3,270,bearing_wear,24338.7,0.5619,4400.0,76.1,98.3,877.94,363.76,92.82,27.482,427.37,1.2691,0.1638,0.5062,66.15,0.2971,133
3,271,bearing_wear,24055.9,0.5675,4359.0,72.3,102.1,875.79,366.7,94.81,27.223,445.8,1.378,0.1801,0.509,74.77,0.298,132
3,272,bearing_wear,24017.2,0.5683,4397.0,72.7,100.56,879.75,361.48,98.83,27.631,449.67,1.4419,0.1799,0.509,66.72,0.298,131
3,273,bearing_wear,23437.4,0.5799,4362.0,71.0,102.92,878.81,368.96,93.87,27.634,460.33,1.3183,0.1986,0.509,67.2,0.298,130
3,274,bearing_wear,23633.0,0.5759,4373.0,72.6,102.94,897.88,358.69,94.55,27.816,453.14,1.412,0.2165,0.5232,69.65,0.3025,129
3,275,bearing_wear,23589.8,0.5768,4312.0,74.7,103.91,882.12,360.59,96.2,27.46,434.8,1.3912,0.2158,0.5423,67.29,0.3086,128
3,276,bearing_wear,23442.7,0.5798,4312.0,71.3,105.01,886.78,368.17,96.78,27.436,455.34,1.3638,0.2059,0.5491,63.87,0.3108,127
3,277,bearing_wear,23432.9,0.58,4423.0,74.0,102.96,881.45,352.82,95.03,27.774,443.98,1.4227,0.1877,0.5589,70.14,0.3139,126
3,278,bearing_wear,23112.0,0.5865,4388.0,70.0,106.44,879.6,365.74,96.46,27.148,459.14,1.5133,0.1794,0.563,68.17,0.3151,125
3,279,bearing_wear,23050.9,0.5878,4289.0,74.6,103.44,873.59,365.78,97.57,27.136,430.35,1.3223,0.1949,0.5716,77.81,0.3178,124
3,280,bearing_wear,23096.0,0.5868,4361.0,70.5,101.21,873.44,350.61,100.35,27.035,453.58,1.3068,0.2101,0.5839,72.88,0.3216,123
3,281,bearing_wear,22451.0,0.6001,4208.0,74.8,102.49,879.78,368.83,96.3,27.536,435.85,1.3183,0.2209,0.6034,66.5,0.3275,122
3,282,bearing_wear,22753.7,0.5939,4316.0,72.3,102.86,890.47,352.01,96.54,27.763,454.28,1.4892,0.2206,0.6153,73.44,0.3311,121
3,283,bearing_wear,22486.4,0.5994,4408.0,76.6,104.32,899.77,361.68,99.68,28.261,436.41,1.5,0.2058,0.6153,71.34,0.3311,120
3,284,bearing_wear,22269.4,0.6039,4342.0,68.5,102.15,874.21,358.14,95.65,26.751,461.88,1.3843,0.2307,0.6368,76.92,0.3374,119
3,285,bearing_wear,22325.1,0.6027,4357.0,67.5,103.12,883.6,370.01,94.1,26.992,473.21,1.2564,0.2402,0.6368,67.75,0.3374,118
3,286,bearing_wear,22325.8,0.6027,4169.0,70.0,103.48,879.59,373.69,97.37,27.259,460.76,1.3896,0.2389,0.6567,71.84,0.3433,117
3,287,bearing_wear,22163.3,0.6061,4326.0,67.6,103.08,887.54,352.77,99.05,27.583,482.61,1.4915,0.2222,0.6616,70.53,0.3447,116
3,288,bearing_wear,21851.6,0.6127,4370.0,67.6,105.19,900.14,343.24,97.79,27.08,474.29,1.467,0.2159,0.6921,72.1,0.3534,115
3,289,bearing_wear,21866.2,0.6123,4378.0,73.5,104.94,890.93,350.46,96.87,27.476,442.34,1.4868,0.2155,0.6921,67.38,0.3534,114
3,290,bearing_wear,21726.8,0.6153,4408.0,71.6,105.8,893.77,345.66,94.23,26.976,446.13,1.4386,0.2222,0.7021,74.94,0.3563,113
3,291,bearing_wear,21443.9,0.6213,4337.0,70.1,103.67,906.11,366.59,97.11,27.661,467.26,1.5755,0.2466,0.7193,74.59,0.3611,112
3,292,bearing_wear,21212.2,0.6263,4340.0,70.3,105.97,898.23,355.44,99.69,27.415,461.77,1.5218,0.2518,0.7193,78.92,0.3611,111
3,293,bearing_wear,21078.7,0.6291,4270.0,69.6,102.25,889.27,363.67,94.86,27.193,462.7,1.5562,0.2192,0.7379,72.91,0.3663,110
3,294,bearing_wear,21156.2,0.6275,4338.0,76.2,102.3,900.63,352.42,96.9,27.762,431.06,1.531,0.2411,0.7491,71.18,0.3693,109
3,295,bearing_wear,20879.4,0.6334,4274.0,69.0,102.62,889.77,355.7,96.67,27.893,478.52,1.5688,0.2596,0.7599,77.45,0.3723,108
3,296,bearing_wear,20582.8,0.6399,4239.0,67.1,104.55,899.71,357.63,96.13,26.943,474.89,1.5751,0.2415,0.7745,69.89,0.3762,107
3,297,bearing_wear,20339.8,0.6452,4285.0,73.4,106.57,905.46,360.66,98.19,27.415,441.89,1.4891,0.2787,0.806,80.04,0.3847,106
3,298,bearing_wear,20568.7,0.6402,4441.0,70.3,103.85,888.84,348.11,98.58,28.065,472.42,1.5932,0.2638,0.806,80.03,0.3847,105
3,299,bearing_wear,20212.2,0.648,4334.0,77.0,104.21,905.84,344.15,98.68,28.017,430.66,1.6447,0.2632,0.8288,81.45,0.3907,104
3,300,bearing_wear,20192.8,0.6484,4363.0,69.2,104.66,900.3,358.19,95.92,27.799,475.32,1.6832,0.2827,0.8408,77.32,0.3938,103
3,301,bearing_wear,20176.9,0.6488,4319.0,73.2,105.85,907.61,348.9,94.58,27.934,451.32,1.624,0.2895,0.8408,73.01,0.3938,102
3,302,bearing_wear,19641.2,0.6607,4243.0,73.9,104.49,912.09,350.23,98.57,27.826,445.77,1.5392,0.2758,0.8737,76.75,0.4023,101
3,303,bearing_wear,19676.1,0.6599,4406.0,69.0,104.39,906.81,327.81,97.03,27.407,470.2,1.5515,0.2879,0.8737,78.1,0.4023,100
3,304,bearing_wear,19501.5,0.6638,4220.0,68.2,103.38,902.03,356.41,101.89,27.864,483.27,1.6072,0.3134,0.9066,74.16,0.4106,99
3,305,bearing_wear,19427.0,0.6655,4317.0,72.6,104.57,914.25,348.24,102.0,28.261,460.66,1.6593,0.2897,0.9093,83.68,0.4113,98
3,306,bearing_wear,19397.7,0.6661,4347.0,72.0,107.33,900.76,345.71,102.32,28.214,463.63,1.6518,0.2796,0.932,80.43,0.417,97
3,307,bearing_wear,18853.0,0.6785,4364.0,66.0,105.7,894.21,341.79,96.46,26.945,483.32,1.5725,0.2823,0.933,73.09,0.4172,96
3,308,bearing_wear,18977.4,0.6756,4306.0,66.7,104.67,881.45,342.11,99.65,28.016,496.81,1.5983,0.3166,0.9673,87.72,0.4257,95
3,309,bearing_wear,18885.0,0.6777,4240.0,62.4,107.79,905.76,345.48,100.39,27.115,514.05,1.5418,0.3081,0.9947,79.4,0.4323,94
3,310,bearing_wear,18539.5,0.6856,4302.0,71.7,105.07,904.41,347.36,100.16,27.515,453.94,1.4601,0.3275,0.9947,73.44,0.4323,93
3,311,bearing_wear,18382.9,0.6893,4305.0,69.1,108.18,913.71,347.54,98.02,27.604,472.93,1.7118,0.3736,1.0113,75.12,0.4363,92
3,312,bearing_wear,18301.2,0.6911,4304.0,69.3,108.34,896.53,341.03,101.44,28.043,479.0,1.932,0.3239,1.0431,87.39,0.4439,91
3,313,bearing_wear,18124.0,0.6953,4408.0,64.6,106.42,905.77,342.07,98.97,27.662,506.69,1.9045,0.3526,1.0621,89.48,0.4484,90
3,314,bearing_wear,17992.3,0.6983,4277.0,66.3,104.09,915.56,342.46,99.22,27.445,489.9,1.6825,0.4009,1.0621,85.4,0.4484,89
3,315,bearing_wear,17820.8,0.7023,4368.0,68.1,110.12,907.42,332.92,96.16,28.036,487.43,1.8167,0.3873,1.1207,88.17,0.462,88
3,316,bearing_wear,17419.9,0.7118,4359.0,67.4,107.27,918.62,337.55,100.53,27.717,486.7,1.6878,0.3719,1.1211,87.67,0.462,87
3,317,bearing_wear,17545.2,0.7088,4408.0,69.7,106.33,913.15,324.88,98.82,27.586,468.56,1.7167,0.3842,1.1434,84.83,0.4671,86
3,318,bearing_wear,17400.2,0.7122,4342.0,71.0,108.31,918.46,337.33,100.31,27.618,460.48,1.7328,0.3993,1.1528,83.88,0.4693,85
3,319,bearing_wear,17080.4,0.7198,4397.0,75.9,107.94,925.97,323.91,99.86,28.363,441.98,1.8106,0.4246,1.1528,84.93,0.4693,84
3,320,bearing_wear,16654.8,0.73,4340.0,69.0,109.13,927.96,327.75,99.98,27.79,476.75,1.8533,0.3993,1.2058,86.98,0.4811,83
3,321,bearing_wear,16687.0,0.7293,4376.0,72.3,106.21,922.97,319.79,99.55,27.475,449.75,1.8917,0.3965,1.2106,79.69,0.4822,82
3,322,bearing_wear,16557.7,0.7324,4260.0,66.4,107.87,914.54,335.2,101.38,28.037,499.96,1.9518,0.3977,1.2477,87.79,0.4903,81
3,323,bearing_wear,16180.2,0.7416,4192.0,63.7,105.67,916.65,348.85,99.46,27.357,507.97,1.8805,0.4317,1.2596,91.66,0.4929,80
3,324,bearing_wear,16120.2,0.743,4373.0,67.6,108.62,928.73,328.31,97.07,28.441,497.83,1.9316,0.4123,1.2887,83.9,0.4992,79
3,325,bearing_wear,15784.1,0.7513,4376.0,63.8,107.62,913.97,332.36,101.16,27.019,501.37,1.8478,0.4345,1.2977,83.54,0.5012,78
3,326,bearing_wear,15907.0,0.7483,4379.0,68.5,108.34,925.27,340.69,98.6,27.828,480.64,1.8617,0.4429,1.3443,88.38,0.5111,77
3,327,bearing_wear,15660.2,0.7543,4319.0,66.0,107.69,922.37,332.0,97.57,27.471,492.32,1.8493,0.4826,1.3443,82.75,0.5111,76
3,328,bearing_wear,15206.9,0.7656,4439.0,62.4,107.88,925.98,316.36,98.46,27.194,515.61,2.0707,0.4768,1.413,80.7,0.5254,75
3,329,bearing_wear,15324.0,0.7627,4322.0,73.4,107.11,925.35,322.11,101.18,28.066,452.57,2.0097,0.5043,1.438,93.49,0.5306,74
3,330,bearing_wear,15079.4,0.7688,4375.0,66.5,109.67,915.9,322.62,100.49,28.565,508.58,1.899,0.4707,1.4547,85.8,0.534,73
3,331,bearing_wear,14981.0,0.7713,4386.0,63.1,110.82,934.11,317.54,96.5,27.725,520.22,2.0584,0.5133,1.4754,88.53,0.5382,72
3,332,bearing_wear,14659.5,0.7794,4453.0,70.6,107.79,941.68,314.39,100.02,27.806,466.24,1.968,0.4889,1.4816,85.5,0.5394,71
3,333,bearing_wear,14411.9,0.7857,4331.0,65.6,109.68,919.15,328.12,103.31,27.125,489.34,2.233,0.5219,1.527,95.76,0.5486,70
3,334,bearing_wear,14229.5,0.7904,4311.0,71.0,109.55,939.48,329.07,100.1,27.495,458.57,2.0598,0.5778,1.5353,93.79,0.5502,69
3,335,bearing_wear,14076.5,0.7943,4260.0,65.4,108.93,942.66,315.37,100.7,27.638,500.24,2.1646,0.5544,1.5409,88.42,0.5514,68
3,336,bearing_wear,13971.3,0.797,4443.0,65.9,106.99,942.23,308.54,103.41,27.679,497.37,2.25,0.5622,1.6158,85.05,0.5661,67
3,337,bearing_wear,13801.1,0.8014,4375.0,68.4,107.45,936.4,313.25,103.0,28.012,484.54,2.1027,0.6377,1.6389,89.61,0.5705,66
3,338,bearing_wear,13559.8,0.8077,4377.0,69.1,108.28,932.98,319.14,103.5,27.239,466.78,2.1931,0.5598,1.6501,94.4,0.5727,65
3,339,bearing_wear,13333.7,0.8136,4537.0,69.5,106.3,941.86,314.03,95.95,28.144,479.36,2.239,0.6058,1.6612,92.68,0.5749,64
3,340,bearing_wear,13152.4,0.8184,4370.0,66.8,111.81,943.54,330.38,105.12,28.458,504.13,2.232,0.5676,1.7014,92.97,0.5825,63
3,341,bearing_wear,13388.4,0.8122,4272.0,68.6,110.31,943.67,315.87,102.97,28.809,497.3,2.2595,0.5978,1.7126,93.68,0.5847,62
3,342,bearing_wear,12703.0,0.8303,4338.0,69.1,110.06,944.86,310.3,106.9,27.484,470.68,2.1766,0.6057,1.7881,97.69,0.5989,61
3,343,bearing_wear,12540.4,0.8346,4292.0,67.4,106.82,936.77,318.66,100.41,27.817,488.68,2.3273,0.6378,1.7881,93.69,0.5989,60
3,344,bearing_wear,12923.0,0.8244,4326.0,66.2,107.62,950.44,307.5,98.65,27.763,496.08,2.2813,0.6553,1.8421,97.04,0.6088,59
3,345,bearing_wear,12296.1,0.8411,4326.0,62.2,110.41,949.41,310.29,102.24,27.932,531.28,2.3582,0.6539,1.8566,90.1,0.6115,58
3,346,bearing_wear,11829.3,0.8538,4315.0,68.2,113.49,951.22,308.41,101.77,27.762,481.42,2.4203,0.6915,1.8806,108.2,0.6159,57
3,347,bearing_wear,11965.2,0.8501,4266.0,66.5,109.76,952.08,295.58,103.85,28.856,513.76,2.4425,0.6834,1.9425,95.02,0.6271,56
3,348,bearing_wear,11504.1,0.8626,4446.0,65.0,112.22,964.88,302.28,104.78,28.128,512.15,2.4341,0.7115,1.9679,97.86,0.6316,55
3,349,bearing_wear,11578.1,0.8606,4368.0,70.0,110.46,951.1,302.55,102.65,28.393,480.28,2.4952,0.744,2.0233,100.56,0.6414,54
3,350,bearing_wear,11210.6,0.8707,4336.0,61.7,111.24,962.25,312.84,102.35,28.587,547.96,2.4991,0.6981,2.0236,95.68,0.6415,53
3,351,bearing_wear,10976.0,0.8772,4395.0,70.8,113.2,952.43,300.86,104.03,28.517,476.35,2.5944,0.7314,2.0691,98.49,0.6494,52
3,352,bearing_wear,11082.4,0.8743,4378.0,65.7,110.89,964.97,293.87,102.51,28.383,510.94,2.4783,0.7513,2.0783,98.57,0.6511,51
3,353,bearing_wear,10724.4,0.8842,4367.0,66.7,110.55,968.0,299.14,102.48,28.003,497.2,2.522,0.7799,2.1198,94.67,0.6582,50
3,354,bearing_wear,10583.2,0.8882,4391.0,64.4,114.18,958.76,283.57,105.61,27.685,508.7,2.6563,0.841,2.2287,103.11,0.6768,49
3,355,bearing_wear,10299.6,0.8961,4358.0,60.5,112.3,974.09,289.15,106.21,27.78,543.57,2.5724,0.8271,2.2736,93.35,0.6844,48
3,356,bearing_wear,9964.2,0.9056,4390.0,65.0,113.9,966.96,298.48,105.87,29.17,531.46,2.508,0.8271,2.2784,110.43,0.6851,47
3,357,bearing_wear,9918.5,0.907,4395.0,66.3,111.34,957.75,292.19,103.45,28.642,511.49,2.6705,0.8263,2.3029,106.0,0.6892,46
3,358,bearing_wear,9803.5,0.9102,4360.0,67.2,114.69,964.09,299.46,99.67,28.583,503.48,2.6484,0.872,2.3541,105.99,0.6977,45
3,359,bearing_wear,9437.1,0.9207,4337.0,64.5,113.24,977.09,281.39,103.87,27.955,513.31,2.6105,0.8866,2.4182,95.05,0.7082,44
3,360,bearing_wear,9481.3,0.9195,4442.0,58.4,113.55,973.0,285.96,102.71,28.355,575.01,2.7588,0.8946,2.4358,100.03,0.7111,43
3,361,bearing_wear,9132.2,0.9296,4321.0,60.2,113.33,960.13,288.9,104.15,27.59,542.39,2.8713,0.9231,2.4939,111.79,0.7204,42
3,362,bearing_wear,8829.5,0.9384,4373.0,70.9,112.55,974.23,293.73,103.19,28.169,470.4,2.6526,0.9532,2.5341,126.17,0.7269,41
3,363,bearing_wear,8627.9,0.9443,4375.0,61.3,113.43,973.43,290.96,104.61,28.019,540.72,2.8877,0.9461,2.5692,111.89,0.7324,40
3,364,bearing_wear,8402.8,0.9509,4313.0,68.8,112.97,973.1,292.5,102.72,29.498,507.6,2.6336,0.9623,2.6165,111.77,0.7399,39
3,365,bearing_wear,7986.0,0.9633,4302.0,61.6,115.31,994.59,296.72,102.43,29.078,558.84,2.8454,1.0138,2.6795,110.1,0.7497,38
3,366,bearing_wear,7951.1,0.9643,4329.0,63.7,113.66,979.48,283.24,107.51,28.28,525.22,3.0399,0.955,2.7031,103.57,0.7534,37
3,367,bearing_wear,7788.3,0.9692,4320.0,66.0,112.02,980.87,291.74,103.37,28.37,508.47,2.9159,1.0371,2.78,113.85,0.7652,36
3,368,bearing_wear,7482.8,0.9784,4263.0,61.6,111.86,989.74,279.49,105.4,27.734,532.97,2.9697,1.0401,2.8118,103.8,0.7701,35
3,369,bearing_wear,7385.4,0.9813,4311.0,68.7,112.04,982.94,275.15,107.5,28.882,497.48,3.0637,1.1149,2.8745,104.11,0.7796,34
3,370,bearing_wear,7127.1,0.9892,4366.0,64.0,115.83,994.13,281.32,107.65,28.676,529.9,2.9144,1.1162,2.9515,104.83,0.7911,33
3,371,bearing_wear,7028.6,0.9922,4426.0,65.1,113.26,973.95,264.2,107.48,29.001,527.32,3.0711,1.1234,2.973,116.37,0.7943,32
3,372,bearing_wear,6800.3,0.9991,4383.0,62.8,115.71,984.98,276.78,106.72,28.951,545.68,3.1186,1.1675,3.0489,112.21,0.8055,31
3,373,bearing_wear,6513.8,1.008,4194.0,65.5,115.47,998.33,283.42,107.56,28.667,518.33,3.2624,1.1566,3.0489,113.0,0.8055,30
3,374,bearing_wear,6071.1,1.0217,4388.0,68.1,115.47,1006.45,277.37,109.09,29.169,506.91,3.0661,1.1972,3.1306,113.49,0.8174,29
3,375,bearing_wear,6331.9,1.0136,4317.0,62.9,116.46,987.2,272.44,107.39,28.386,534.45,3.1765,1.2374,3.1975,108.81,0.8271,28
3,376,bearing_wear,5828.7,1.0293,4377.0,68.3,116.4,992.07,267.59,103.15,29.258,506.78,3.1939,1.2714,3.2951,112.34,0.841,27
3,377,bearing_wear,5624.2,1.0357,4349.0,61.2,112.08,1000.16,271.71,105.76,28.412,549.54,3.1854,1.2713,3.2951,112.59,0.841,26
3,378,bearing_wear,5371.0,1.0437,4338.0,65.2,115.94,994.99,263.29,108.43,29.077,527.79,3.4055,1.2943,3.3709,109.63,0.8517,25
3,379,bearing_wear,5134.8,1.0512,4344.0,64.3,117.39,1000.25,260.39,106.04,29.034,534.72,3.376,1.3348,3.4652,115.32,0.8649,24
3,380,bearing_wear,5225.1,1.0484,4349.0,59.5,119.25,1007.43,266.9,110.57,28.629,569.72,3.3377,1.3653,3.4786,112.6,0.8667,23
3,381,bearing_wear,4986.4,1.056,4431.0,63.2,119.58,1000.21,257.91,107.42,29.18,546.39,3.3873,1.4051,3.554,121.83,0.8771,22
3,382,bearing_wear,4630.0,1.0674,4349.0,62.5,115.27,990.76,257.86,107.92,28.226,534.74,3.4305,1.4058,3.6301,123.18,0.8875,21
3,383,bearing_wear,4331.7,1.0771,4415.0,59.8,116.99,996.58,254.98,110.17,28.296,560.26,3.4757,1.4786,3.6922,114.16,0.8959,20
3,384,bearing_wear,4224.9,1.0806,4406.0,63.3,115.5,1011.7,263.13,107.81,28.871,539.86,3.4721,1.5244,3.7898,120.33,0.909,19
3,385,bearing_wear,3927.1,1.0903,4390.0,62.5,120.27,997.58,250.7,108.65,28.376,536.98,3.5785,1.5487,3.8324,131.6,0.9147,18
3,386,bearing_wear,3671.3,1.0987,4243.0,61.8,119.8,1012.31,255.78,110.33,28.786,551.54,3.6246,1.5774,3.9215,118.47,0.9264,17
3,387,bearing_wear,3534.1,1.1032,4417.0,61.7,118.91,1004.41,238.91,105.67,28.807,552.88,3.6118,1.5991,3.9531,125.88,0.9305,16
3,388,bearing_wear,3200.5,1.1143,4323.0,61.5,118.84,1030.37,252.16,108.2,29.498,567.81,3.7227,1.6598,4.0156,125.01,0.9387,15
3,389,bearing_wear,3087.6,1.1181,4393.0,60.5,120.93,1036.5,250.86,110.65,29.013,567.22,3.7804,1.6505,4.1002,130.93,0.9496,14
3,390,bearing_wear,2863.3,1.1256,4292.0,61.9,120.85,1012.89,255.8,109.26,29.475,563.18,3.748,1.6606,4.1522,127.54,0.9563,13
3,391,bearing_wear,2705.9,1.1309,4279.0,59.5,121.13,1025.36,249.46,112.35,29.087,578.82,3.8493,1.7057,4.2663,125.22,0.9708,12
3,392,bearing_wear,2305.2,1.1445,4469.0,69.3,120.27,1022.07,243.79,106.41,29.364,501.76,4.067,1.7986,4.3223,128.34,0.9779,11
3,393,bearing_wear,2287.1,1.1451,4293.0,56.9,119.26,1023.08,249.64,106.36,28.924,601.14,4.1063,1.8334,4.3934,129.22,0.9868,10
3,394,bearing_wear,1826.9,1.1608,4419.0,59.3,121.27,1044.11,243.21,111.54,29.35,585.76,3.9164,1.8321,4.5012,129.55,1.0001,9
3,395,bearing_wear,1659.2,1.1666,4357.0,59.4,121.47,1027.11,244.62,111.84,29.561,588.76,3.9517,1.856,4.542,123.87,1.0052,8
3,396,bearing_wear,1447.8,1.1739,4325.0,66.9,120.37,1035.8,246.9,110.03,29.537,522.19,4.0165,1.9277,4.6714,138.1,1.021,7
3,397,bearing_wear,1148.4,1.1844,4347.0,56.7,120.27,1026.86,234.18,111.35,28.341,591.11,4.217,1.9848,4.7243,137.8,1.0274,6
3,398,bearing_wear,1243.4,1.181,4272.0,61.9,122.89,1049.47,228.28,112.34,28.674,548.53,4.1746,1.9972,4.8507,128.61,1.0426,5
3,399,bearing_wear,727.6,1.1991,4349.0,61.2,123.83,1015.12,235.33,109.34,29.211,564.74,4.2537,2.0074,4.8986,132.84,1.0483,4
3,400,bearing_wear,549.9,1.2054,4285.0,61.4,120.54,1040.73,236.8,109.82,28.462,549.02,4.461,2.1473,5.0131,134.44,1.0618,3
3,401,bearing_wear,624.8,1.2028,4326.0,63.9,121.51,1047.23,237.82,111.8,30.303,560.84,4.3461,2.1496,5.0917,130.61,1.071,2
3,402,bearing_wear,132.7,1.2203,4406.0,63.8,122.74,1044.94,229.9,113.48,29.857,554.12,4.4651,2.206,5.198,128.17,1.0834,1
4,0,injector_drift,0.0,1.225,4349.0,61.6,95.83,823.73,415.23,89.65,25.883,497.25,0.8136,0.0234,0.0,39.14,0.0212,315
4,1,injector_drift,225.8,1.2169,4443.0,60.2,95.34,825.6,418.67,93.48,24.411,479.69,0.7856,0.039,0.0,41.89,0.025,314
4,2,injector_drift,342.3,1.2128,4350.0,60.4,94.85,831.73,415.35,87.25,25.372,497.36,0.9501,0.0441,0.0,41.06,0.025,313
4,3,injector_drift,864.2,1.1943,4311.0,60.0,95.75,802.48,427.04,89.93,24.916,491.82,0.8264,0.0425,0.0,40.03,0.025,312
4,4,injector_drift,1291.1,1.1794,4385.0,58.0,94.92,807.66,411.0,89.43,25.472,519.5,0.9683,0.0771,0.0,43.72,0.025,311
4,5,injector_drift,1522.0,1.1714,4301.0,61.8,95.6,821.96,403.76,93.58,26.576,509.3,0.8575,0.0769,0.0,45.02,0.025,310
4,6,injector_drift,1655.5,1.1667,4382.0,60.0,96.37,811.89,413.41,90.87,25.603,504.72,0.9267,0.1017,0.0,52.08,0.025,309
4,7,injector_drift,1677.1,1.166,4375.0,58.3,95.15,821.65,424.42,86.33,25.546,518.28,0.7963,0.0424,0.0,46.08,0.0255,308
4,8,injector_drift,2339.0,1.1433,4339.0,64.2,95.5,819.56,419.05,87.91,26.282,484.18,0.8413,0.0898,0.0,50.33,0.0263,307
4,9,injector_drift,2531.9,1.1368,4384.0,61.6,95.5,829.24,410.48,88.5,25.799,495.3,0.9111,0.0897,0.0,38.27,0.0263,306
4,10,injector_drift,2851.6,1.126,4261.0,60.8,95.39,825.3,421.07,92.46,25.667,499.51,0.8888,0.0543,0.0,34.68,0.0298,305
4,11,injector_drift,3356.0,1.1091,4360.0,65.7,95.21,827.87,419.98,92.21,26.415,476.07,0.8589,0.0684,0.0,42.61,0.0298,304
4,12,injector_drift,3219.3,1.1137,4322.0,56.3,97.0,811.4,415.51,89.99,25.67,539.75,0.7902,0.0838,0.0,46.97,0.0298,303
4,13,injector_drift,3188.9,1.1147,4522.0,65.8,93.22,818.65,421.81,89.5,26.165,470.89,0.8037,0.0578,0.0,46.19,0.0298,302
4,14,injector_drift,3738.8,1.0965,4359.0,59.4,98.23,813.83,411.07,92.03,25.616,509.94,0.9075,0.0562,0.0,48.74,0.0298,301
4,15,injector_drift,4246.1,1.0799,4314.0,62.9,96.07,805.94,422.44,88.34,25.738,484.48,0.9241,0.0464,0.0,30.0,0.0298,300
4,16,injector_drift,4453.1,1.0731,4267.0,60.6,96.78,828.64,423.34,91.51,26.108,509.7,0.769,0.0117,0.0,48.95,0.0298,299
4,17,injector_drift,4542.2,1.0703,4428.0,59.8,96.95,822.4,406.52,91.34,25.555,506.06,0.757,0.0603,0.0,44.36,0.0298,298
4,18,injector_drift,4786.6,1.0624,4329.0,66.6,94.82,817.1,413.14,90.05,26.594,472.41,0.7441,0.0447,0.0,34.96,0.0298,297
4,19,injector_drift,5220.9,1.0485,4303.0,68.4,94.51,831.19,423.12,91.39,25.789,446.23,0.8828,0.0374,0.0,46.3,0.0298,296
4,20,injector_drift,5361.2,1.044,4370.0,62.3,94.32,812.66,414.5,90.8,26.416,501.73,0.7421,0.0674,0.0,43.53,0.0298,295
4,21,injector_drift,5899.6,1.0271,4389.0,64.1,95.5,803.91,414.72,91.59,26.141,482.43,0.8819,0.0299,0.0,44.59,0.0298,294
4,22,injector_drift,6032.7,1.0229,4388.0,63.4,96.92,826.33,402.92,87.93,25.523,476.15,0.8601,0.0751,0.0,47.68,0.0298,293
4,23,injector_drift,6272.6,1.0154,4351.0,68.6,95.01,810.63,418.51,91.82,26.424,455.83,0.7728,0.0686,0.0,44.83,0.0298,292
4,24,injector_drift,6524.5,1.0076,4360.0,57.2,96.92,814.94,414.78,92.77,25.299,523.26,0.9469,0.0528,0.0,35.87,0.0359,291
4,25,injector_drift,6948.7,0.9946,4364.0,64.8,92.48,821.96,412.46,91.36,26.029,475.12,0.7048,0.0595,0.0,42.52,0.0359,290
4,26,injector_drift,7185.9,0.9874,4370.0,61.7,95.44,821.81,414.69,91.92,25.631,491.89,0.9545,0.037,0.0,35.14,0.0359,289
4,27,injector_drift,7479.3,0.9785,4375.0,56.9,97.76,823.15,409.81,90.5,25.488,529.9,0.8473,0.0758,0.0,46.48,0.0359,288
4,28,injector_drift,7744.9,0.9705,4416.0,63.1,95.77,824.07,406.7,92.5,26.285,493.35,0.6559,0.0645,0.0,50.22,0.0359,287
4,29,injector_drift,7975.1,0.9636,4353.0,69.8,94.79,827.21,411.92,90.85,26.522,449.53,0.9491,0.066,0.0,37.02,0.0359,286
4,30,injector_drift,8098.2,0.9599,4301.0,62.5,95.04,812.8,413.2,88.42,25.423,481.74,0.8995,0.0708,0.0,39.87,0.0359,285
4,31,injector_drift,8410.0,0.9507,4341.0,66.9,91.49,823.72,427.05,92.36,25.715,454.63,0.7875,0.0479,0.0,38.82,0.0359,284
4,32,injector_drift,8726.0,0.9414,4395.0,68.3,94.52,810.0,416.75,87.45,26.332,456.24,0.7446,0.0304,0.0,40.96,0.0359,283
4,33,injector_drift,9359.6,0.923,4243.0,64.8,97.61,832.8,413.09,91.28,26.152,477.53,0.6962,0.0799,0.0,45.29,0.0359,282
4,34,injector_drift,9111.4,0.9302,4243.0,65.4,95.15,809.35,431.1,89.95,25.777,466.79,1.015,0.0745,0.0,41.02,0.0359,281
4,35,injector_drift,9513.7,0.9185,4405.0,60.0,95.32,815.12,408.19,89.82,26.361,520.1,0.7479,0.0501,0.0,46.49,0.0359,280
4,36,injector_drift,9853.2,0.9088,4441.0,63.1,92.53,808.91,409.15,91.06,26.238,491.92,0.7207,0.069,0.0,48.56,0.0359,279
4,37,injector_drift,10053.9,0.9031,4274.0,68.1,93.59,816.12,422.72,89.3,25.963,450.98,0.8432,0.0859,0.0,48.74,0.0359,278
4,38,injector_drift,10520.5,0.8899,4356.0,65.7,97.81,820.87,401.42,91.74,25.781,464.15,0.6907,0.0835,0.0,37.64,0.0359,277
4,39,injector_drift,10572.0,0.8885,4326.0,66.8,96.96,817.06,413.32,90.83,26.042,461.43,0.7432,0.0495,0.0,50.16,0.0359,276
4,40,injector_drift,10841.0,0.881,4334.0,66.2,94.08,830.16,410.88,89.48,25.966,464.01,0.9014,0.031,0.0,50.56,0.0359,275
4,41,injector_drift,11255.1,0.8695,4368.0,72.5,95.16,826.56,413.38,93.45,26.99,440.32,0.8613,0.0352,0.0,51.23,0.0385,274
4,42,injector_drift,11660.2,0.8584,4272.0,64.8,96.05,817.18,419.16,91.18,26.417,482.38,0.7933,0.0553,0.0,42.68,0.0385,273
4,43,injector_drift,11854.3,0.8531,4284.0,71.1,94.31,822.93,415.92,92.03,26.412,439.91,0.8257,0.0908,0.0,39.71,0.0385,272
4,44,injector_drift,11876.0,0.8525,4332.0,66.8,93.09,831.62,413.23,93.6,26.412,468.11,0.7888,0.047,0.0,38.55,0.0385,271
4,45,injector_drift,12141.3,0.8453,4341.0,71.6,95.87,831.54,419.89,93.57,26.759,442.35,0.8192,0.0496,0.0,37.96,0.0385,270
4,46,injector_drift,12406.7,0.8382,4282.0,63.0,96.95,810.85,418.25,91.93,25.936,487.45,0.7633,0.0492,0.0,43.53,0.0385,269
4,47,injector_drift,12671.5,0.8311,4397.0,67.3,97.08,817.48,410.3,90.24,26.348,463.11,0.7812,0.052,0.0,48.03,0.0421,268
4,48,injector_drift,12770.9,0.8284,4325.0,65.7,97.5,825.93,414.56,87.98,26.329,474.05,0.7788,0.0624,0.0,50.32,0.0421,267
4,49,injector_drift,13285.7,0.8149,4325.0,67.5,93.86,825.89,424.65,91.26,26.391,462.97,0.7699,0.0371,0.0,41.39,0.0424,266
4,50,injector_drift,13422.1,0.8113,4367.0,70.8,96.29,816.35,412.55,93.04,26.087,435.8,0.9115,0.0844,0.0,43.62,0.0424,265
4,51,injector_drift,13629.0,0.8059,4342.0,68.4,95.79,829.54,409.67,91.56,25.984,449.29,0.8896,0.0598,0.0,43.3,0.0424,264
4,52,injector_drift,13688.2,0.8043,4400.0,71.1,96.08,817.82,398.35,83.97,26.3,437.77,0.7537,0.1124,0.0,40.67,0.0427,263
4,53,injector_drift,14130.1,0.7929,4294.0,65.6,95.88,832.6,406.51,92.59,25.8,465.76,0.7327,0.0393,0.0,47.52,0.0427,262
4,54,injector_drift,14077.2,0.7943,4266.0,65.2,95.21,826.24,413.7,92.72,25.474,462.19,0.8157,0.0946,0.0,45.66,0.0427,261
4,55,injector_drift,14512.9,0.7831,4331.0,67.9,91.68,814.28,412.59,90.25,26.492,461.94,1.0007,0.0906,0.0,44.55,0.0427,260
4,56,injector_drift,14753.3,0.777,4354.0,67.8,98.04,819.88,408.15,92.9,26.371,460.07,0.7497,0.0557,0.0,45.96,0.0463,259
4,57,injector_drift,15116.9,0.7679,4276.0,67.5,96.79,819.58,417.49,92.18,25.677,450.07,0.819,0.056,0.0,47.25,0.0463,258
4,58,injector_drift,15590.4,0.7561,4267.0,65.3,94.11,824.53,412.09,89.59,25.992,470.86,0.8409,0.046,0.0,47.36,0.0481,257
4,59,injector_drift,15627.2,0.7552,4361.0,71.9,97.06,824.92,405.3,93.51,26.41,434.56,0.8251,0.0462,0.0,40.14,0.0481,256
4,60,injector_drift,15990.2,0.7462,4305.0,67.4,95.67,815.1,417.29,88.43,26.283,461.75,0.7971,0.0644,0.0,48.81,0.0481,255
4,61,injector_drift,16099.7,0.7435,4263.0,72.9,95.72,815.86,423.91,90.85,26.107,424.09,0.9262,0.0649,0.0,45.61,0.0481,254
4,62,injector_drift,16400.0,0.7362,4408.0,68.7,95.19,829.35,401.8,90.65,25.751,443.37,0.8701,0.0324,0.0,42.16,0.0481,253
4,63,injector_drift,16736.6,0.7281,4312.0,70.8,97.15,828.26,414.69,89.31,26.622,445.23,0.9015,0.1103,0.0,45.5,0.0481,252
4,64,injector_drift,16573.3,0.732,4419.0,70.6,95.14,826.74,396.46,91.57,25.791,432.27,0.8809,0.0592,0.0,46.05,0.0481,251
4,65,injector_drift,16787.0,0.7269,4352.0,66.6,94.69,826.05,402.4,93.58,26.07,463.36,0.9053,0.0658,0.0,49.74,0.0481,250
4,66,injector_drift,17228.6,0.7163,4368.0,70.3,98.04,820.78,406.92,93.46,26.255,442.11,0.9605,0.0519,0.0,39.1,0.0481,249
4,67,injector_drift,17347.8,0.7135,4337.0,75.1,96.11,829.81,418.61,92.43,26.627,419.71,0.9413,0.0594,0.0,51.04,0.0491,248
4,68,injector_drift,17599.7,0.7075,4191.0,70.2,96.15,846.19,414.46,87.59,26.483,446.67,1.0208,0.0576,0.0,44.53,0.0491,247
4,69,injector_drift,17745.9,0.7041,4282.0,72.2,97.41,836.31,409.68,88.31,27.145,444.75,0.9322,0.0647,0.0,41.89,0.0491,246
4,70,injector_drift,17908.6,0.7003,4342.0,71.7,95.37,824.35,411.76,91.31,25.835,426.29,0.7812,0.0644,0.0,41.73,0.0491,245
4,71,injector_drift,18454.2,0.6876,4372.0,70.7,95.7,822.23,410.07,90.94,26.767,448.2,0.9039,0.0812,0.0,39.52,0.0503,244
4,72,injector_drift,18257.3,0.6922,4243.0,70.4,96.86,803.4,411.6,90.01,25.397,426.75,0.893,0.0696,0.0,35.83,0.0503,243
4,73,injector_drift,18734.6,0.6812,4347.0,71.6,94.09,835.43,423.02,94.82,27.031,446.63,0.9898,0.0792,0.0,47.92,0.0503,242
4,74,injector_drift,18917.8,0.677,4283.0,72.4,96.77,833.83,412.49,91.24,25.706,420.29,0.7601,0.0653,0.0,54.54,0.0516,241
4,75,injector_drift,18808.0,0.6795,4364.0,66.1,95.29,820.09,410.67,92.12,27.124,485.28,0.8822,0.0701,0.0,36.56,0.0517,240
4,76,injector_drift,19124.0,0.6723,4349.0,71.1,97.72,815.44,408.34,93.01,26.288,437.84,0.7831,0.0607,0.0,39.9,0.0517,239
4,77,injector_drift,19351.0,0.6672,4395.0,69.9,97.27,817.2,410.99,91.16,26.891,455.49,0.8793,0.0858,0.0,48.47,0.0523,238
4,78,injector_drift,19735.0,0.6586,4414.0,69.4,97.15,830.46,414.2,96.29,26.789,457.13,0.8248,0.0731,0.0,44.77,0.0556,237
4,79,injector_drift,19793.2,0.6573,4378.0,74.5,94.14,828.92,418.48,89.24,26.494,420.73,0.8811,0.0637,0.0,49.24,0.0563,236
4,80,injector_drift,20031.4,0.652,4402.0,68.5,96.39,832.18,402.72,89.91,26.165,451.79,0.7299,0.0631,0.0,44.55,0.0563,235
4,81,injector_drift,20019.6,0.6523,4329.0,66.7,94.82,826.77,417.22,89.27,25.867,459.25,0.9081,0.0652,0.0,42.31,0.058,234
4,82,injector_drift,20779.1,0.6356,4519.0,73.3,96.54,837.15,404.39,94.28,26.918,434.4,0.8612,0.068,0.0,44.09,0.058,233
4,83,injector_drift,20630.8,0.6388,4277.0,66.8,93.11,829.1,419.07,92.76,26.041,461.44,0.8568,0.0663,0.0,33.31,0.058,232
4,84,injector_drift,20882.9,0.6334,4318.0,65.4,94.27,832.07,410.6,90.07,25.797,467.07,1.0007,0.0562,0.0,39.5,0.058,231
4,85,injector_drift,20912.8,0.6327,4404.0,74.0,98.52,814.21,404.77,89.54,26.875,429.96,0.8204,0.0843,0.0,50.44,0.0633,230
4,86,injector_drift,21079.7,0.6291,4395.0,71.8,97.28,819.97,411.95,94.04,26.172,431.25,0.8784,0.0856,0.0,51.66,0.0633,229
4,87,injector_drift,21646.1,0.617,4379.0,72.9,96.2,827.45,412.86,91.99,26.462,429.8,0.859,0.1047,0.0,52.73,0.0633,228
4,88,injector_drift,21251.2,0.6254,4391.0,70.2,95.42,838.21,415.53,94.14,26.486,446.42,0.8698,0.0577,0.0,48.12,0.0658,227
4,89,injector_drift,21757.9,0.6146,4225.0,67.5,95.15,843.25,415.6,91.2,26.022,456.36,1.0317,0.0831,0.0,34.64,0.0658,226
4,90,injector_drift,21709.6,0.6157,4445.0,68.2,97.17,828.04,402.1,92.41,26.137,453.73,0.8636,0.0326,0.0,43.07,0.0694,225
4,91,injector_drift,22003.6,0.6095,4338.0,71.0,96.36,825.88,393.36,91.99,27.117,451.97,0.8131,0.0874,0.0,52.87,0.0694,224
4,92,injector_drift,22139.4,0.6066,4425.0,68.1,99.19,813.68,394.1,90.14,26.247,456.15,1.0082,0.0417,0.0,54.36,0.0694,223
4,93,injector_drift,22255.8,0.6042,4228.0,72.9,96.6,838.64,411.24,91.1,26.475,429.64,0.8339,0.0511,0.0,53.06,0.0694,222
4,94,injector_drift,22575.4,0.5975,4365.0,70.7,96.96,826.22,400.13,89.02,26.415,442.13,0.7301,0.0775,0.0,45.07,0.0694,221
4,95,injector_drift,22349.1,0.6022,4316.0,72.7,94.8,855.31,414.08,92.38,26.789,435.87,0.7993,0.0584,0.0,39.71,0.0694,220
4,96,injector_drift,22848.8,0.5919,4384.0,72.7,96.49,827.06,396.84,93.03,26.215,426.54,0.7666,0.0575,0.0,46.59,0.0755,219
4,97,injector_drift,23042.2,0.5879,4369.0,73.5,97.3,850.2,402.45,93.49,26.846,432.18,0.7224,0.0629,0.0,46.87,0.0755,218
4,98,injector_drift,23009.2,0.5886,4372.0,73.9,96.48,839.56,402.54,92.84,26.803,429.02,0.8373,0.0872,0.0,54.62,0.0755,217
4,99,injector_drift,23595.0,0.5767,4286.0,71.5,96.3,824.12,416.82,91.25,25.838,427.74,0.8607,0.054,0.0,47.93,0.0755,216
4,100,injector_drift,23431.6,0.58,4347.0,73.2,97.52,835.04,402.93,94.61,27.371,442.8,0.9608,0.0716,0.0,46.88,0.0755,215
4,101,injector_drift,23635.4,0.5759,4339.0,73.4,99.31,839.47,409.67,93.29,27.252,439.45,0.9167,0.0651,0.0,47.16,0.0755,214
4,102,injector_drift,23730.2,0.574,4380.0,65.5,97.24,827.54,406.1,94.29,25.872,467.64,0.9131,0.089,0.0,48.79,0.0755,213
4,103,injector_drift,23952.4,0.5695,4409.0,74.8,98.75,840.7,408.86,94.41,26.302,416.25,0.7949,0.0896,0.0,49.93,0.0755,212
4,104,injector_drift,24304.1,0.5626,4359.0,73.4,97.97,839.82,411.06,91.26,26.757,431.62,0.9372,0.0359,0.0,43.17,0.0755,211
4,105,injector_drift,24619.7,0.5564,4273.0,74.7,98.77,839.7,409.24,92.37,26.19,415.02,0.9836,0.0949,0.0,41.91,0.0799,210
4,106,injector_drift,24499.0,0.5587,4356.0,69.2,96.22,832.05,395.11,93.15,26.978,461.34,0.9039,0.0618,0.0,54.05,0.0799,209
4,107,injector_drift,24686.3,0.555,4507.0,72.2,96.83,824.28,396.39,89.3,26.424,433.17,0.9061,0.0787,0.0,38.99,0.0799,208
4,108,injector_drift,24914.1,0.5506,4449.0,69.9,96.83,831.94,400.56,89.34,27.125,459.0,0.7711,0.0552,0.0,55.38,0.0799,207
4,109,injector_drift,24825.1,0.5523,4172.0,75.5,98.06,837.58,415.57,89.08,26.494,415.21,0.9619,0.0825,0.0,37.98,0.0837,206
4,110,injector_drift,25151.9,0.546,4354.0,69.1,98.42,817.98,400.32,91.46,26.396,451.86,1.02,0.1261,0.0,44.61,0.0837,205
4,111,injector_drift,25161.4,0.5458,4406.0,70.6,97.43,835.17,408.91,91.02,27.039,453.05,0.9039,0.0778,0.0,52.43,0.0841,204
4,112,injector_drift,25187.8,0.5453,4339.0,75.1,98.57,835.27,405.49,88.81,26.67,420.35,0.8305,0.066,0.0,47.57,0.0841,203
4,113,injector_drift,25339.9,0.5424,4322.0,71.7,96.47,824.54,400.24,92.03,26.712,441.14,0.8688,0.0714,0.0,41.23,0.0868,202
4,114,injector_drift,25132.8,0.5464,4334.0,70.8,98.64,831.84,402.43,91.54,26.99,450.99,0.8481,0.0466,0.0,49.94,0.0868,201
4,115,injector_drift,25566.0,0.538,4383.0,76.4,98.85,834.79,414.3,94.1,26.665,413.08,0.8529,0.105,0.0,48.14,0.0868,200
4,116,injector_drift,25404.2,0.5411,4281.0,76.6,98.34,852.86,411.78,95.76,26.394,407.9,0.9339,0.0823,0.0,46.74,0.0869,199
4,117,injector_drift,25503.0,0.5392,4421.0,76.0,97.53,838.87,407.08,92.65,26.278,409.41,0.9044,0.0551,0.0,44.7,0.0869,198
4,118,injector_drift,25884.2,0.532,4347.0,76.4,98.4,845.61,398.27,90.35,27.121,420.13,0.9623,0.0558,0.0,47.65,0.0869,197
4,119,injector_drift,25794.0,0.5337,4294.0,73.2,96.03,835.22,402.67,93.07,26.859,434.16,0.9145,0.077,0.0,45.09,0.0889,196
4,120,injector_drift,26063.4,0.5286,4417.0,73.3,97.75,821.96,395.95,91.86,27.148,438.02,0.8204,0.0963,0.0,60.47,0.0922,195
4,121,injector_drift,26186.0,0.5263,4257.0,72.1,97.9,841.7,409.15,91.36,26.537,435.74,0.8495,0.0546,0.0,47.1,0.0922,194
4,122,injector_drift,26290.8,0.5243,4317.0,74.6,95.48,832.52,403.85,90.14,26.228,416.23,0.846,0.1002,0.0,46.52,0.0932,193
4,123,injector_drift,26223.2,0.5256,4316.0,72.5,98.19,834.08,402.01,90.93,25.737,419.9,0.8761,0.0761,0.0,45.68,0.0932,192
4,124,injector_drift,26586.5,0.5188,4479.0,72.9,95.66,829.01,394.2,91.55,27.854,452.34,1.038,0.06,0.0,57.48,0.0955,191
4,125,injector_drift,26528.6,0.5199,4309.0,76.0,97.03,840.79,399.13,93.63,27.125,422.27,1.0589,0.0709,0.0,40.88,0.1009,190
4,126,injector_drift,26695.7,0.5168,4221.0,77.8,97.74,849.69,407.17,93.05,27.078,411.79,0.9699,0.1153,0.0,50.9,0.1012,189
4,127,injector_drift,26535.1,0.5198,4315.0,75.5,96.58,847.47,410.21,95.67,26.996,423.12,0.9125,0.0526,0.0,47.91,0.1012,188
4,128,injector_drift,26770.1,0.5154,4377.0,79.7,97.84,855.07,391.13,93.4,26.57,394.34,0.7958,0.0661,0.0,42.09,0.1023,187
4,129,injector_drift,27041.1,0.5104,4397.0,72.3,97.8,852.48,401.31,92.9,26.377,431.86,0.9224,0.0998,0.0,45.12,0.1023,186
4,130,injector_drift,27099.0,0.5094,4487.0,68.9,96.63,822.1,401.81,91.57,27.215,467.27,0.8521,0.0871,0.0,51.4,0.1091,185
4,131,injector_drift,26908.2,0.5129,4434.0,76.6,98.8,833.35,394.56,90.16,27.252,420.9,1.05,0.0677,0.0,45.74,0.1118,184
4,132,injector_drift,27017.5,0.5109,4361.0,72.2,96.79,826.22,396.15,91.1,26.418,433.0,0.7911,0.1028,0.0,51.36,0.1118,183
4,133,injector_drift,27020.0,0.5108,4297.0,73.7,101.48,847.45,407.33,90.92,26.339,422.75,0.9573,0.1051,0.0,59.09,0.116,182
4,134,injector_drift,27136.0,0.5087,4447.0,69.3,97.88,834.62,388.34,87.2,26.357,450.22,0.8566,0.0914,0.0,51.3,0.116,181
4,135,injector_drift,27088.1,0.5096,4328.0,71.9,96.29,837.58,400.08,90.3,26.596,437.59,0.9257,0.0726,0.0,43.18,0.116,180
4,136,injector_drift,27338.0,0.505,4311.0,70.1,96.56,838.87,394.85,95.53,27.435,462.83,0.9798,0.0756,0.0,46.21,0.116,179
4,137,injector_drift,27511.8,0.5018,4325.0,73.4,99.77,845.28,389.14,93.06,26.734,431.12,1.0083,0.0905,0.0,49.02,0.116,178
4,138,injector_drift,27354.4,0.5047,4275.0,73.5,97.59,831.79,400.83,91.69,26.364,424.3,0.932,0.0605,0.0,49.25,0.1223,177
4,139,injector_drift,27511.2,0.5019,4322.0,75.0,96.16,834.34,391.8,93.24,26.906,424.46,0.9978,0.1132,0.0,51.77,0.1223,176
4,140,injector_drift,27541.5,0.5013,4336.0,78.5,99.5,846.16,398.61,88.54,27.243,410.75,0.8839,0.1207,0.0,52.57,0.1223,175
4,141,injector_drift,27780.0,0.497,4394.0,76.8,97.59,854.91,402.48,93.01,26.526,408.59,0.9565,0.082,0.0,59.66,0.1223,174
4,142,injector_drift,27574.4,0.5007,4327.0,70.0,99.24,842.23,409.83,95.05,26.795,453.29,1.0213,0.0946,0.0,51.21,0.1248,173
4,143,injector_drift,27621.4,0.4999,4274.0,76.7,99.7,839.7,401.7,92.28,27.524,424.86,0.9696,0.1115,0.0,45.57,0.1259,172
4,144,injector_drift,27619.7,0.4999,4254.0,75.2,98.71,828.12,408.26,88.97,27.008,425.03,0.9006,0.1269,0.0,57.1,0.1259,171
4,145,injector_drift,27612.1,0.5,4363.0,74.6,101.89,852.62,399.1,91.69,26.597,421.99,0.9207,0.1189,0.0,57.65,0.1259,170
4,146,injector_drift,27895.4,0.4949,4354.0,74.8,95.71,839.23,394.82,95.08,26.719,422.54,1.0242,0.0531,0.0,52.5,0.1259,169
4,147,injector_drift,27826.3,0.4962,4317.0,75.5,97.29,838.18,385.9,93.21,26.339,412.68,0.8705,0.084,0.0,50.87,0.1345,168
4,148,injector_drift,27882.6,0.4952,4322.0,72.9,98.12,832.3,406.95,89.85,26.789,435.13,0.8823,0.1004,0.0,55.22,0.1345,167
4,149,injector_drift,28090.6,0.4914,4373.0,74.4,101.9,835.28,388.33,97.43,27.059,430.42,1.006,0.0805,0.0,51.05,0.1345,166
4,150,injector_drift,28121.5,0.4909,4433.0,78.5,101.35,842.36,398.93,90.29,26.842,404.6,0.9324,0.1276,0.0,42.32,0.14,165
4,151,injector_drift,27694.3,0.4985,4303.0,72.9,100.63,845.75,400.01,92.35,27.644,449.03,0.8549,0.1252,0.0,55.59,0.1419,164
4,152,injector_drift,28055.1,0.4921,4355.0,71.9,97.5,837.5,388.33,90.76,27.127,446.57,1.0792,0.0763,0.0,57.24,0.1419,163
4,153,injector_drift,28005.7,0.493,4407.0,74.8,97.68,850.11,393.45,90.77,26.268,415.59,0.8832,0.0893,0.0,59.98,0.1419,162
4,154,injector_drift,27913.7,0.4946,4303.0,71.6,97.45,845.06,409.58,91.93,26.084,431.13,0.9552,0.0776,0.0,49.12,0.1419,161
4,155,injector_drift,28040.4,0.4923,4349.0,69.8,97.52,864.0,403.65,94.12,26.294,445.63,0.9222,0.0888,0.0,53.94,0.1423,160
4,156,injector_drift,27737.9,0.4978,4348.0,74.0,100.94,834.66,391.42,95.43,27.565,441.04,0.948,0.0882,0.0,54.05,0.1423,159
4,157,injector_drift,28219.0,0.4892,4271.0,79.3,98.35,852.29,394.03,92.08,27.615,411.88,0.9011,0.1118,0.0,53.24,0.1424,158
4,158,injector_drift,28076.9,0.4917,4360.0,74.9,98.57,850.42,394.26,90.85,27.645,436.89,1.0312,0.0753,0.0,53.49,0.1436,157
4,159,injector_drift,27867.1,0.4954,4352.0,75.5,100.16,843.38,391.21,94.03,27.075,424.19,1.002,0.0438,0.0,54.03,0.1539,156
4,160,injector_drift,27903.5,0.4948,4383.0,68.6,96.49,848.92,397.84,94.09,26.571,458.35,1.0718,0.0641,0.0,54.91,0.1539,155
4,161,injector_drift,27727.5,0.4979,4279.0,76.3,99.24,859.59,399.14,93.69,26.641,413.17,0.9567,0.0775,0.0,58.13,0.1603,154
4,162,injector_drift,27924.7,0.4944,4351.0,75.3,97.51,853.68,380.95,93.76,27.217,427.95,1.1761,0.085,0.0,60.53,0.1603,153
4,163,injector_drift,27885.5,0.4951,4433.0,73.0,98.8,863.58,389.14,93.05,26.873,435.76,0.8595,0.1028,0.0,50.95,0.1637,152
4,164,injector_drift,27742.4,0.4977,4475.0,75.5,98.36,836.34,383.23,93.47,27.01,423.32,0.8851,0.0775,0.0,53.87,0.1637,151
4,165,injector_drift,28038.2,0.4924,4427.0,75.5,98.29,847.01,386.92,92.91,27.748,435.12,1.1522,0.0749,0.0,52.62,0.1637,150
4,166,injector_drift,28091.0,0.4914,4279.0,71.8,99.69,864.75,394.7,95.51,26.845,442.67,1.0592,0.082,0.0,52.33,0.1685,149
4,167,injector_drift,27870.3,0.4954,4377.0,75.9,99.76,862.87,395.07,97.88,27.686,431.52,1.0535,0.079,0.0,47.3,0.1709,148
4,168,injector_drift,27800.8,0.4966,4321.0,78.5,99.1,861.18,396.55,93.78,26.674,402.07,1.0607,0.0902,0.0,55.51,0.1709,147
4,169,injector_drift,27881.3,0.4952,4367.0,74.2,99.98,864.58,383.88,93.41,28.127,448.49,1.0718,0.0893,0.0,57.78,0.1709,146
4,170,injector_drift,27779.8,0.497,4304.0,72.3,98.11,838.41,391.2,93.93,26.786,438.56,1.0501,0.1151,0.0,54.61,0.1709,145
4,171,injector_drift,27584.3,0.5005,4247.0,74.3,100.55,862.04,390.94,92.19,27.355,435.53,0.9571,0.0827,0.0,55.71,0.1751,144
4,172,injector_drift,27609.8,0.5001,4329.0,77.4,99.3,866.37,378.91,95.09,27.614,422.17,1.1057,0.0962,0.0,58.11,0.178,143
4,173,injector_drift,27621.6,0.4999,4393.0,71.1,98.89,849.65,384.98,94.46,26.696,444.08,1.0949,0.0928,0.0,63.15,0.1789,142
4,174,injector_drift,27659.0,0.4992,4367.0,76.5,98.43,878.65,398.01,92.74,27.546,425.94,1.1564,0.1198,0.0,54.0,0.1789,141
4,175,injector_drift,27576.0,0.5007,4374.0,72.7,99.35,858.16,375.61,95.46,27.353,445.02,1.1913,0.1018,0.0,50.6,0.1828,140
4,176,injector_drift,27556.3,0.501,4363.0,75.5,102.68,841.78,385.18,93.82,26.905,421.88,1.0894,0.1277,0.0,56.56,0.189,139
4,177,injector_drift,27243.4,0.5067,4374.0,73.0,99.78,861.15,384.43,91.84,26.763,433.71,0.9648,0.0837,0.0,66.43,0.189,138
4,178,injector_drift,27516.6,0.5018,4382.0,73.0,98.2,852.7,385.8,94.52,27.065,438.84,1.2084,0.1062,0.0,51.36,0.1907,137
4,179,injector_drift,27359.3,0.5046,4334.0,79.2,101.32,871.04,380.6,94.3,27.377,408.95,0.9865,0.0959,0.0,60.47,0.1914,136
4,180,injector_drift,27680.9,0.4988,4355.0,70.4,99.3,862.44,376.13,95.82,27.463,461.68,1.1022,0.0839,0.0,63.32,0.1948,135
4,181,injector_drift,27176.3,0.5079,4455.0,76.0,100.66,857.99,369.89,95.73,27.556,428.82,1.073,0.1097,0.0,46.48,0.2034,134
4,182,injector_drift,27216.8,0.5072,4359.0,79.7,99.34,876.64,390.95,93.85,27.469,407.62,1.0591,0.1457,0.0,60.36,0.2034,133
4,183,injector_drift,27523.8,0.5016,4353.0,76.6,102.24,871.22,376.81,93.18,27.559,425.92,1.1613,0.0949,0.0,61.6,0.2065,132
4,184,injector_drift,27056.9,0.5101,4356.0,70.5,99.43,854.17,379.43,94.14,26.135,438.8,1.121,0.1096,0.0,57.3,0.207,131
4,185,injector_drift,26943.3,0.5122,4337.0,70.6,102.49,860.34,395.43,94.93,26.726,448.02,1.1496,0.0868,0.0,55.69,0.2103,130
4,186,injector_drift,26728.5,0.5162,4324.0,72.1,98.83,866.47,379.05,95.17,27.18,445.85,1.0433,0.0839,0.0,55.97,0.2103,129
4,187,injector_drift,27026.1,0.5107,4363.0,74.8,100.06,861.55,382.93,94.88,27.684,437.83,1.1026,0.0984,0.0,57.61,0.2139,128
4,188,injector_drift,26540.7,0.5197,4320.0,75.0,102.69,862.71,388.72,94.17,27.341,431.48,1.0634,0.1063,0.0,58.08,0.2177,127
4,189,injector_drift,26693.7,0.5168,4341.0,70.5,100.87,863.68,387.13,96.37,27.576,463.23,1.1118,0.1076,0.0,57.25,0.2189,126
4,190,injector_drift,26470.9,0.521,4303.0,71.6,104.16,856.61,374.01,93.14,27.428,453.34,1.1304,0.1128,0.0,58.46,0.2243,125
4,191,injector_drift,26423.3,0.5219,4356.0,71.7,100.43,848.06,374.44,99.51,26.905,443.85,1.2948,0.0853,0.0,66.43,0.2275,124
4,192,injector_drift,26145.2,0.5271,4385.0,73.6,101.42,870.52,377.66,96.24,27.183,437.21,1.1451,0.1081,0.0,55.13,0.2355,123
4,193,injector_drift,26464.8,0.5211,4337.0,80.0,103.91,855.92,389.81,92.46,27.789,410.96,0.9958,0.1307,0.0,52.45,0.2355,122
4,194,injector_drift,26123.5,0.5275,4229.0,71.2,98.76,859.48,379.06,95.08,26.918,447.3,1.2774,0.0935,0.0,67.23,0.2355,121
4,195,injector_drift,25882.2,0.532,4385.0,71.0,98.72,854.45,371.81,96.37,27.719,461.82,1.2155,0.1153,0.0,60.77,0.2414,120
4,196,injector_drift,26149.1,0.527,4357.0,70.5,99.98,855.18,378.7,94.13,26.632,447.0,1.1691,0.1283,0.0,59.79,0.2414,119
4,197,injector_drift,25779.6,0.534,4290.0,75.8,102.62,876.31,381.68,92.01,27.547,430.32,1.1652,0.1094,0.0,61.95,0.2501,118
4,198,injector_drift,25797.0,0.5336,4396.0,73.7,99.02,870.4,376.48,92.95,27.595,443.29,1.128,0.1323,0.0,63.69,0.2516,117
4,199,injector_drift,25762.0,0.5343,4266.0,71.0,102.33,868.8,373.83,96.12,27.018,450.05,1.3588,0.095,0.0,60.02,0.2516,116
4,200,injector_drift,25593.3,0.5375,4413.0,72.6,102.33,862.01,367.65,91.6,27.034,440.78,1.2179,0.1445,0.0,65.54,0.2557,115
4,201,injector_drift,25076.5,0.5475,4347.0,71.2,104.56,866.62,375.44,92.21,27.139,450.85,1.0747,0.134,0.0,58.2,0.2557,114
4,202,injector_drift,25391.7,0.5414,4214.0,74.4,103.22,877.44,387.57,96.27,27.701,440.42,1.2506,0.1291,0.0,61.89,0.26,113
4,203,injector_drift,25151.1,0.546,4361.0,81.5,102.34,878.74,370.26,94.86,27.621,400.9,1.334,0.1521,0.0,52.81,0.2654,112
4,204,injector_drift,24993.2,0.5491,4326.0,75.1,103.94,883.53,372.47,94.01,27.022,425.99,1.2616,0.1244,0.0,70.17,0.2701,111
4,205,injector_drift,24900.0,0.5509,4317.0,73.1,102.77,884.27,366.41,94.47,27.799,450.24,1.1839,0.1195,0.0,63.67,0.2728,110
4,206,injector_drift,24546.3,0.5578,4306.0,71.3,101.3,873.86,384.11,92.53,27.395,454.8,1.1792,0.1596,0.0,67.99,0.2738,109
4,207,injector_drift,24685.5,0.5551,4342.0,69.2,100.53,862.37,370.09,96.66,27.55,471.29,1.2123,0.1722,0.0,67.99,0.2845,108
4,208,injector_drift,24318.5,0.5623,4321.0,75.3,101.41,874.21,376.71,94.08,27.82,437.0,1.4074,0.1215,0.0,68.36,0.2845,107
4,209,injector_drift,24344.3,0.5618,4239.0,75.1,102.2,879.37,374.53,94.62,28.374,447.1,1.2799,0.1331,0.0,65.57,0.2845,106
4,210,injector_drift,24272.2,0.5632,4426.0,71.6,102.52,872.18,365.48,96.38,27.737,458.5,1.1514,0.1563,0.0,67.55,0.2845,105
4,211,injector_drift,24269.0,0.5633,4335.0,76.6,99.35,874.95,358.46,95.41,27.339,422.63,1.3459,0.1372,0.0,61.83,0.2959,104
4,212,injector_drift,23841.7,0.5718,4306.0,72.9,102.21,882.12,356.02,94.51,27.598,448.01,1.3265,0.1507,0.0,60.78,0.2959,103
4,213,injector_drift,24036.8,0.5679,4282.0,75.1,102.68,902.87,376.99,92.01,27.33,430.76,1.2886,0.1555,0.0,66.45,0.2995,102
4,214,injector_drift,23813.1,0.5723,4396.0,73.6,103.5,879.15,363.94,96.76,27.287,438.93,1.2474,0.1291,0.0,63.71,0.3012,101
4,215,injector_drift,23456.3,0.5795,4272.0,72.1,105.22,883.19,370.17,96.26,26.828,440.54,1.2548,0.15,0.0,74.61,0.3053,100
4,216,injector_drift,23201.7,0.5847,4358.0,69.7,103.12,872.15,356.62,95.13,27.144,461.18,1.4346,0.1424,0.0,69.62,0.3083,99
4,217,injector_drift,22996.5,0.5889,4315.0,72.0,101.68,895.47,359.45,94.25,27.644,454.38,1.3883,0.1205,0.0,64.86,0.316,98
4,218,injector_drift,23096.5,0.5868,4318.0,74.9,100.38,894.47,370.65,96.39,27.58,435.91,1.413,0.1257,0.0,67.29,0.3183,97
4,219,injector_drift,22785.6,0.5932,4284.0,70.7,104.27,893.09,375.43,97.44,26.939,450.66,1.4097,0.1341,0.0,69.82,0.324,96
4,220,injector_drift,22914.2,0.5906,4313.0,73.5,102.04,899.75,359.12,96.75,26.948,433.9,1.4269,0.1669,0.0,69.16,0.3278,95
4,221,injector_drift,22468.2,0.5998,4351.0,68.8,104.68,883.54,364.65,99.87,28.129,483.55,1.3684,0.1681,0.0,71.03,0.3297,94
4,222,injector_drift,22268.6,0.6039,4364.0,74.3,105.52,887.54,360.88,98.03,27.749,441.72,1.3925,0.1643,0.0,70.12,0.3308,93
4,223,injector_drift,22270.2,0.6039,4303.0,72.9,101.2,903.77,361.36,96.48,27.213,442.07,1.5133,0.1593,0.0,63.18,0.3349,92
4,224,injector_drift,21961.4,0.6103,4345.0,68.2,104.79,896.81,367.86,98.53,27.513,477.31,1.5841,0.1641,0.0,61.01,0.3529,91
4,225,injector_drift,21892.6,0.6118,4403.0,71.1,105.9,875.42,351.09,97.16,28.374,472.57,1.3731,0.1614,0.0,69.89,0.3529,90
4,226,injector_drift,21864.0,0.6124,4250.0,74.4,105.6,899.33,368.23,97.22,27.962,444.61,1.4651,0.1652,0.0,74.91,0.3567,89
4,227,injector_drift,21556.3,0.6189,4350.0,67.8,100.91,887.7,358.1,99.73,26.199,457.56,1.5489,0.1665,0.0,70.29,0.3567,88
4,228,injector_drift,21377.4,0.6227,4293.0,68.2,102.9,900.89,357.63,95.44,28.421,492.96,1.6469,0.1304,0.0,78.74,0.3618,87
4,229,injector_drift,21208.4,0.6263,4287.0,71.1,102.32,898.9,365.88,97.33,26.802,445.88,1.6451,0.1434,0.0,72.52,0.3639,86
4,230,injector_drift,20739.9,0.6365,4366.0,77.6,105.12,885.67,354.88,99.72,27.861,424.64,1.4482,0.1396,0.0,79.83,0.3671,85
4,231,injector_drift,20866.8,0.6337,4317.0,69.1,105.11,899.0,353.73,98.1,27.004,462.28,1.634,0.1844,0.0,79.42,0.374,84
4,232,injector_drift,20644.2,0.6385,4277.0,72.5,100.71,902.56,362.7,96.95,27.402,447.09,1.5679,0.1985,0.0,79.87,0.3846,83
4,233,injector_drift,20564.2,0.6403,4429.0,71.7,104.39,904.13,353.68,94.35,27.775,458.28,1.6569,0.123,0.0,68.9,0.388,82
4,234,injector_drift,20329.1,0.6454,4405.0,69.1,106.04,904.5,354.61,93.22,26.674,457.0,1.6364,0.1977,0.0,75.0,0.388,81
4,235,injector_drift,20014.0,0.6524,4234.0,71.2,105.23,914.36,331.47,102.04,27.618,458.9,1.4916,0.1701,0.0,81.61,0.3944,80
4,236,injector_drift,20003.2,0.6526,4262.0,69.3,105.43,906.55,354.58,98.67,28.026,478.67,1.6617,0.1911,0.0,77.6,0.4027,79
4,237,injector_drift,19606.4,0.6614,4386.0,69.5,104.69,903.76,346.8,96.91,27.243,464.2,1.7017,0.1813,0.0,79.12,0.4038,78
4,238,injector_drift,19487.5,0.6641,4333.0,65.4,103.82,912.32,346.67,98.92,26.808,484.84,1.6415,0.2021,0.0,70.05,0.411,77
4,239,injector_drift,19201.9,0.6705,4440.0,70.2,105.54,924.84,344.06,96.45,27.619,465.34,1.6426,0.1794,0.0,87.14,0.4172,76
4,240,injector_drift,19114.1,0.6725,4387.0,72.9,105.79,916.72,343.67,97.79,27.717,449.95,1.553,0.1495,0.0,74.07,0.4225,75
4,241,injector_drift,18782.7,0.6801,4368.0,70.3,106.75,910.82,346.23,96.67,27.474,462.73,1.749,0.1761,0.0,68.5,0.4274,74
4,242,injector_drift,18878.8,0.6779,4289.0,73.3,106.95,914.73,344.03,95.78,27.425,443.07,1.7196,0.1894,0.0,76.96,0.4302,73
4,243,injector_drift,18724.9,0.6814,4379.0,71.6,106.17,913.78,349.03,94.51,28.03,463.23,1.6475,0.1765,0.0,67.0,0.436,72
4,244,injector_drift,18342.2,0.6902,4273.0,69.6,107.78,911.7,349.33,95.6,27.952,475.44,1.7074,0.1951,0.0,74.16,0.4399,71
4,245,injector_drift,18229.2,0.6928,4428.0,67.8,105.68,928.93,339.38,100.93,27.194,474.96,1.7598,0.182,0.0,92.77,0.4442,70
4,246,injector_drift,17552.4,0.7086,4375.0,68.1,104.33,907.99,339.92,97.11,27.303,474.7,1.7352,0.1744,0.0,78.99,0.4543,69
4,247,injector_drift,17353.5,0.7133,4301.0,65.0,107.42,923.58,346.09,100.33,27.575,502.05,1.8081,0.1672,0.0,74.52,0.4629,68
4,248,injector_drift,17300.1,0.7146,4398.0,68.5,106.9,915.08,340.39,101.17,27.344,472.45,1.6679,0.181,0.0,81.79,0.4629,67
4,249,injector_drift,17134.5,0.7185,4484.0,69.6,107.71,907.05,327.44,99.5,27.904,474.37,1.9494,0.196,0.0,78.09,0.4731,66
4,250,injector_drift,16876.8,0.7247,4337.0,74.2,105.27,921.35,340.07,99.02,28.722,458.07,1.8678,0.155,0.0,87.59,0.4807,65
4,251,injector_drift,16436.8,0.7353,4383.0,70.5,109.84,916.64,332.87,99.88,27.89,468.02,1.7786,0.1786,0.0,78.82,0.4807,64
4,252,injector_drift,16630.7,0.7306,4324.0,66.2,108.44,925.5,344.63,98.96,27.202,486.12,1.7003,0.157,0.0,85.44,0.4898,63
4,253,injector_drift,16554.4,0.7325,4355.0,64.4,107.24,923.33,336.0,102.45,27.776,510.6,2.02,0.1882,0.0,79.43,0.5019,62
4,254,injector_drift,16195.1,0.7412,4260.0,68.0,106.36,916.88,329.88,103.85,27.773,483.68,1.9928,0.2254,0.0,98.44,0.5049,61
4,255,injector_drift,15935.8,0.7475,4350.0,70.9,109.38,938.29,343.1,103.0,27.96,466.8,1.965,0.1778,0.0,87.96,0.5049,60
4,256,injector_drift,15575.4,0.7564,4353.0,67.7,106.44,936.56,313.98,96.06,28.064,490.83,2.0628,0.2195,0.0,85.91,0.5182,59
4,257,injector_drift,15181.9,0.7662,4458.0,69.8,111.55,942.13,324.72,99.54,28.288,479.43,2.0708,0.2631,0.0,85.39,0.5206,58
4,258,injector_drift,15084.7,0.7687,4242.0,67.5,107.5,932.61,325.53,100.64,27.927,489.39,2.0557,0.2385,0.0,85.07,0.5316,57
4,259,injector_drift,15153.6,0.767,4333.0,70.1,111.08,932.29,335.98,101.61,28.051,473.57,2.029,0.2129,0.0,84.27,0.5342,56
4,260,injector_drift,14547.4,0.7823,4427.0,63.0,108.42,936.59,319.92,97.4,28.508,535.25,2.0469,0.2301,0.0,84.92,0.543,55
4,261,injector_drift,14292.9,0.7887,4335.0,72.5,111.23,932.29,317.24,97.48,28.75,469.26,2.1334,0.1871,0.0,97.75,0.5484,54
4,262,injector_drift,14286.8,0.7889,4340.0,64.2,107.95,935.71,318.64,103.76,28.137,518.44,2.2423,0.1857,0.0,87.38,0.5571,53
4,263,injector_drift,14055.0,0.7949,4300.0,69.8,109.23,937.25,316.97,100.13,28.21,478.18,2.1418,0.2193,0.0,79.98,0.5625,52
4,264,injector_drift,13508.5,0.809,4294.0,66.5,110.61,927.12,318.23,98.44,27.585,490.98,2.2979,0.2292,0.0,85.54,0.5707,51
4,265,injector_drift,13351.9,0.8131,4240.0,66.8,110.51,940.97,319.97,99.3,28.474,504.24,2.2258,0.2444,0.0,96.41,0.5752,50
4,266,injector_drift,13069.9,0.8205,4312.0,66.3,111.47,938.9,311.62,102.53,28.093,501.32,2.2718,0.2149,0.0,91.62,0.5876,49
4,267,injector_drift,12908.4,0.8248,4291.0,67.7,109.26,942.61,317.65,100.24,27.909,488.04,2.4579,0.2321,0.0,92.8,0.5941,48
4,268,injector_drift,12815.0,0.8273,4357.0,68.1,110.17,948.18,314.65,102.41,28.079,487.6,2.4058,0.2321,0.0,99.52,0.5963,47
4,269,injector_drift,12279.1,0.8416,4303.0,69.8,112.31,959.7,306.25,100.28,27.944,473.66,2.4658,0.2309,0.0,91.18,0.6118,46
4,270,injector_drift,12312.2,0.8407,4321.0,70.7,109.49,944.12,300.59,98.83,28.823,482.25,2.2838,0.2334,0.0,98.61,0.6161,45
4,271,injector_drift,11911.8,0.8515,4323.0,67.4,111.62,948.5,310.72,105.35,28.503,500.7,2.5566,0.2204,0.0,92.91,0.625,44
4,272,injector_drift,11992.1,0.8493,4347.0,71.4,110.68,949.23,309.07,103.49,28.577,473.8,2.4119,0.246,0.0,100.01,0.6348,43
4,273,injector_drift,11436.5,0.8645,4318.0,66.4,111.48,947.7,310.48,102.16,28.211,502.95,2.4263,0.2464,0.0,95.79,0.6416,42
4,274,injector_drift,11118.4,0.8733,4286.0,69.2,111.57,953.34,309.08,102.0,28.162,481.65,2.313,0.2369,0.0,97.5,0.6523,41
4,275,injector_drift,10962.4,0.8776,4355.0,67.1,110.36,956.35,311.06,106.05,27.471,484.42,2.5271,0.2602,0.0,103.16,0.6562,40
4,276,injector_drift,10567.7,0.8886,4414.0,64.0,111.45,963.79,302.44,104.55,27.617,510.35,2.4627,0.2711,0.0,103.91,0.6686,39
4,277,injector_drift,10090.1,0.9021,4358.0,66.1,112.21,963.97,314.31,105.78,28.029,501.87,2.6047,0.2659,0.0,99.86,0.6743,38
4,278,injector_drift,10063.4,0.9028,4313.0,66.9,112.08,955.51,317.29,102.51,28.052,496.09,2.5177,0.2344,0.0,99.21,0.6841,37
4,279,injector_drift,9800.1,0.9103,4343.0,65.2,114.8,975.3,285.17,103.95,28.45,516.6,2.788,0.2597,0.0,110.32,0.6925,36
4,280,injector_drift,9337.7,0.9236,4227.0,66.4,114.24,975.59,286.27,104.88,28.77,513.01,2.7338,0.2429,0.0,106.29,0.7039,35
4,281,injector_drift,9302.7,0.9246,4342.0,67.6,113.35,963.06,292.35,103.13,28.493,498.92,2.9019,0.2653,0.0,102.06,0.7113,34
4,282,injector_drift,8739.8,0.941,4326.0,64.8,111.91,979.88,295.2,104.15,28.959,529.06,2.6603,0.2469,0.0,101.25,0.7168,33
4,283,injector_drift,8733.0,0.9412,4294.0,55.9,112.01,970.14,291.77,103.34,27.578,584.11,2.901,0.2932,0.0,110.41,0.7254,32
4,284,injector_drift,8556.1,0.9464,4305.0,69.6,116.51,975.57,293.91,105.53,28.699,487.99,2.6783,0.2866,0.0,106.86,0.7365,31
4,285,injector_drift,8267.7,0.9549,4325.0,63.5,112.21,978.26,285.73,102.23,28.394,528.94,2.8692,0.2962,0.0,106.12,0.7438,30
4,286,injector_drift,7924.2,0.9651,4410.0,61.8,114.1,976.23,277.42,106.19,28.779,551.02,2.838,0.2968,0.0,108.29,0.7524,29
4,287,injector_drift,7705.0,0.9717,4416.0,60.8,114.63,981.69,276.87,105.8,28.344,552.04,2.8795,0.2722,0.0,109.99,0.7588,28
4,288,injector_drift,7331.4,0.983,4294.0,63.0,113.92,982.47,282.92,105.0,28.529,536.06,2.9224,0.2726,0.0,109.05,0.7704,27
4,289,injector_drift,7181.1,0.9875,4319.0,62.2,113.39,982.37,284.26,106.72,27.836,529.97,2.9775,0.3221,0.0,117.2,0.7909,26
4,290,injector_drift,6917.9,0.9955,4320.0,61.5,113.77,968.99,275.82,105.13,28.105,540.9,2.9589,0.2846,0.0,117.66,0.793,25
4,291,injector_drift,6503.2,1.0083,4399.0,61.5,114.57,993.35,269.89,104.88,28.967,557.31,3.1009,0.2662,0.0,115.63,0.8108,24
4,292,injector_drift,6406.8,1.0113,4359.0,65.0,114.48,989.16,276.0,107.42,27.928,508.48,3.1707,0.3151,0.0,120.37,0.8166,23
4,293,injector_drift,6133.6,1.0198,4356.0,69.4,117.77,1002.55,269.91,107.69,29.588,504.87,3.2939,0.3006,0.0,114.35,0.8257,22
4,294,injector_drift,5796.6,1.0303,4382.0,65.6,115.91,999.65,275.36,105.62,29.046,524.15,3.2515,0.3297,0.0,118.32,0.8319,21
4,295,injector_drift,5911.2,1.0267,4314.0,66.3,115.52,996.74,263.8,105.76,28.646,511.02,3.3881,0.309,0.0,121.26,0.8471,20
4,296,injector_drift,5253.0,1.0475,4432.0,61.7,116.87,1009.01,253.65,106.91,28.391,544.62,3.2497,0.3087,0.0,122.82,0.8636,19
4,297,injector_drift,4957.7,1.0569,4350.0,63.0,117.97,1005.31,264.6,106.37,29.595,556.0,3.3779,0.3426,0.0,123.2,0.8735,18
4,298,injector_drift,4661.2,1.0664,4299.0,63.8,116.63,1006.98,266.46,110.67,29.476,546.66,3.502,0.2835,0.0,122.43,0.8808,17
4,299,injector_drift,4303.5,1.078,4336.0,60.4,118.67,1004.4,255.71,108.39,28.684,561.96,3.504,0.3046,0.0,129.68,0.8877,16
4,300,injector_drift,4276.1,1.0789,4424.0,61.0,115.71,1021.88,262.42,108.02,28.86,560.29,3.462,0.3022,0.0,118.28,0.8997,15
4,301,injector_drift,3793.9,1.0947,4324.0,64.7,119.68,1007.16,268.75,106.37,28.811,527.38,3.6597,0.2796,0.0,121.26,0.9116,14
4,302,injector_drift,3534.9,1.1032,4407.0,65.2,118.36,1014.54,246.05,110.07,29.22,530.29,3.6257,0.3464,0.0,122.59,0.9296,13
4,303,injector_drift,3262.3,1.1123,4312.0,62.0,118.62,1008.45,261.15,107.63,28.749,548.81,3.6659,0.3216,0.0,122.99,0.9425,12
4,304,injector_drift,2917.9,1.1238,4304.0,58.1,117.83,1023.89,236.97,107.7,28.778,586.6,3.8029,0.3532,0.0,115.57,0.9502,11
4,305,injector_drift,2525.2,1.137,4390.0,60.6,117.3,1017.03,251.53,110.76,29.723,580.39,3.8144,0.346,0.0,133.35,0.9608,10
4,306,injector_drift,2440.5,1.1399,4298.0,57.0,117.08,1020.06,241.31,110.35,28.808,597.9,3.8564,0.3557,0.0,122.95,0.9787,9
4,307,injector_drift,2362.7,1.1425,4399.0,61.4,118.57,1022.96,246.35,104.66,28.708,553.14,3.8768,0.336,0.0,129.37,0.9835,8
4,308,injector_drift,1982.7,1.1555,4371.0,61.8,120.99,1031.24,233.31,109.67,28.66,548.7,3.9108,0.3345,0.0,122.82,0.9992,7
4,309,injector_drift,1908.6,1.158,4298.0,60.1,119.01,1022.95,239.83,110.52,29.202,575.17,4.0321,0.3558,0.0,134.3,1.0132,6
4,310,injector_drift,1508.3,1.1718,4346.0,61.5,118.36,1017.67,231.36,109.76,28.962,557.55,4.1951,0.375,0.0,128.07,1.0222,5
4,311,injector_drift,1195.3,1.1827,4317.0,61.8,119.66,1042.5,233.89,111.04,29.435,563.23,4.1938,0.3598,0.0,127.56,1.036,4
4,312,injector_drift,1120.0,1.1854,4371.0,61.2,120.77,1024.48,241.11,107.36,28.697,554.74,4.3148,0.3507,0.0,135.38,1.049,3
4,313,injector_drift,543.9,1.2056,4463.0,56.7,121.32,1050.32,221.3,105.71,29.419,614.08,4.3773,0.3467,0.0,132.69,1.0688,2
4,314,injector_drift,288.7,1.2147,4328.0,59.4,122.02,1060.63,238.67,109.73,28.933,576.54,4.3622,0.3793,0.0,134.68,1.0839,1
5,0,cooling_degradation,120.0,1.2207,4244.0,63.8,95.38,805.29,423.92,92.03,25.692,476.24,0.7445,0.0532,0.0,44.9,0.0172,396
5,1,cooling_degradation,99.4,1.2214,4296.0,60.0,96.3,810.82,417.57,89.04,25.179,496.75,0.8296,0.091,0.0,48.82,0.0219,395
5,2,cooling_degradation,295.6,1.2144,4293.0,65.0,98.16,819.97,412.31,89.67,26.153,476.04,0.8069,0.0305,0.0,47.98,0.0219,394
5,3,cooling_degradation,669.9,1.2012,4331.0,60.4,95.3,814.32,419.12,89.43,25.529,500.48,0.7531,0.0538,0.0,43.74,0.0219,393
5,4,cooling_degradation,969.3,1.1906,4375.0,54.3,94.51,812.48,420.07,91.82,24.992,544.35,0.8223,0.0966,0.0,41.52,0.0219,392
5,5,cooling_degradation,1329.8,1.178,4461.0,63.1,96.38,822.25,406.49,91.53,25.559,479.03,0.8078,0.0537,0.0,50.65,0.0219,391
5,6,cooling_degradation,1171.6,1.1836,4264.0,59.4,96.78,811.77,410.48,85.2,25.855,515.25,0.8846,0.1055,0.0,42.05,0.0219,390
5,7,cooling_degradation,1506.4,1.1719,4321.0,59.7,95.89,826.04,405.03,90.99,25.226,500.01,0.7048,0.073,0.0,46.88,0.0242,389
5,8,cooling_degradation,1952.2,1.1565,4296.0,56.6,97.24,805.88,414.19,87.01,25.077,524.41,0.7482,0.0836,0.0,52.04,0.025,388
5,9,cooling_degradation,2293.5,1.1449,4274.0,65.9,95.45,833.89,418.37,89.82,26.402,473.87,0.8707,0.0842,0.0,46.43,0.025,387
5,10,cooling_degradation,2070.0,1.1525,4356.0,59.6,95.94,824.22,412.12,90.28,25.599,508.07,0.7615,0.0575,0.0,37.26,0.025,386
5,11,cooling_degradation,2329.5,1.1436,4350.0,66.0,96.32,815.67,411.4,89.8,26.432,473.71,0.7404,0.0477,0.0,36.05,0.025,385
5,12,cooling_degradation,2718.7,1.1305,4241.0,60.1,96.18,813.25,424.35,91.5,25.552,502.87,0.7654,0.0552,0.0,40.76,0.025,384
5,13,cooling_degradation,2795.9,1.1279,4351.0,58.8,98.16,816.53,418.22,91.94,25.613,515.83,0.8046,0.0378,0.0,45.8,0.025,383
5,14,cooling_degradation,2989.6,1.1214,4278.0,65.6,96.31,823.1,420.31,88.95,26.087,470.47,0.8049,0.0562,0.0,44.47,0.025,382
5,15,cooling_degradation,3360.8,1.109,4351.0,61.6,95.29,825.04,420.36,88.88,26.336,506.28,0.7959,0.0574,0.0,53.29,0.025,381
5,16,cooling_degradation,3777.0,1.0952,4426.0,61.7,96.54,805.63,407.75,90.43,26.312,504.61,0.7304,0.0913,0.0,44.43,0.025,380
5,17,cooling_degradation,3568.4,1.1021,4378.0,58.2,97.25,818.09,407.54,87.41,26.039,529.73,0.8745,0.0694,0.0,40.61,0.025,379
5,18,cooling_degradation,4209.6,1.0811,4361.0,60.8,96.91,798.95,411.83,89.55,25.482,496.3,0.9187,0.1048,0.0,36.58,0.025,378
5,19,cooling_degradation,4118.3,1.084,4318.0,63.5,96.93,816.7,412.85,93.27,25.519,475.29,0.6628,0.0155,0.0,48.5,0.0288,377
5,20,cooling_degradation,4475.9,1.0724,4354.0,58.5,93.59,827.21,402.3,87.56,25.914,524.47,0.6914,0.0343,0.0,42.57,0.0288,376
5,21,cooling_degradation,4881.9,1.0593,4384.0,60.9,92.1,805.44,409.85,89.9,26.304,511.4,0.8959,0.0515,0.0,35.06,0.0288,375
5,22,cooling_degradation,4910.9,1.0584,4378.0,61.3,97.76,804.29,419.99,89.4,26.248,506.37,0.9415,0.0886,0.0,42.73,0.0291,374
5,23,cooling_degradation,5036.1,1.0544,4344.0,62.9,96.53,819.81,419.72,94.61,25.885,486.85,0.6462,0.0568,0.0,37.71,0.0299,373
5,24,cooling_degradation,5406.8,1.0426,4363.0,67.3,95.85,831.32,417.11,89.52,26.433,464.96,0.8818,0.0296,0.0,40.57,0.0299,372
5,25,cooling_degradation,5491.0,1.0399,4271.0,62.1,96.91,820.21,419.35,89.64,26.126,498.24,0.9476,0.0541,0.0,42.72,0.0299,371
5,26,cooling_degradation,5812.8,1.0298,4306.0,61.0,98.76,801.85,425.51,88.54,25.824,501.0,0.7476,0.035,0.0,38.17,0.0299,370
5,27,cooling_degradation,5921.1,1.0264,4392.0,71.4,98.01,808.83,406.13,90.62,26.467,438.52,0.9429,0.0311,0.0,40.26,0.0299,369
5,28,cooling_degradation,6297.9,1.0146,4401.0,62.0,97.32,818.37,406.3,91.14,25.864,493.65,0.8023,0.099,0.0,38.97,0.0299,368
5,29,cooling_degradation,6176.0,1.0184,4356.0,62.8,94.54,808.57,421.08,88.83,25.56,481.3,0.8417,0.0519,0.0,39.11,0.0299,367
5,30,cooling_degradation,6449.2,1.01,4439.0,62.5,94.74,818.91,410.34,92.58,25.578,484.61,0.759,0.0624,0.0,37.65,0.0299,366
5,31,cooling_degradation,6605.6,1.0051,4380.0,62.8,92.29,819.56,409.06,91.14,25.593,482.13,0.8966,0.0571,0.0,40.28,0.0299,365
5,32,cooling_degradation,7023.7,0.9923,4336.0,64.0,96.83,814.67,418.62,92.3,25.305,467.92,0.8833,0.0539,0.0,38.22,0.0299,364
5,33,cooling_degradation,7017.5,0.9925,4277.0,66.6,97.54,834.42,415.64,89.94,26.161,464.54,0.9545,0.0422,0.0,45.63,0.0299,363
5,34,cooling_degradation,7357.5,0.9822,4436.0,65.2,97.66,823.91,405.27,91.08,26.001,471.87,0.9318,0.0528,0.0,43.7,0.0299,362
5,35,cooling_degradation,7509.0,0.9776,4396.0,67.3,96.9,829.95,407.11,90.17,26.45,464.81,0.8158,0.0657,0.0,48.67,0.0299,361
5,36,cooling_degradation,8110.5,0.9596,4458.0,67.4,95.65,827.63,411.15,93.51,26.651,468.23,1.0652,0.0874,0.0,52.13,0.0299,360
5,37,cooling_degradation,7952.8,0.9643,4480.0,65.0,95.03,817.87,409.35,90.83,26.532,483.32,0.9246,0.0779,0.0,46.08,0.0299,359
5,38,cooling_degradation,8120.8,0.9593,4273.0,65.6,94.64,817.82,427.57,90.62,26.607,480.12,0.8598,0.0346,0.0,44.94,0.0299,358
5,39,cooling_degradation,8562.9,0.9462,4273.0,67.9,95.64,818.15,416.73,89.68,25.876,451.03,0.7368,0.0787,0.0,46.4,0.0299,357
5,40,cooling_degradation,8990.0,0.9337,4178.0,61.3,94.4,822.71,421.36,89.57,25.213,486.38,0.6942,0.0685,0.0,45.03,0.0299,356
5,41,cooling_degradation,8930.3,0.9354,4405.0,72.3,98.53,817.52,420.5,91.07,26.814,438.98,0.701,0.0465,0.0,42.94,0.0299,355
5,42,cooling_degradation,9152.1,0.929,4389.0,63.4,93.92,832.07,418.56,92.24,26.46,494.15,0.7419,0.0626,0.0,42.55,0.0299,354
5,43,cooling_degradation,9561.1,0.9172,4356.0,64.0,95.61,812.88,414.96,89.26,26.57,491.57,0.9278,0.0708,0.0,37.7,0.0312,353
5,44,cooling_degradation,9708.3,0.913,4276.0,61.5,93.03,819.6,408.47,90.9,25.997,500.3,0.8577,0.0607,0.0,47.12,0.0324,352
5,45,cooling_degradation,9848.8,0.9089,4345.0,61.7,96.41,816.4,409.36,91.04,25.02,479.94,0.7706,0.0697,0.0,42.86,0.0336,351
5,46,cooling_degradation,9905.5,0.9073,4361.0,68.3,95.97,817.91,407.08,91.39,26.36,456.91,0.8088,0.0428,0.0,50.27,0.0336,350
5,47,cooling_degradation,10268.4,0.897,4397.0,72.3,95.45,840.9,411.83,87.26,26.676,436.8,0.799,0.0999,0.0,47.6,0.0336,349
5,48,cooling_degradation,10202.4,0.8989,4366.0,63.9,94.64,816.41,409.6,88.88,26.46,490.25,0.8861,0.0223,0.0,40.14,0.0363,348
5,49,cooling_degradation,10518.9,0.89,4390.0,66.7,96.04,818.91,421.09,87.99,26.703,473.58,0.7518,0.0724,0.0,49.5,0.0363,347
5,50,cooling_degradation,11032.4,0.8756,4343.0,66.5,95.22,815.9,404.41,90.79,26.478,471.52,0.8501,0.0682,0.0,30.46,0.0363,346
5,51,cooling_degradation,11217.5,0.8705,4421.0,68.9,95.84,822.77,402.95,88.92,26.026,447.0,0.8461,0.0737,0.0,52.92,0.0363,345
5,52,cooling_degradation,11291.7,0.8685,4388.0,72.7,99.01,823.67,412.91,89.75,26.078,424.68,0.7549,0.0469,0.0,36.64,0.037,344
5,53,cooling_degradation,11139.8,0.8727,4279.0,70.7,96.38,815.05,419.61,88.4,26.592,445.22,0.952,0.0852,0.0,46.02,0.0393,343
5,54,cooling_degradation,11450.4,0.8641,4433.0,65.5,96.91,818.02,393.23,89.98,25.752,465.16,0.8013,0.0596,0.0,45.68,0.0393,342
5,55,cooling_degradation,11731.4,0.8564,4424.0,67.9,95.42,827.5,398.83,88.54,26.803,466.98,0.7456,0.0381,0.0,49.16,0.0393,341
5,56,cooling_degradation,12008.5,0.8489,4378.0,68.3,94.94,831.04,409.94,92.3,25.556,442.6,0.8932,0.0399,0.0,41.9,0.0393,340
5,57,cooling_degradation,12046.9,0.8479,4367.0,66.5,96.08,822.1,420.21,91.75,26.354,469.04,0.8293,0.0643,0.0,32.81,0.0393,339
5,58,cooling_degradation,12396.9,0.8384,4450.0,63.4,99.87,820.82,419.27,91.09,26.068,486.79,0.8577,0.0299,0.0,41.9,0.0393,338
5,59,cooling_degradation,12897.6,0.8251,4252.0,64.4,95.68,817.95,415.33,90.18,25.917,476.48,0.7302,0.0978,0.0,42.45,0.0393,337
5,60,cooling_degradation,12890.5,0.8253,4424.0,70.3,96.72,820.27,407.78,86.75,25.994,437.48,0.892,0.0834,0.0,33.49,0.0415,336
5,61,cooling_degradation,13060.2,0.8208,4321.0,70.7,94.94,817.14,408.94,89.91,25.565,427.72,1.0008,0.099,0.0,43.96,0.0415,335
5,62,cooling_degradation,13071.0,0.8205,4416.0,66.5,92.04,809.91,413.04,89.31,25.92,461.55,0.726,0.0969,0.0,38.36,0.0415,334
5,63,cooling_degradation,13173.1,0.8178,4357.0,68.0,94.99,817.5,421.34,91.32,26.018,452.99,0.8554,0.0554,0.0,46.98,0.0415,333
5,64,cooling_degradation,13429.3,0.8111,4275.0,70.9,99.79,832.16,423.5,92.1,26.849,448.24,0.7658,0.0455,0.0,42.65,0.0431,332
5,65,cooling_degradation,13555.3,0.8078,4320.0,62.3,97.1,817.23,413.56,91.51,25.575,485.94,1.0438,0.0094,0.0,53.69,0.0431,331
5,66,cooling_degradation,14011.3,0.796,4411.0,66.2,98.67,819.8,404.14,93.39,26.302,470.46,0.9278,0.0548,0.0,42.6,0.0431,330
5,67,cooling_degradation,14249.5,0.7899,4337.0,73.7,95.7,823.39,412.92,89.73,26.053,418.6,0.8512,0.0982,0.0,46.03,0.0431,329
5,68,cooling_degradation,14238.2,0.7902,4313.0,68.6,92.68,833.74,422.39,89.64,26.459,456.43,0.7304,0.0464,0.0,42.81,0.0431,328
5,69,cooling_degradation,14595.3,0.781,4312.0,64.4,94.54,814.27,411.72,92.94,25.121,461.49,0.7498,0.0587,0.0,35.76,0.0431,327
5,70,cooling_degradation,14982.7,0.7712,4389.0,68.3,96.81,825.83,399.42,91.19,27.085,469.57,0.8883,0.0518,0.0,42.86,0.0431,326
5,71,cooling_degradation,15244.3,0.7647,4455.0,71.1,96.58,824.47,404.83,90.37,26.359,438.9,0.7196,0.0704,0.0,47.65,0.0431,325
5,72,cooling_degradation,15253.5,0.7645,4222.0,60.5,96.18,820.26,416.99,94.56,24.661,482.64,0.7222,0.0887,0.0,46.89,0.0431,324
5,73,cooling_degradation,15298.1,0.7633,4518.0,68.7,95.42,825.81,392.91,92.02,25.988,447.42,0.8294,0.0321,0.0,42.41,0.0431,323
5,74,cooling_degradation,15620.5,0.7553,4362.0,67.2,97.62,823.54,413.02,90.48,25.832,454.98,0.8393,0.036,0.0,36.6,0.0431,322
5,75,cooling_degradation,15897.0,0.7485,4385.0,63.5,95.45,827.57,413.54,89.49,25.697,479.06,0.859,0.0927,0.0,47.1,0.0431,321
5,76,cooling_degradation,15576.6,0.7564,4324.0,68.8,96.68,823.63,424.71,93.52,26.13,449.78,0.7935,0.0776,0.0,45.98,0.0431,320
5,77,cooling_degradation,16282.5,0.7391,4350.0,68.2,96.51,837.54,404.26,91.28,25.978,450.81,0.9023,0.0577,0.0,48.1,0.0431,319
5,78,cooling_degradation,16159.9,0.7421,4362.0,68.6,95.68,824.35,415.89,90.93,25.945,447.4,0.7606,0.0973,0.0,42.59,0.044,318
5,79,cooling_degradation,16341.8,0.7376,4287.0,67.8,95.06,811.19,420.0,92.35,25.776,450.22,0.8856,0.0376,0.0,36.05,0.0497,317
5,80,cooling_degradation,16548.2,0.7326,4302.0,65.8,95.73,828.96,416.58,92.75,26.453,475.54,0.8526,0.0835,0.0,47.14,0.0497,316
5,81,cooling_degradation,16827.8,0.7259,4421.0,64.6,99.18,826.39,401.46,92.09,26.532,485.86,0.8835,0.0636,0.0,44.43,0.0497,315
5,82,cooling_degradation,16790.4,0.7268,4257.0,67.0,98.05,824.71,409.32,92.76,26.093,460.8,0.93,0.077,0.0,51.43,0.0497,314
5,83,cooling_degradation,17090.6,0.7196,4376.0,71.8,97.92,824.74,410.31,91.9,26.472,436.59,0.7991,0.0172,0.0,44.62,0.0497,313
5,84,cooling_degradation,17387.2,0.7125,4328.0,70.0,95.2,809.01,412.7,92.1,25.922,438.42,0.7826,0.0597,0.0,44.25,0.0497,312
5,85,cooling_degradation,17515.3,0.7095,4292.0,69.2,94.22,809.94,410.58,89.53,26.352,450.93,0.7004,0.0797,0.0,46.56,0.0497,311
5,86,cooling_degradation,17712.6,0.7049,4468.0,66.3,98.02,837.31,412.87,94.62,26.247,468.22,0.6741,0.0637,0.0,41.5,0.0498,310
5,87,cooling_degradation,17778.7,0.7033,4293.0,68.4,97.74,820.49,411.49,88.53,26.192,452.98,0.8215,0.09,0.0,41.26,0.0498,309
5,88,cooling_degradation,18102.1,0.6958,4282.0,71.9,96.72,835.73,402.14,91.72,26.662,439.12,0.8326,0.0909,0.0,44.45,0.0549,308
5,89,cooling_degradation,18326.1,0.6906,4339.0,71.2,95.96,814.88,409.33,88.42,26.591,441.68,0.7543,0.0473,0.0,40.34,0.0549,307
5,90,cooling_degradation,18485.6,0.6869,4304.0,68.4,94.31,817.9,415.3,90.9,25.874,447.72,0.7715,0.083,0.0,43.8,0.0549,306
5,91,cooling_degradation,18567.5,0.685,4350.0,62.1,97.8,828.55,412.15,89.96,26.394,503.17,0.9631,0.0466,0.0,54.64,0.0549,305
5,92,cooling_degradation,18810.4,0.6794,4359.0,68.0,98.29,825.25,411.65,91.37,26.188,455.91,0.9112,0.0676,0.0,50.16,0.0549,304
5,93,cooling_degradation,18965.1,0.6759,4364.0,68.6,95.49,830.7,418.38,91.78,26.981,465.17,0.7403,0.0796,0.0,46.48,0.0549,303
5,94,cooling_degradation,19399.7,0.6661,4343.0,67.5,95.36,825.7,403.8,89.19,26.408,463.29,0.8058,0.0498,0.0,52.7,0.0549,302
5,95,cooling_degradation,19343.6,0.6673,4308.0,69.0,98.37,824.93,409.68,91.04,27.122,465.01,0.8737,0.0822,0.0,40.82,0.0549,301
5,96,cooling_degradation,19308.9,0.6681,4389.0,72.8,95.67,824.03,416.64,93.98,27.046,439.66,0.7962,0.0577,0.0,57.8,0.0594,300
5,97,cooling_degradation,19345.6,0.6673,4343.0,70.3,99.29,818.68,397.83,88.56,26.518,446.25,0.7817,0.0562,0.0,43.05,0.0594,299
5,98,cooling_degradation,19602.1,0.6615,4320.0,73.5,96.47,841.04,410.47,89.48,26.328,423.96,0.8193,0.082,0.0,55.37,0.0594,298
5,99,cooling_degradation,19749.2,0.6583,4439.0,66.1,96.04,838.65,412.24,92.91,25.892,463.7,0.9336,0.0511,0.0,55.35,0.0594,297
5,100,cooling_degradation,20032.2,0.652,4343.0,69.8,96.69,819.65,416.95,91.34,26.608,451.28,0.9409,0.0501,0.0,36.58,0.0594,296
5,101,cooling_degradation,20005.6,0.6526,4416.0,65.0,96.04,816.72,409.99,91.49,26.163,476.65,0.7875,0.0886,0.0,52.68,0.0594,295
5,102,cooling_degradation,20443.4,0.6429,4424.0,69.6,98.31,825.08,409.73,93.23,26.147,444.74,0.8832,0.07,0.0,43.93,0.0594,294
5,103,cooling_degradation,20208.8,0.6481,4427.0,67.8,97.95,829.7,399.19,89.6,26.609,464.45,0.8459,0.0388,0.0,42.51,0.0594,293
5,104,cooling_degradation,20323.7,0.6455,4391.0,74.9,98.3,829.31,415.26,90.17,26.719,422.38,0.7671,0.0853,0.0,48.08,0.0606,292
5,105,cooling_degradation,20698.4,0.6374,4350.0,72.3,96.94,833.49,401.89,89.93,26.887,439.93,0.824,0.06,0.0,40.41,0.0606,291
5,106,cooling_degradation,20741.0,0.6364,4346.0,74.2,95.98,830.05,402.44,90.52,26.275,418.94,0.7466,0.0401,0.0,47.96,0.0606,290
5,107,cooling_degradation,20826.1,0.6346,4335.0,70.0,96.64,827.4,412.15,93.89,26.81,453.45,0.9408,0.018,0.0,40.75,0.0606,289
5,108,cooling_degradation,21065.4,0.6294,4220.0,68.3,96.02,846.87,412.56,87.82,26.511,459.5,0.9724,0.0864,0.0,46.38,0.061,288
5,109,cooling_degradation,21191.6,0.6267,4393.0,68.3,98.87,823.4,408.06,88.84,26.789,464.45,0.8157,0.0512,0.0,52.19,0.0612,287
5,110,cooling_degradation,21450.8,0.6212,4365.0,72.3,98.22,843.11,410.53,88.53,26.948,441.18,0.7986,0.044,0.0,47.6,0.0629,286
5,111,cooling_degradation,21498.3,0.6201,4400.0,77.0,96.59,843.92,416.87,94.06,26.806,412.0,0.9349,0.0817,0.0,43.86,0.0629,285
5,112,cooling_degradation,21651.2,0.6169,4343.0,72.9,95.36,834.55,411.44,90.05,26.531,430.81,0.9491,0.0853,0.0,48.47,0.064,284
5,113,cooling_degradation,21870.8,0.6123,4390.0,70.6,99.05,813.96,402.78,90.63,27.173,455.53,0.7626,0.0535,0.0,38.73,0.064,283
5,114,cooling_degradation,22161.6,0.6061,4267.0,71.2,96.96,830.03,416.59,88.06,26.383,438.36,0.8405,0.0876,0.0,41.6,0.0644,282
5,115,cooling_degradation,22366.7,0.6019,4280.0,71.8,96.67,826.89,406.15,90.85,26.846,442.67,0.8529,0.1117,0.0,44.03,0.0687,281
5,116,cooling_degradation,22303.5,0.6032,4201.0,78.0,99.2,834.29,420.54,93.11,26.769,406.06,0.796,0.0976,0.0,50.12,0.0687,280
5,117,cooling_degradation,22449.0,0.6002,4342.0,75.7,96.1,824.47,408.42,91.88,26.038,407.01,0.8885,0.0944,0.0,48.21,0.0687,279
5,118,cooling_degradation,22520.1,0.5987,4304.0,72.9,96.39,837.6,412.35,91.16,26.121,424.28,0.8017,0.0769,0.0,48.86,0.0687,278
5,119,cooling_degradation,22750.7,0.5939,4296.0,72.5,96.57,839.72,399.26,88.29,26.759,436.93,0.8172,0.0624,0.0,46.25,0.0709,277
5,120,cooling_degradation,22866.7,0.5915,4370.0,73.1,94.94,841.52,392.73,90.76,26.916,435.64,0.8523,0.0702,0.0,42.44,0.0709,276
5,121,cooling_degradation,23135.1,0.586,4324.0,73.8,97.39,829.43,399.5,91.71,26.838,430.54,0.7413,0.0801,0.0,53.82,0.0709,275
5,122,cooling_degradation,22779.6,0.5933,4264.0,71.1,95.77,822.68,422.01,89.43,26.974,448.87,0.6959,0.0461,0.0,42.89,0.0709,274
5,123,cooling_degradation,23153.0,0.5857,4503.0,69.9,96.06,833.36,392.71,92.73,26.598,450.38,0.9339,0.0559,0.0,48.48,0.0709,273
5,124,cooling_degradation,23362.8,0.5814,4348.0,75.6,95.87,847.44,411.74,93.19,26.473,414.49,0.8012,0.0427,0.0,45.82,0.0709,272
5,125,cooling_degradation,23430.3,0.58,4285.0,72.6,96.04,832.47,406.63,90.36,26.843,437.44,1.0312,0.076,0.0,49.2,0.0709,271
5,126,cooling_degradation,23414.2,0.5804,4310.0,75.5,95.79,838.04,406.91,92.97,26.861,421.24,1.0246,0.0744,0.0,43.8,0.0759,270
5,127,cooling_degradation,23479.5,0.579,4340.0,77.6,97.42,833.62,406.59,91.3,26.693,406.96,0.8264,0.0597,0.0,52.09,0.0759,269
5,128,cooling_degradation,23913.3,0.5703,4339.0,74.3,96.81,829.82,416.73,93.81,26.913,428.62,1.054,0.0892,0.0,53.72,0.0759,268
5,129,cooling_degradation,23795.1,0.5727,4428.0,73.9,97.12,838.9,405.94,95.59,26.73,428.15,0.9419,0.0519,0.0,51.79,0.0759,267
5,130,cooling_degradation,23760.3,0.5734,4345.0,82.5,100.64,837.51,408.54,89.37,26.979,387.14,0.8179,0.0596,0.0,47.79,0.0778,266
5,131,cooling_degradation,24265.4,0.5633,4461.0,73.6,96.87,837.18,408.16,93.1,26.615,428.24,0.6633,0.089,0.0,44.85,0.0781,265
5,132,cooling_degradation,24317.6,0.5623,4324.0,69.7,98.0,836.1,403.44,94.17,27.022,458.68,0.9249,0.092,0.0,61.14,0.0781,264
5,133,cooling_degradation,24341.6,0.5618,4376.0,72.2,98.17,836.06,411.07,89.62,27.158,445.11,0.8723,0.0575,0.0,42.07,0.0781,263
5,134,cooling_degradation,24330.6,0.562,4411.0,77.8,97.03,840.64,408.19,90.42,27.016,411.14,0.905,0.0782,0.0,51.48,0.0786,262
5,135,cooling_degradation,24558.0,0.5576,4422.0,69.3,97.51,825.11,407.6,90.4,26.455,451.88,0.8522,0.058,0.0,48.74,0.0786,261
5,136,cooling_degradation,24863.0,0.5516,4429.0,71.0,97.19,825.96,400.58,91.35,25.968,433.05,0.7821,0.0703,0.0,46.97,0.0809,260
5,137,cooling_degradation,24542.6,0.5579,4334.0,76.6,97.52,836.14,403.31,90.94,27.573,426.0,0.8419,0.0777,0.0,48.36,0.0827,259
5,138,cooling_degradation,24652.8,0.5557,4350.0,72.5,96.36,834.58,399.69,91.28,27.059,441.59,0.9344,0.0864,0.0,45.0,0.084,258
5,139,cooling_degradation,24894.2,0.551,4201.0,73.1,96.57,831.42,407.0,93.41,26.987,437.17,0.8533,0.0824,0.0,49.94,0.0867,257
5,140,cooling_degradation,25083.8,0.5473,4338.0,76.7,97.35,839.32,399.49,87.94,25.993,401.27,0.8528,0.0815,0.0,49.38,0.0867,256
5,141,cooling_degradation,25111.2,0.5468,4415.0,71.3,94.39,842.37,403.03,89.82,26.606,441.35,0.7625,0.0549,0.0,61.34,0.0883,255
5,142,cooling_degradation,25378.4,0.5416,4404.0,69.1,99.59,843.5,400.04,93.11,26.407,452.0,0.8913,0.0843,0.0,53.3,0.0883,254
5,143,cooling_degradation,25539.9,0.5385,4345.0,69.4,100.61,845.63,406.79,92.89,26.751,455.98,0.7963,0.0878,0.0,50.61,0.0892,253
5,144,cooling_degradation,25511.5,0.5391,4452.0,75.4,97.64,826.8,401.78,89.67,26.655,418.42,0.9587,0.0905,0.0,50.9,0.0892,252
5,145,cooling_degradation,25645.2,0.5365,4327.0,74.5,98.38,827.55,398.74,92.9,26.688,424.1,0.8265,0.0624,0.0,57.22,0.0892,251
5,146,cooling_degradation,25691.9,0.5356,4307.0,71.7,99.14,834.38,398.54,94.55,26.88,443.88,0.8698,0.0968,0.0,43.68,0.0948,250
5,147,cooling_degradation,25740.7,0.5347,4322.0,70.3,95.52,836.66,402.96,91.8,26.241,441.67,1.0666,0.0521,0.0,47.62,0.0948,249
5,148,cooling_degradation,25631.9,0.5368,4283.0,73.0,98.91,835.47,401.64,89.88,26.484,429.2,0.8689,0.0698,0.0,39.0,0.0948,248
5,149,cooling_degradation,25756.7,0.5344,4387.0,77.2,96.89,835.06,395.78,93.65,27.043,414.39,0.8582,0.0729,0.0,51.33,0.0948,247
5,150,cooling_degradation,25791.7,0.5337,4367.0,71.4,100.95,834.14,412.24,95.34,27.152,449.93,0.9403,0.0532,0.0,52.78,0.0948,246
5,151,cooling_degradation,26053.8,0.5288,4387.0,72.0,97.23,840.72,391.9,90.12,26.974,443.48,0.7506,0.0726,0.0,43.56,0.0948,245
5,152,cooling_degradation,26191.0,0.5262,4325.0,70.4,98.87,825.45,416.31,91.98,26.989,453.42,0.9935,0.0829,0.0,55.71,0.0948,244
5,153,cooling_degradation,26017.2,0.5295,4347.0,73.0,97.25,856.09,404.84,94.08,26.734,433.69,0.973,0.0419,0.0,44.94,0.0948,243
5,154,cooling_degradation,26322.3,0.5237,4219.0,75.1,100.85,838.87,415.15,92.15,27.441,432.36,0.9374,0.0709,0.0,46.94,0.0961,242
5,155,cooling_degradation,26255.3,0.525,4373.0,80.5,96.87,850.41,406.27,88.48,26.479,389.35,0.6294,0.0447,0.0,49.5,0.0989,241
5,156,cooling_degradation,26299.6,0.5242,4356.0,74.8,99.37,834.54,405.6,92.87,27.645,437.21,0.8788,0.1205,0.0,56.87,0.0989,240
5,157,cooling_degradation,26438.0,0.5216,4284.0,74.1,98.58,843.54,415.34,90.04,27.653,441.92,0.7988,0.0841,0.0,44.68,0.0996,239
5,158,cooling_degradation,26433.9,0.5217,4344.0,76.8,98.32,841.74,395.4,89.51,27.151,418.16,0.9947,0.0832,0.0,50.67,0.1023,238
5,159,cooling_degradation,26761.5,0.5156,4335.0,76.4,98.16,848.52,400.63,88.68,27.289,422.83,0.9957,0.0867,0.0,53.48,0.1067,237
5,160,cooling_degradation,26712.1,0.5165,4456.0,72.6,96.81,838.18,390.38,94.51,26.714,435.51,0.9426,0.0941,0.0,52.45,0.1067,236
5,161,cooling_degradation,26924.7,0.5126,4286.0,81.3,93.95,856.52,393.8,90.46,27.166,395.6,0.8153,0.1016,0.0,52.63,0.1067,235
5,162,cooling_degradation,26799.3,0.5149,4370.0,74.3,99.43,828.7,395.83,92.8,26.588,423.38,1.0311,0.0507,0.0,53.41,0.1067,234
5,163,cooling_degradation,26866.7,0.5136,4285.0,75.1,97.15,849.2,414.84,93.34,26.871,423.24,0.8946,0.109,0.0,47.06,0.1093,233
5,164,cooling_degradation,27268.6,0.5063,4317.0,76.1,99.64,843.04,400.97,92.51,27.171,422.48,1.06,0.1077,0.0,58.27,0.1093,232
5,165,cooling_degradation,26802.5,0.5148,4367.0,75.5,98.41,833.65,411.4,92.78,27.082,424.35,0.9368,0.0815,0.0,49.28,0.1093,231
5,166,cooling_degradation,27295.2,0.5058,4337.0,79.1,99.69,859.2,413.48,92.95,27.923,417.78,0.9561,0.0804,0.0,48.61,0.1093,230
5,167,cooling_degradation,27405.7,0.5038,4350.0,72.8,99.08,855.22,418.32,92.46,26.789,435.61,0.8787,0.0207,0.0,56.57,0.1093,229
5,168,cooling_degradation,27325.6,0.5052,4370.0,76.9,94.23,826.3,410.45,90.7,26.409,406.27,1.031,0.0584,0.0,46.84,0.111,228
5,169,cooling_degradation,27212.7,0.5073,4320.0,75.1,98.86,843.45,415.59,90.53,27.553,434.2,0.9675,0.0938,0.0,51.62,0.1113,227
5,170,cooling_degradation,27526.1,0.5016,4403.0,77.6,97.42,848.92,399.26,92.02,26.556,405.1,1.0343,0.1074,0.0,46.4,0.1113,226
5,171,cooling_degradation,27311.8,0.5055,4332.0,74.0,99.76,845.71,401.69,92.04,26.617,425.6,0.938,0.0989,0.0,62.89,0.1144,225
5,172,cooling_degradation,27300.6,0.5057,4344.0,73.6,98.89,854.11,401.47,93.15,26.927,432.78,0.9201,0.0828,0.0,61.84,0.1144,224
5,173,cooling_degradation,27392.9,0.504,4372.0,76.9,99.03,855.06,397.52,94.58,27.197,418.53,0.9787,0.1242,0.0,50.15,0.1189,223
5,174,cooling_degradation,27408.5,0.5037,4364.0,75.8,97.71,846.17,398.82,93.07,26.386,411.94,1.0465,0.1058,0.0,53.3,0.1189,222
5,175,cooling_degradation,27393.2,0.504,4389.0,72.3,96.75,860.51,401.18,90.76,26.455,433.08,1.0125,0.0778,0.0,50.72,0.1189,221
5,176,cooling_degradation,27741.1,0.4977,4369.0,78.8,97.54,853.59,394.42,88.06,26.561,398.85,0.9463,0.13,0.0,49.17,0.1213,220
5,177,cooling_degradation,27496.3,0.5021,4378.0,77.0,95.49,842.37,388.49,90.89,27.293,419.52,0.7866,0.0645,0.0,51.52,0.1213,219
5,178,cooling_degradation,27643.8,0.4995,4330.0,74.6,97.38,840.31,400.71,89.81,27.385,434.5,1.0058,0.058,0.0,51.02,0.1247,218
5,179,cooling_degradation,27465.9,0.5027,4286.0,73.4,96.07,854.1,396.6,91.03,26.353,424.75,0.8259,0.079,0.0,43.62,0.1247,217
5,180,cooling_degradation,27719.6,0.4981,4264.0,75.9,96.11,839.07,398.3,92.98,27.391,426.86,0.9438,0.0722,0.0,52.54,0.1247,216
5,181,cooling_degradation,27572.4,0.5007,4250.0,76.8,98.45,842.58,401.71,92.66,27.42,422.27,0.9317,0.0801,0.0,51.01,0.1247,215
5,182,cooling_degradation,27597.7,0.5003,4456.0,70.1,99.1,840.97,389.71,96.25,26.385,445.45,0.8306,0.1039,0.0,52.95,0.1265,214
5,183,cooling_degradation,27785.6,0.4969,4217.0,76.0,98.41,849.92,409.52,93.61,26.231,408.34,0.9834,0.0889,0.0,51.5,0.1321,213
5,184,cooling_degradation,27986.0,0.4933,4422.0,76.9,97.71,845.95,391.64,96.46,26.646,410.24,1.126,0.0895,0.0,50.09,0.1321,212
5,185,cooling_degradation,27917.3,0.4945,4301.0,67.9,97.02,832.46,405.65,94.07,26.296,458.56,0.9286,0.0908,0.0,56.26,0.1321,211
5,186,cooling_degradation,27949.6,0.494,4421.0,75.5,97.98,856.12,393.9,94.81,27.61,432.66,1.0149,0.0434,0.0,54.55,0.1321,210
5,187,cooling_degradation,27874.0,0.4953,4218.0,77.0,97.22,844.34,402.3,91.92,27.037,415.39,1.1421,0.0593,0.0,58.87,0.1321,209
5,188,cooling_degradation,27861.6,0.4955,4336.0,76.7,98.41,864.03,397.5,90.54,26.669,411.51,1.0263,0.0826,0.0,54.55,0.1342,208
5,189,cooling_degradation,28047.3,0.4922,4437.0,77.4,96.27,851.05,383.4,91.82,27.177,415.7,0.909,0.074,0.0,51.26,0.1361,207
5,190,cooling_degradation,27859.2,0.4956,4393.0,74.0,99.6,857.06,395.4,92.7,26.397,422.23,0.9795,0.0862,0.0,55.33,0.1361,206
5,191,cooling_degradation,28082.0,0.4916,4330.0,71.9,97.69,850.91,401.62,91.46,26.993,444.56,0.999,0.1189,0.0,42.34,0.1361,205
5,192,cooling_degradation,28153.7,0.4903,4233.0,69.6,99.2,856.11,406.57,90.8,26.274,446.85,1.0823,0.0905,0.0,63.12,0.14,204
5,193,cooling_degradation,27851.8,0.4957,4271.0,78.3,100.02,854.78,390.42,93.66,26.857,406.11,1.0671,0.0659,0.0,54.09,0.1413,203
5,194,cooling_degradation,27881.7,0.4952,4433.0,77.1,99.18,851.52,381.28,90.82,27.271,418.58,0.7484,0.0765,0.0,63.64,0.1413,202
5,195,cooling_degradation,27910.2,0.4947,4329.0,78.5,99.89,859.08,392.39,89.76,27.905,420.67,0.9015,0.1266,0.0,48.37,0.1413,201
5,196,cooling_degradation,27776.4,0.4971,4346.0,72.8,95.65,867.99,402.59,90.64,27.753,451.01,0.9694,0.1239,0.0,47.38,0.1441,200
5,197,cooling_degradation,27928.7,0.4943,4367.0,77.4,98.12,849.16,393.79,92.5,26.748,408.91,0.9014,0.1064,0.0,55.17,0.1483,199
5,198,cooling_degradation,28195.2,0.4896,4272.0,70.5,100.52,854.39,392.43,91.0,26.512,445.1,0.6881,0.0635,0.0,55.23,0.149,198
5,199,cooling_degradation,27842.3,0.4959,4374.0,72.4,99.63,848.94,383.23,92.52,27.071,442.56,0.9261,0.1008,0.0,55.1,0.149,197
5,200,cooling_degradation,28195.3,0.4896,4325.0,75.4,101.7,855.0,389.94,94.23,27.519,432.06,0.9879,0.103,0.0,54.54,0.1512,196
5,201,cooling_degradation,27927.1,0.4944,4368.0,77.0,101.59,852.93,386.71,94.25,26.296,404.23,0.9532,0.097,0.0,50.81,0.155,195
5,202,cooling_degradation,28303.0,0.4877,4315.0,80.0,99.48,836.85,399.45,91.78,27.379,404.87,0.9155,0.0851,0.0,46.52,0.155,194
5,203,cooling_degradation,27875.7,0.4953,4256.0,74.3,98.66,849.77,402.78,90.5,26.806,427.14,0.9998,0.0894,0.0,55.42,0.1556,193
5,204,cooling_degradation,27946.7,0.494,4324.0,72.4,97.73,859.62,386.0,92.07,26.137,427.32,1.0342,0.0855,0.0,48.08,0.161,192
5,205,cooling_degradation,27820.3,0.4963,4388.0,72.2,98.46,845.42,393.61,94.53,26.362,431.95,0.9693,0.0754,0.0,47.61,0.161,191
5,206,cooling_degradation,27840.5,0.4959,4374.0,72.9,98.63,859.83,393.26,95.05,26.72,433.73,1.1217,0.1264,0.0,52.83,0.1637,190
5,207,cooling_degradation,28129.4,0.4908,4352.0,81.6,98.44,858.96,382.82,94.04,27.504,398.77,1.0224,0.1177,0.0,57.16,0.1667,189
5,208,cooling_degradation,27983.1,0.4934,4404.0,77.2,97.94,853.75,386.8,95.74,27.62,423.27,0.9481,0.0943,0.0,64.94,0.1667,188
5,209,cooling_degradation,28047.8,0.4922,4338.0,78.3,99.93,863.06,392.65,96.79,27.422,414.56,0.9278,0.1071,0.0,59.9,0.1667,187
5,210,cooling_degradation,27675.9,0.4989,4353.0,74.2,101.94,859.94,390.22,92.43,27.427,437.34,1.0071,0.1088,0.0,62.46,0.1699,186
5,211,cooling_degradation,27949.4,0.494,4321.0,74.9,100.8,858.21,380.59,96.37,27.1,428.1,1.1132,0.1478,0.0,58.56,0.1699,185
5,212,cooling_degradation,27681.8,0.4988,4407.0,77.0,98.92,864.01,387.33,92.88,26.933,413.91,0.9583,0.1184,0.0,57.13,0.1699,184
5,213,cooling_degradation,27601.4,0.5002,4367.0,73.4,100.96,856.08,392.04,95.47,26.93,434.33,1.0753,0.1182,0.0,67.98,0.1717,183
5,214,cooling_degradation,27810.5,0.4965,4317.0,74.0,100.05,842.37,399.63,94.92,27.331,437.06,1.0421,0.1033,0.0,49.15,0.1751,182
5,215,cooling_degradation,27780.0,0.497,4261.0,72.8,99.53,852.49,388.47,89.6,27.405,445.26,1.1991,0.0946,0.0,53.93,0.1777,181
5,216,cooling_degradation,27723.0,0.498,4416.0,73.5,99.43,841.41,381.43,91.62,26.973,434.27,1.0709,0.131,0.0,54.32,0.1777,180
5,217,cooling_degradation,27790.1,0.4968,4305.0,75.0,99.31,861.96,388.9,91.12,26.751,422.23,0.9849,0.1165,0.0,60.51,0.1782,179
5,218,cooling_degradation,27779.3,0.497,4354.0,72.3,100.72,863.78,388.45,90.11,27.118,443.6,1.1111,0.0885,0.0,51.65,0.1838,178
5,219,cooling_degradation,27832.8,0.4961,4491.0,75.7,99.96,865.79,380.44,95.43,27.373,428.22,1.1137,0.1142,0.0,60.36,0.1838,177
5,220,cooling_degradation,27396.1,0.5039,4398.0,75.6,98.65,862.16,388.14,97.81,27.674,433.06,1.0204,0.1219,0.0,59.44,0.1838,176
5,221,cooling_degradation,27760.5,0.4974,4447.0,74.2,98.74,866.68,374.19,93.29,26.847,428.11,0.9722,0.0651,0.0,61.18,0.1901,175
5,222,cooling_degradation,27776.4,0.4971,4318.0,72.2,100.36,845.34,389.77,95.51,26.733,437.9,1.1082,0.0886,0.0,61.09,0.1901,174
5,223,cooling_degradation,27396.2,0.5039,4414.0,75.0,100.63,859.22,377.5,96.84,27.481,433.5,1.0775,0.1153,0.0,65.11,0.1935,173
5,224,cooling_degradation,27156.2,0.5083,4352.0,73.2,99.51,847.84,384.23,94.29,26.904,435.16,0.9511,0.0696,0.0,57.17,0.1935,172
5,225,cooling_degradation,27152.6,0.5084,4372.0,74.8,98.3,857.16,394.27,93.82,26.986,426.97,1.0933,0.0728,0.0,60.09,0.1938,171
5,226,cooling_degradation,27242.8,0.5067,4471.0,77.9,101.97,875.37,369.98,93.46,27.869,423.23,1.0302,0.1039,0.0,54.1,0.1976,170
5,227,cooling_degradation,27564.4,0.5009,4333.0,70.8,101.65,867.69,383.55,95.03,26.395,440.91,0.9603,0.1192,0.0,52.98,0.1978,169
5,228,cooling_degradation,27213.3,0.5073,4351.0,81.1,97.13,869.37,376.69,95.71,28.381,414.15,1.0534,0.1201,0.0,66.63,0.1978,168
5,229,cooling_degradation,27064.9,0.51,4296.0,74.3,102.1,859.23,388.02,94.88,26.907,428.39,1.1842,0.141,0.0,53.74,0.1978,167
5,230,cooling_degradation,26999.8,0.5112,4403.0,75.8,100.06,855.85,386.05,95.03,27.623,431.52,1.2018,0.1143,0.0,61.99,0.2087,166
5,231,cooling_degradation,26847.5,0.514,4316.0,72.2,100.65,863.53,385.13,94.07,27.021,442.71,1.1809,0.1052,0.0,61.44,0.2087,165
5,232,cooling_degradation,27118.8,0.509,4411.0,77.9,102.16,874.43,378.1,91.05,27.523,418.21,1.1335,0.0874,0.0,64.94,0.2118,164
5,233,cooling_degradation,26913.7,0.5128,4251.0,74.0,102.96,867.22,394.54,96.06,27.084,432.85,1.1628,0.1063,0.0,50.9,0.2132,163
5,234,cooling_degradation,27180.8,0.5079,4383.0,73.2,102.01,851.08,381.75,91.72,27.486,444.3,1.1255,0.1285,0.0,63.75,0.2144,162
5,235,cooling_degradation,26896.6,0.5131,4311.0,72.6,100.87,864.32,388.26,95.53,26.969,439.43,1.0292,0.1294,0.0,59.0,0.2144,161
5,236,cooling_degradation,26861.8,0.5137,4394.0,73.5,98.54,849.5,382.79,95.88,26.946,433.76,1.0542,0.1208,0.0,56.66,0.2184,160
5,237,cooling_degradation,26634.2,0.5179,4349.0,75.5,97.7,873.36,362.57,92.19,28.04,439.27,1.0894,0.128,0.0,58.85,0.2234,159
5,238,cooling_degradation,26438.3,0.5216,4318.0,74.8,102.05,861.0,380.93,93.25,27.28,431.78,1.2501,0.1426,0.0,65.29,0.2234,158
5,239,cooling_degradation,26400.8,0.5223,4327.0,74.1,102.89,857.71,373.42,98.83,26.978,430.89,1.2375,0.1203,0.0,64.29,0.2293,157
5,240,cooling_degradation,26254.6,0.525,4299.0,72.0,99.65,873.01,376.3,94.43,26.529,435.8,1.065,0.1461,0.0,60.0,0.2293,156
5,241,cooling_degradation,26523.1,0.52,4400.0,71.8,100.47,870.84,385.06,92.15,27.858,458.99,1.1557,0.1043,0.0,54.94,0.2293,155
5,242,cooling_degradation,26253.7,0.525,4287.0,72.7,100.15,869.57,378.88,96.27,26.959,438.77,1.1287,0.1186,0.0,55.67,0.2334,154
5,243,cooling_degradation,26377.5,0.5227,4334.0,75.4,100.11,886.61,390.14,93.12,28.168,441.9,1.1485,0.1104,0.0,64.78,0.2334,153
5,244,cooling_degradation,26176.5,0.5265,4371.0,76.0,102.8,876.17,367.08,90.99,27.564,429.22,1.1365,0.1382,0.0,55.33,0.2413,152
5,245,cooling_degradation,26032.1,0.5292,4447.0,76.4,101.52,866.17,365.17,95.87,27.484,425.95,1.2924,0.1022,0.0,61.15,0.2416,151
5,246,cooling_degradation,25818.9,0.5332,4349.0,73.9,100.92,874.96,380.55,93.06,27.36,438.01,1.186,0.117,0.0,75.43,0.2447,150
5,247,cooling_degradation,25956.2,0.5306,4335.0,75.0,105.26,869.14,374.57,95.54,28.246,445.51,1.2055,0.0863,0.0,64.35,0.2451,149
5,248,cooling_degradation,25793.1,0.5337,4366.0,73.3,99.12,880.72,376.91,93.28,26.381,425.74,1.2062,0.1354,0.0,65.77,0.2451,148
5,249,cooling_degradation,25874.6,0.5322,4226.0,68.6,102.09,870.45,381.43,96.32,27.057,467.03,1.106,0.1485,0.0,56.75,0.2451,147
5,250,cooling_degradation,25543.7,0.5385,4278.0,73.1,99.93,875.55,376.95,95.45,27.17,439.9,1.2192,0.1445,0.0,56.76,0.2544,146
5,251,cooling_degradation,25653.6,0.5364,4327.0,72.6,101.27,860.71,373.51,89.91,27.159,442.91,1.2955,0.1426,0.0,66.87,0.2544,145
5,252,cooling_degradation,25715.8,0.5352,4307.0,70.5,101.86,872.9,376.46,95.96,27.2,456.42,1.3414,0.1447,0.0,61.96,0.2597,144
5,253,cooling_degradation,25417.5,0.5409,4254.0,71.9,102.9,872.64,381.9,94.62,27.116,446.36,1.1318,0.1419,0.0,69.24,0.2597,143
5,254,cooling_degradation,25399.7,0.5412,4401.0,73.9,101.26,865.97,380.32,98.03,27.422,438.84,1.1026,0.1403,0.0,64.11,0.26,142
5,255,cooling_degradation,25271.5,0.5437,4366.0,70.1,101.19,871.39,370.46,96.07,27.121,457.9,1.2394,0.1428,0.0,81.56,0.2642,141
5,256,cooling_degradation,25372.5,0.5417,4358.0,71.3,101.4,877.86,369.18,96.85,26.687,442.9,1.3299,0.117,0.0,61.66,0.2669,140
5,257,cooling_degradation,25044.1,0.5481,4308.0,78.0,100.23,877.85,370.78,93.93,27.771,421.18,1.2717,0.1263,0.0,66.03,0.2676,139
5,258,cooling_degradation,24992.4,0.5491,4355.0,68.5,102.97,863.51,379.05,93.92,27.361,472.53,1.3164,0.134,0.0,60.8,0.2752,138
5,259,cooling_degradation,24779.4,0.5532,4381.0,72.7,102.51,875.3,372.59,95.51,27.119,441.29,1.1598,0.1266,0.0,70.67,0.2778,137
5,260,cooling_degradation,24564.5,0.5574,4334.0,69.7,102.74,872.24,359.39,94.84,27.903,473.61,1.2229,0.102,0.0,67.71,0.2778,136
5,261,cooling_degradation,24393.8,0.5608,4377.0,70.9,101.98,878.13,357.0,98.23,27.761,463.31,1.0929,0.1087,0.0,60.7,0.2778,135
5,262,cooling_degradation,24657.8,0.5556,4302.0,72.5,102.01,879.86,365.93,95.41,27.689,451.89,1.278,0.1404,0.0,64.65,0.286,134
5,263,cooling_degradation,24207.8,0.5645,4356.0,70.1,104.05,874.67,369.61,93.27,27.539,465.0,1.1163,0.1539,0.0,73.1,0.286,133
5,264,cooling_degradation,24360.6,0.5614,4419.0,74.7,103.91,877.37,364.32,94.13,27.507,435.71,1.4042,0.1369,0.0,72.78,0.2892,132
5,265,cooling_degradation,24199.3,0.5646,4424.0,77.0,104.6,883.49,366.66,97.79,28.101,431.98,1.4318,0.1932,0.0,59.8,0.293,131
5,266,cooling_degradation,24161.2,0.5654,4430.0,75.4,103.03,889.86,362.23,95.53,28.177,442.29,1.3187,0.1195,0.0,64.54,0.293,130
5,267,cooling_degradation,23831.5,0.572,4367.0,75.9,104.67,886.09,373.6,95.55,27.925,435.51,1.2038,0.1488,0.0,76.57,0.2996,129
5,268,cooling_degradation,23673.7,0.5751,4352.0,68.6,102.0,891.61,370.6,98.11,26.937,464.65,1.3549,0.1657,0.0,66.63,0.2996,128
5,269,cooling_degradation,23731.2,0.574,4323.0,72.0,102.37,891.29,367.61,94.19,27.355,449.92,1.4775,0.1616,0.0,68.52,0.3011,127
5,270,cooling_degradation,23511.2,0.5784,4242.0,74.0,104.66,896.9,376.73,91.7,27.751,443.68,1.3869,0.1557,0.0,73.42,0.3087,126
5,271,cooling_degradation,23249.6,0.5837,4269.0,75.2,104.13,896.45,358.57,94.47,27.926,439.66,1.4437,0.164,0.0,61.62,0.3087,125
5,272,cooling_degradation,23602.7,0.5766,4340.0,77.7,102.59,900.61,363.35,96.78,27.735,422.17,1.326,0.1455,0.0,64.12,0.3147,124
5,273,cooling_degradation,23069.5,0.5874,4344.0,75.6,101.45,877.82,364.51,95.79,27.412,428.94,1.2952,0.1777,0.0,67.2,0.3147,123
5,274,cooling_degradation,22913.9,0.5906,4435.0,75.0,102.83,892.95,361.9,93.26,28.254,445.56,1.3717,0.1714,0.0,75.26,0.3193,122
5,275,cooling_degradation,22899.9,0.5908,4429.0,80.2,102.18,900.64,347.84,98.47,27.509,405.98,1.23,0.1295,0.0,74.56,0.3218,121
5,276,cooling_degradation,22996.1,0.5889,4309.0,72.5,105.81,898.57,362.3,96.79,27.106,442.4,1.5694,0.1534,0.0,73.2,0.3233,120
5,277,cooling_degradation,22353.6,0.6021,4399.0,71.3,104.52,881.94,360.66,97.37,26.899,446.58,1.4161,0.1179,0.0,69.45,0.3294,119
5,278,cooling_degradation,22723.0,0.5945,4321.0,72.6,102.28,894.46,364.66,97.47,27.139,442.32,1.4796,0.1798,0.0,75.97,0.3313,118
5,279,cooling_degradation,22278.4,0.6037,4391.0,69.3,102.02,889.61,364.21,94.16,27.838,475.64,1.3922,0.1559,0.0,70.17,0.3381,117
5,280,cooling_degradation,22321.0,0.6028,4398.0,72.1,102.48,905.65,360.95,97.41,28.031,459.84,1.311,0.179,0.0,73.99,0.34,116
5,281,cooling_degradation,22044.7,0.6086,4425.0,66.7,102.87,877.73,354.15,98.68,27.172,482.23,1.5572,0.1507,0.0,75.94,0.3431,115
5,282,cooling_degradation,22308.3,0.6031,4320.0,70.2,103.54,885.09,363.23,99.2,27.622,465.64,1.3617,0.1167,0.0,80.13,0.3461,114
5,283,cooling_degradation,21890.2,0.6118,4411.0,71.4,105.5,877.61,353.23,98.39,27.494,455.88,1.4829,0.2069,0.0,71.48,0.3473,113
5,284,cooling_degradation,21625.9,0.6174,4238.0,74.5,102.48,895.7,363.25,98.05,27.222,432.48,1.5019,0.158,0.0,70.31,0.3514,112
5,285,cooling_degradation,21546.2,0.6191,4428.0,74.9,107.5,914.01,356.69,93.66,28.629,452.35,1.4873,0.137,0.0,79.07,0.3566,111
5,286,cooling_degradation,21462.7,0.6209,4348.0,68.6,102.7,892.91,355.19,97.15,27.922,481.69,1.4254,0.1806,0.0,79.66,0.3589,110
5,287,cooling_degradation,21332.4,0.6237,4350.0,77.6,102.2,900.25,356.22,95.42,28.083,428.04,1.4979,0.2007,0.0,70.76,0.3665,109
5,288,cooling_degradation,21226.8,0.6259,4228.0,71.8,106.85,901.05,365.81,99.91,27.249,449.25,1.4357,0.1561,0.0,68.01,0.3671,108
5,289,cooling_degradation,21014.6,0.6305,4327.0,72.0,106.42,896.82,358.54,99.69,27.53,452.63,1.5898,0.1595,0.0,80.04,0.3717,107
5,290,cooling_degradation,20660.8,0.6382,4431.0,66.3,104.15,897.86,356.44,95.53,27.003,481.81,1.5708,0.1663,0.0,65.74,0.3717,106
5,291,cooling_degradation,20667.6,0.638,4324.0,69.2,105.23,901.56,366.69,97.53,27.527,470.48,1.5506,0.1421,0.0,66.32,0.3809,105
5,292,cooling_degradation,20659.6,0.6382,4393.0,74.2,105.28,894.12,353.51,98.12,27.907,445.29,1.5068,0.1505,0.0,73.44,0.3809,104
5,293,cooling_degradation,20316.7,0.6457,4352.0,71.4,104.91,899.16,348.25,99.46,27.49,455.33,1.7261,0.2004,0.0,74.95,0.3827,103
5,294,cooling_degradation,20365.5,0.6446,4414.0,71.2,103.06,908.35,348.84,94.54,27.07,450.07,1.4892,0.1658,0.0,70.22,0.3947,102
5,295,cooling_degradation,20115.4,0.6501,4361.0,71.5,101.31,910.23,351.0,93.5,28.525,472.43,1.4732,0.152,0.0,76.73,0.3958,101
5,296,cooling_degradation,19922.8,0.6544,4294.0,66.4,103.88,911.7,354.37,98.09,27.479,490.04,1.6048,0.1611,0.0,77.39,0.4006,100
5,297,cooling_degradation,19978.1,0.6532,4353.0,70.3,107.94,906.52,356.25,93.0,27.812,468.08,1.5982,0.1924,0.0,73.87,0.4031,99
5,298,cooling_degradation,19380.6,0.6665,4446.0,74.7,108.07,909.43,332.1,98.43,27.735,439.12,1.7141,0.1321,0.0,86.66,0.4055,98
5,299,cooling_degradation,19381.1,0.6665,4380.0,73.7,104.98,912.85,353.96,99.37,27.229,437.24,1.6889,0.1778,0.0,78.97,0.4091,97
5,300,cooling_degradation,19507.1,0.6637,4343.0,70.0,104.11,901.84,356.5,100.8,27.623,467.16,1.6622,0.2242,0.0,83.12,0.4164,96
5,301,cooling_degradation,19435.3,0.6653,4485.0,75.0,106.11,905.16,340.74,97.19,27.844,439.61,1.7162,0.2171,0.0,70.67,0.4217,95
5,302,cooling_degradation,19341.2,0.6674,4420.0,66.4,106.35,905.11,344.06,98.77,27.746,494.51,1.7168,0.1882,0.0,70.68,0.4223,94
5,303,cooling_degradation,18842.0,0.6787,4399.0,67.2,106.86,898.65,338.16,99.96,27.909,491.67,1.8801,0.2062,0.0,81.27,0.433,93
5,304,cooling_degradation,18738.2,0.6811,4369.0,75.6,102.19,916.32,341.14,96.31,28.357,443.94,1.7321,0.206,0.0,88.25,0.433,92
5,305,cooling_degradation,18626.0,0.6837,4394.0,71.6,110.71,919.48,344.05,100.49,28.21,465.96,1.6574,0.1774,0.0,73.92,0.433,91
5,306,cooling_degradation,18527.4,0.6859,4396.0,69.0,107.71,904.45,343.25,99.24,28.381,487.07,1.7333,0.1989,0.0,79.85,0.4348,90
5,307,cooling_degradation,18214.6,0.6931,4219.0,69.6,105.83,914.92,351.79,97.58,27.868,474.07,1.5224,0.2176,0.0,73.37,0.4393,89
5,308,cooling_degradation,18137.0,0.6949,4374.0,67.2,105.25,907.07,341.99,99.24,28.04,493.64,1.7559,0.159,0.0,76.7,0.4477,88
5,309,cooling_degradation,17896.3,0.7006,4340.0,70.4,107.94,906.67,344.37,98.78,28.005,470.9,1.8624,0.1974,0.0,81.72,0.4528,87
5,310,cooling_degradation,17733.8,0.7044,4320.0,70.1,107.39,932.7,343.4,100.76,27.053,457.04,1.847,0.1953,0.0,78.95,0.4601,86
5,311,cooling_degradation,17344.8,0.7135,4338.0,69.4,106.84,908.48,331.16,98.53,27.723,472.57,1.8309,0.1909,0.0,75.11,0.4626,85
5,312,cooling_degradation,17259.1,0.7156,4257.0,65.8,107.57,906.05,345.07,99.85,27.245,490.07,1.8829,0.1913,0.0,75.66,0.47,84
5,313,cooling_degradation,17054.9,0.7204,4242.0,70.0,106.78,920.61,351.55,98.2,27.944,472.61,1.927,0.1963,0.0,73.08,0.4723,83
5,314,cooling_degradation,16778.7,0.7271,4425.0,67.5,107.66,920.84,330.24,97.66,27.403,480.47,1.9683,0.1994,0.0,85.31,0.477,82
5,315,cooling_degradation,16532.0,0.733,4378.0,66.0,108.22,923.97,341.2,99.94,27.884,499.75,1.9002,0.2164,0.0,86.19,0.4801,81
5,316,cooling_degradation,16537.9,0.7329,4205.0,72.7,107.93,940.37,333.36,98.03,28.472,463.52,1.8756,0.2068,0.0,87.15,0.491,80
5,317,cooling_degradation,16382.4,0.7366,4315.0,75.3,107.86,919.45,333.18,101.42,28.718,451.3,1.7158,0.1937,0.0,79.64,0.491,79
5,318,cooling_degradation,16257.3,0.7397,4403.0,74.5,109.68,922.1,323.95,101.14,28.861,458.28,2.0013,0.1825,0.0,89.81,0.4975,78
5,319,cooling_degradation,16143.5,0.7425,4333.0,70.6,105.27,938.4,338.91,98.49,27.317,458.2,1.9764,0.1909,0.0,88.64,0.5011,77
5,320,cooling_degradation,15905.9,0.7483,4425.0,67.7,106.67,933.37,334.47,100.61,27.365,478.29,1.9747,0.208,0.0,85.86,0.5091,76
5,321,cooling_degradation,15655.7,0.7545,4413.0,68.2,107.97,933.11,324.12,98.7,29.054,504.19,1.9168,0.1894,0.0,85.28,0.5119,75
5,322,cooling_degradation,15372.5,0.7615,4269.0,69.5,106.97,923.81,338.01,97.13,28.385,483.16,2.0672,0.2241,0.0,83.3,0.5171,74
5,323,cooling_degradation,15455.9,0.7594,4341.0,66.9,107.58,937.22,336.45,99.24,27.932,493.75,1.9848,0.2151,0.0,87.9,0.5216,73
5,324,cooling_degradation,15122.7,0.7677,4323.0,72.1,110.37,939.46,325.41,100.54,28.198,463.06,2.0384,0.2324,0.0,95.95,0.5318,72
5,325,cooling_degradation,14885.5,0.7737,4267.0,61.9,108.23,929.73,329.0,101.7,27.557,526.83,2.0408,0.1971,0.0,93.66,0.533,71
5,326,cooling_degradation,14734.3,0.7775,4263.0,67.0,106.0,928.59,330.78,101.19,27.153,479.46,2.1211,0.1967,0.0,87.71,0.5443,70
5,327,cooling_degradation,14463.2,0.7844,4302.0,70.2,108.12,935.8,319.31,102.71,27.81,468.76,1.9946,0.2361,0.0,91.72,0.5447,69
5,328,cooling_degradation,14303.4,0.7885,4312.0,65.2,108.95,946.66,323.68,99.03,27.789,504.62,2.1484,0.2174,0.0,83.95,0.5495,68
5,329,cooling_degradation,14107.6,0.7935,4367.0,66.9,109.06,926.69,332.19,100.34,27.668,489.56,2.0639,0.2123,0.0,93.56,0.5546,67
5,330,cooling_degradation,13956.9,0.7974,4413.0,69.3,110.03,931.95,312.65,104.54,27.891,476.42,2.0945,0.2327,0.0,86.45,0.5623,66
5,331,cooling_degradation,13905.6,0.7987,4381.0,72.0,109.97,935.16,321.96,97.43,29.317,482.19,2.2282,0.2326,0.0,94.26,0.5646,65
5,332,cooling_degradation,13674.6,0.8047,4395.0,63.4,109.23,934.37,317.84,100.55,27.708,517.11,2.1066,0.1966,0.0,106.37,0.5725,64
5,333,cooling_degradation,13651.0,0.8053,4334.0,63.1,107.78,938.56,315.79,99.42,27.919,523.75,2.2765,0.2511,0.0,89.16,0.5779,63
5,334,cooling_degradation,13405.3,0.8117,4386.0,64.2,109.08,948.43,314.27,101.3,27.998,515.74,2.2389,0.2172,0.0,107.24,0.5847,62
5,335,cooling_degradation,13320.8,0.8139,4341.0,62.4,108.96,944.83,324.63,100.95,28.045,532.17,2.121,0.2612,0.0,95.62,0.5907,61
5,336,cooling_degradation,12914.2,0.8246,4324.0,62.5,109.62,943.03,317.21,103.14,27.647,523.7,2.3848,0.2024,0.0,89.97,0.5969,60
5,337,cooling_degradation,12714.0,0.83,4464.0,63.8,111.21,946.58,310.21,102.55,28.437,527.07,2.3195,0.2369,0.0,90.2,0.602,59
5,338,cooling_degradation,12360.8,0.8394,4210.0,70.4,111.06,954.93,326.34,99.64,28.543,480.07,2.3656,0.23,0.0,106.95,0.6125,58
5,339,cooling_degradation,12358.3,0.8395,4238.0,65.6,111.75,934.71,313.14,101.13,27.576,497.33,2.4249,0.1951,0.0,97.84,0.6153,57
5,340,cooling_degradation,11935.8,0.8509,4373.0,66.5,110.26,960.01,299.52,102.56,28.148,500.6,2.5126,0.2516,0.0,93.69,0.628,56
5,341,cooling_degradation,11612.7,0.8597,4334.0,63.5,113.09,943.29,318.36,104.04,27.938,520.89,2.4088,0.1999,0.0,95.51,0.628,55
5,342,cooling_degradation,11860.6,0.8529,4264.0,68.1,112.04,950.38,310.69,107.58,28.226,490.27,2.4715,0.2349,0.0,99.37,0.6358,54
5,343,cooling_degradation,11241.8,0.8699,4287.0,71.8,111.24,958.77,313.84,104.15,28.739,474.01,2.4571,0.2632,0.0,97.3,0.6371,53
5,344,cooling_degradation,11291.9,0.8685,4295.0,63.4,112.28,954.07,301.2,100.97,28.33,529.22,2.4495,0.2344,0.0,100.23,0.65,52
5,345,cooling_degradation,10890.2,0.8796,4404.0,71.1,110.38,962.49,302.61,102.82,28.747,478.63,2.3512,0.227,0.0,107.39,0.6502,51
5,346,cooling_degradation,10986.7,0.8769,4423.0,66.9,108.48,959.85,290.92,103.57,28.46,503.53,2.5343,0.2641,0.0,93.79,0.6603,50
5,347,cooling_degradation,10801.9,0.8821,4448.0,65.7,110.84,956.82,295.79,102.26,28.305,509.58,2.6451,0.2445,0.0,103.06,0.6649,49
5,348,cooling_degradation,10485.9,0.8909,4255.0,66.8,113.1,973.85,299.6,104.42,27.504,487.45,2.6165,0.244,0.0,100.28,0.6738,48
5,349,cooling_degradation,10387.0,0.8937,4268.0,66.6,112.22,968.26,296.7,99.03,28.684,509.42,2.5032,0.2791,0.0,98.57,0.6785,47
5,350,cooling_degradation,9993.9,0.9048,4264.0,70.9,112.03,968.31,299.41,104.78,28.844,481.28,2.6971,0.2318,0.0,106.9,0.6838,46
5,351,cooling_degradation,10120.1,0.9012,4427.0,66.8,111.17,971.25,277.76,102.89,28.037,496.69,2.6185,0.2485,0.0,95.0,0.6923,45
5,352,cooling_degradation,9688.5,0.9135,4375.0,66.8,109.82,962.78,284.93,103.88,28.584,506.75,2.5259,0.2788,0.0,91.6,0.7048,44
5,353,cooling_degradation,9232.4,0.9267,4355.0,63.8,114.98,985.18,296.9,107.1,28.565,530.23,2.7904,0.238,0.0,104.9,0.7087,43
5,354,cooling_degradation,9168.3,0.9285,4364.0,67.4,112.59,961.34,293.5,101.69,29.001,509.03,2.6411,0.2987,0.0,103.26,0.7106,42
5,355,cooling_degradation,8924.8,0.9356,4347.0,61.9,112.6,971.36,283.23,105.04,28.457,543.85,2.9178,0.2632,0.0,98.48,0.725,41
5,356,cooling_degradation,8699.4,0.9422,4283.0,65.0,112.28,970.01,295.91,106.11,28.571,520.13,2.8727,0.2854,0.0,96.82,0.7263,40
5,357,cooling_degradation,8277.1,0.9546,4381.0,73.2,115.49,976.52,280.24,105.11,29.357,474.51,2.8132,0.289,0.0,116.13,0.7386,39
5,358,cooling_degradation,8371.8,0.9518,4339.0,56.9,115.07,968.86,290.69,101.68,27.903,579.92,2.8967,0.2706,0.0,109.41,0.7456,38
5,359,cooling_degradation,7893.5,0.966,4278.0,65.0,112.51,972.07,287.31,107.77,28.704,522.28,3.0861,0.2664,0.0,107.89,0.7533,37
5,360,cooling_degradation,7509.7,0.9776,4384.0,65.0,115.99,990.25,278.69,104.87,28.33,515.47,3.0196,0.2785,0.0,119.79,0.7646,36
5,361,cooling_degradation,7623.5,0.9741,4324.0,63.4,114.03,970.29,283.1,104.24,28.926,539.7,2.9586,0.2936,0.0,113.93,0.7646,35
5,362,cooling_degradation,7347.9,0.9825,4364.0,63.4,113.62,990.37,294.92,104.91,27.877,520.48,3.2203,0.2632,0.0,118.72,0.7764,34
5,363,cooling_degradation,7117.7,0.9894,4343.0,64.2,114.34,990.23,274.31,104.96,28.928,533.6,3.0402,0.2618,0.0,104.86,0.7862,33
5,364,cooling_degradation,6566.7,1.0063,4403.0,63.0,113.66,981.92,276.77,103.39,28.547,536.16,3.0868,0.3162,0.0,104.87,0.7884,32
5,365,cooling_degradation,6689.3,1.0026,4363.0,64.3,113.05,991.57,280.72,106.25,29.032,534.18,2.9984,0.2741,0.0,114.74,0.7962,31
5,366,cooling_degradation,6575.2,1.0061,4297.0,62.1,116.43,987.01,271.86,104.92,28.232,538.24,2.98,0.2988,0.0,114.58,0.8056,30
5,367,cooling_degradation,6290.1,1.0149,4369.0,69.5,115.2,985.38,262.65,107.65,29.06,494.92,3.1343,0.2907,0.0,119.66,0.8157,29
5,368,cooling_degradation,6226.8,1.0169,4371.0,62.5,116.52,982.67,267.96,107.41,28.643,541.93,3.1737,0.2925,0.0,105.53,0.8187,28
5,369,cooling_degradation,6160.7,1.0189,4381.0,64.9,116.38,1000.94,273.09,109.91,28.983,528.51,3.2591,0.3285,0.0,118.48,0.833,27
5,370,cooling_degradation,5812.0,1.0298,4412.0,61.1,116.83,999.18,264.45,106.29,28.169,545.92,3.1304,0.299,0.0,120.14,0.8355,26
5,371,cooling_degradation,5670.9,1.0342,4313.0,65.8,113.37,1002.29,267.07,105.44,29.182,525.21,3.3701,0.2985,0.0,121.37,0.8522,25
5,372,cooling_degradation,5465.4,1.0407,4390.0,65.0,115.29,998.24,268.94,104.23,28.168,512.54,3.2787,0.3021,0.0,115.23,0.8584,24
5,373,cooling_degradation,4927.9,1.0579,4247.0,64.0,117.77,1002.16,263.5,111.81,28.621,529.41,3.4514,0.3013,0.0,121.01,0.8713,23
5,374,cooling_degradation,4928.0,1.0578,4343.0,59.5,115.12,999.96,262.08,108.85,28.014,556.97,3.5002,0.2995,0.0,115.0,0.8764,22
5,375,cooling_degradation,4792.5,1.0622,4334.0,60.2,117.74,990.25,252.92,106.26,29.033,570.46,3.4205,0.3047,0.0,117.95,0.8823,21
5,376,cooling_degradation,4358.6,1.0762,4437.0,67.4,115.29,1009.97,257.41,111.18,29.32,514.6,3.4089,0.3502,0.0,114.87,0.8898,20
5,377,cooling_degradation,4086.0,1.0851,4341.0,60.0,117.69,1012.6,259.49,110.75,28.937,571.11,3.6648,0.3348,0.0,117.39,0.902,19
5,378,cooling_degradation,4064.4,1.0858,4386.0,64.1,120.3,1012.84,259.09,105.5,29.619,547.2,3.6492,0.3162,0.0,120.73,0.9103,18
5,379,cooling_degradation,3542.6,1.103,4244.0,59.2,119.36,1026.85,252.23,106.96,28.656,573.01,3.6508,0.3466,0.0,120.64,0.9232,17
5,380,cooling_degradation,3381.4,1.1083,4329.0,64.9,115.51,1008.19,253.18,108.26,29.381,535.56,3.7699,0.2961,0.0,119.57,0.9262,16
5,381,cooling_degradation,3224.1,1.1135,4299.0,59.7,120.0,1012.36,244.86,106.75,28.915,572.98,3.744,0.3609,0.0,118.51,0.9445,15
5,382,cooling_degradation,3171.0,1.1153,4499.0,58.8,121.65,1019.84,239.77,108.84,28.823,580.37,3.7218,0.3614,0.0,135.47,0.9518,14
5,383,cooling_degradation,2915.4,1.1239,4310.0,59.4,123.24,1022.19,258.63,110.56,29.437,586.4,3.7156,0.3818,0.0,123.63,0.957,13
5,384,cooling_degradation,2816.4,1.1272,4354.0,59.8,120.15,1008.67,242.77,106.71,29.823,590.55,3.8613,0.362,0.0,129.19,0.9727,12
5,385,cooling_degradation,2302.1,1.1446,4358.0,62.5,117.45,1030.53,235.96,110.08,28.99,548.74,3.9415,0.3512,0.0,118.94,0.9748,11
5,386,cooling_degradation,2072.7,1.1524,4255.0,61.4,120.47,1029.97,242.91,112.09,29.474,568.12,4.0522,0.3721,0.0,135.68,0.9877,10
5,387,cooling_degradation,2076.1,1.1523,4318.0,57.8,122.34,1010.45,233.13,110.67,29.071,595.38,3.9695,0.3355,0.0,130.23,0.9932,9
5,388,cooling_degradation,1656.1,1.1667,4374.0,60.9,120.16,1032.3,228.72,110.1,29.329,570.24,4.1584,0.3459,0.0,128.93,1.0127,8
5,389,cooling_degradation,1463.6,1.1734,4355.0,57.4,122.0,1025.03,241.48,108.92,29.088,599.68,4.0442,0.3525,0.0,128.97,1.0127,7
5,390,cooling_degradation,1053.8,1.1877,4212.0,62.6,119.45,1032.85,234.01,112.13,29.207,551.77,4.0506,0.3844,0.0,136.46,1.0234,6
5,391,cooling_degradation,1154.0,1.1842,4316.0,63.1,121.59,1028.81,237.04,108.37,27.978,524.92,4.0712,0.3438,0.0,118.5,1.0363,5
5,392,cooling_degradation,1119.6,1.1854,4411.0,60.4,117.7,1045.12,227.61,111.54,29.923,586.24,4.2157,0.3466,0.0,130.62,1.0527,4
5,393,cooling_degradation,511.9,1.2068,4385.0,61.2,120.25,1058.37,223.84,111.3,29.11,563.17,4.2018,0.3734,0.0,135.01,1.0622,3
5,394,cooling_degradation,597.5,1.2037,4423.0,65.5,121.88,1050.38,225.02,113.66,29.58,534.48,4.505,0.3855,0.0,135.69,1.0705,2
5,395,cooling_degradation,213.2,1.2174,4291.0,59.6,121.68,1031.04,222.2,110.52,29.285,581.04,4.4469,0.3612,0.0,150.09,1.084,1
6,0,bearing_wear,0.0,1.225,4501.0,59.0,95.19,823.01,401.63,92.7,25.913,519.38,0.6899,0.0215,0.0055,40.11,0.0241,273
6,1,bearing_wear,470.7,1.2082,4411.0,61.0,97.14,815.75,408.25,89.52,25.425,493.19,0.7972,0.0393,0.0055,44.46,0.0241,272
6,2,bearing_wear,916.1,1.1925,4360.0,59.6,94.89,793.86,420.0,90.77,25.436,504.72,0.8131,0.0526,0.0061,44.65,0.0255,271
6,3,bearing_wear,1067.0,1.1872,4432.0,57.9,97.97,812.55,405.13,86.39,25.112,513.05,0.9577,0.0416,0.0061,54.15,0.0255,270
6,4,bearing_wear,1187.3,1.183,4424.0,60.0,95.75,804.45,406.09,90.08,26.351,520.01,0.9209,0.0586,0.0061,40.62,0.0255,269
6,5,bearing_wear,1417.5,1.175,4267.0,59.9,97.42,810.68,420.66,88.31,25.492,503.8,0.7303,0.062,0.0061,41.59,0.0255,268
6,6,bearing_wear,2043.6,1.1534,4337.0,63.4,94.63,828.91,421.31,88.55,25.904,483.74,0.8292,0.0986,0.0061,39.06,0.0255,267
6,7,bearing_wear,2499.8,1.1379,4349.0,63.4,94.65,797.83,413.04,95.35,25.925,484.11,0.8306,0.0736,0.0061,37.13,0.0255,266
6,8,bearing_wear,2656.0,1.1326,4387.0,59.7,95.89,808.94,422.38,91.01,26.115,517.51,0.7946,0.0178,0.0061,40.01,0.0255,265
6,9,bearing_wear,3079.8,1.1183,4337.0,61.4,96.48,822.95,408.41,92.96,25.392,489.41,0.7997,0.0434,0.0061,45.62,0.0255,264
6,10,bearing_wear,3603.8,1.1009,4344.0,62.6,95.49,811.27,406.98,92.22,26.31,497.77,0.7847,0.0452,0.0061,45.98,0.0255,263
6,11,bearing_wear,3660.5,1.0991,4322.0,63.2,96.33,812.07,406.66,92.58,25.385,475.59,0.9669,0.0623,0.0084,44.22,0.0305,262
6,12,bearing_wear,3689.2,1.0981,4413.0,67.0,96.78,836.48,401.45,90.21,26.594,469.58,0.7837,0.0322,0.0084,41.27,0.0305,261
6,13,bearing_wear,4180.8,1.082,4263.0,62.2,93.76,820.81,420.86,93.82,25.15,478.88,0.8443,0.0402,0.0084,40.28,0.0305,260
6,14,bearing_wear,4697.0,1.0653,4324.0,65.9,95.38,827.14,409.93,92.3,26.02,467.17,0.6147,0.0259,0.0084,38.16,0.0305,259
6,15,bearing_wear,4771.9,1.0629,4239.0,59.1,95.1,820.21,411.58,90.69,26.303,526.73,0.8829,0.0388,0.0084,39.96,0.0305,258
6,16,bearing_wear,5352.2,1.0443,4288.0,60.8,95.18,818.42,419.88,91.14,26.036,506.49,0.9118,0.0395,0.0084,36.27,0.0305,257
6,17,bearing_wear,5432.7,1.0418,4369.0,56.5,96.49,825.08,418.5,90.34,25.666,537.51,0.7329,0.0446,0.0084,49.53,0.0305,256
6,18,bearing_wear,5808.6,1.0299,4370.0,63.5,95.13,833.72,419.81,90.71,25.5,474.94,0.7761,0.0271,0.0084,51.93,0.0305,255
6,19,bearing_wear,6020.8,1.0233,4331.0,65.2,92.89,805.84,420.7,90.52,25.725,466.95,0.8532,0.0705,0.0084,33.07,0.0305,254
6,20,bearing_wear,6411.5,1.0111,4417.0,55.8,95.52,814.3,405.63,91.37,25.99,551.64,0.8186,0.0603,0.0084,44.19,0.0305,253
6,21,bearing_wear,6732.7,1.0012,4431.0,64.2,94.29,818.44,412.11,94.09,26.145,482.28,0.8544,0.0219,0.0084,44.11,0.0305,252
6,22,bearing_wear,6772.0,1.0,4346.0,65.6,96.64,816.06,417.7,88.2,26.397,476.43,0.7941,0.0514,0.0084,43.79,0.0305,251
6,23,bearing_wear,7258.5,0.9852,4365.0,65.6,97.1,827.34,410.91,92.89,26.07,470.56,0.9661,0.0195,0.0084,39.78,0.0305,250
6,24,bearing_wear,7450.2,0.9794,4323.0,60.5,92.62,819.02,416.86,89.87,25.624,501.21,0.7635,0.0777,0.0084,47.86,0.0305,249
6,25,bearing_wear,7883.6,0.9663,4388.0,66.6,94.73,835.4,405.12,93.15,26.408,469.42,1.0324,0.0831,0.0084,44.8,0.0305,248
6,26,bearing_wear,8133.9,0.9589,4278.0,64.4,96.5,828.45,413.75,90.01,26.089,479.05,0.9192,0.0499,0.0101,48.21,0.0337,247
6,27,bearing_wear,8712.3,0.9418,4458.0,66.4,93.86,831.52,410.77,91.5,26.032,464.24,0.8864,0.034,0.0101,39.35,0.0337,246
6,28,bearing_wear,9020.2,0.9328,4418.0,64.4,97.15,810.01,419.56,90.36,25.415,467.23,0.7366,0.0378,0.0101,36.12,0.0337,245
6,29,bearing_wear,9255.8,0.926,4278.0,66.1,97.55,814.0,424.44,87.21,26.463,474.1,0.8926,0.042,0.0101,45.21,0.0337,244
6,30,bearing_wear,9285.4,0.9251,4303.0,68.4,95.74,815.83,420.26,94.15,26.398,456.71,0.8681,0.0489,0.0101,38.22,0.0337,243
6,31,bearing_wear,9763.4,0.9114,4375.0,64.6,94.81,830.32,413.14,88.79,25.753,471.59,0.6502,0.0784,0.0101,48.31,0.0337,242
6,32,bearing_wear,9877.3,0.9081,4330.0,66.3,92.53,813.0,414.33,90.86,26.568,474.57,0.7082,0.0702,0.0106,32.48,0.0346,241
6,33,bearing_wear,10357.3,0.8945,4383.0,69.3,97.23,814.77,403.45,88.59,26.377,450.38,0.8492,0.0705,0.0106,40.77,0.0346,240
6,34,bearing_wear,10775.0,0.8828,4328.0,65.3,99.0,811.31,409.83,88.02,26.146,473.69,0.8099,0.0545,0.0106,40.04,0.0346,239
6,35,bearing_wear,11123.9,0.8731,4441.0,62.5,98.8,841.9,403.55,90.37,26.241,496.84,0.7835,0.0284,0.0132,41.87,0.0392,238
6,36,bearing_wear,11341.7,0.8671,4350.0,68.1,95.82,821.52,416.37,89.6,26.489,460.55,0.9112,0.036,0.0132,44.83,0.0392,237
6,37,bearing_wear,11753.7,0.8558,4495.0,70.5,94.48,828.11,411.35,88.45,26.485,444.58,0.7541,0.0527,0.0132,45.51,0.0392,236
6,38,bearing_wear,11896.6,0.8519,4386.0,70.2,97.38,814.61,415.55,90.71,26.275,442.82,0.7884,0.0274,0.0132,46.73,0.0392,235
6,39,bearing_wear,12113.7,0.8461,4269.0,68.7,95.93,830.63,424.09,87.82,27.05,466.28,0.7731,0.0575,0.0132,47.3,0.0392,234
6,40,bearing_wear,12569.3,0.8338,4475.0,59.6,96.82,804.25,407.12,91.04,25.422,504.52,0.8657,0.0675,0.0132,42.67,0.0392,233
6,41,bearing_wear,12862.1,0.826,4416.0,64.9,96.56,813.25,403.75,90.53,26.33,480.05,0.6873,0.0624,0.0132,54.07,0.0392,232
6,42,bearing_wear,12933.6,0.8241,4373.0,65.2,96.25,815.38,411.5,85.82,26.017,472.1,0.785,0.0616,0.0132,50.46,0.0392,231
6,43,bearing_wear,13353.5,0.8131,4389.0,67.3,97.72,824.53,406.22,89.79,26.363,463.87,0.6893,0.0143,0.0147,42.18,0.0416,230
6,44,bearing_wear,13535.2,0.8083,4279.0,72.3,97.78,818.98,420.03,91.77,26.979,441.37,0.8021,0.0783,0.0147,43.06,0.0416,229
6,45,bearing_wear,13559.0,0.8077,4242.0,64.2,95.38,833.44,415.77,88.71,25.872,477.03,0.885,0.0203,0.0147,42.08,0.0416,228
6,46,bearing_wear,14205.3,0.791,4347.0,74.3,94.8,830.33,412.05,91.86,26.844,427.56,0.8864,0.0486,0.0147,45.56,0.0416,227
6,47,bearing_wear,14222.3,0.7906,4433.0,66.6,92.42,816.92,412.54,91.7,26.246,466.55,0.7689,0.064,0.0147,38.88,0.0416,226
6,48,bearing_wear,14741.0,0.7773,4374.0,65.6,95.65,829.92,406.88,88.8,25.823,466.07,0.8698,0.0588,0.0147,39.8,0.0416,225
6,49,bearing_wear,14734.7,0.7775,4453.0,70.6,94.54,821.28,413.17,90.81,26.882,450.91,0.8123,0.0261,0.0147,32.91,0.0416,224
6,50,bearing_wear,15128.4,0.7676,4429.0,70.9,96.81,819.9,400.46,92.48,26.686,445.21,0.936,0.0297,0.0147,41.75,0.0416,223
6,51,bearing_wear,15440.7,0.7598,4351.0,70.3,95.81,832.61,413.34,89.18,26.206,441.42,0.8221,0.0579,0.0182,49.54,0.0469,222
6,52,bearing_wear,15953.2,0.7471,4421.0,66.1,95.96,803.76,407.46,90.53,26.574,475.47,0.5946,0.0624,0.0182,43.46,0.0469,221
6,53,bearing_wear,15958.1,0.747,4441.0,70.1,97.53,831.24,411.96,93.24,26.037,439.58,0.9041,0.03,0.0182,43.74,0.0469,220
6,54,bearing_wear,16139.9,0.7425,4345.0,65.6,96.9,817.43,403.55,89.22,26.09,470.44,0.7958,0.06,0.0182,45.61,0.0469,219
6,55,bearing_wear,16616.7,0.731,4337.0,66.5,96.13,817.84,403.02,91.86,25.981,462.5,0.8106,0.0218,0.0182,39.21,0.0469,218
6,56,bearing_wear,16788.2,0.7268,4358.0,68.7,98.84,840.34,415.64,88.78,26.588,457.83,0.8594,0.0646,0.0182,44.35,0.0469,217
6,57,bearing_wear,17195.8,0.7171,4205.0,66.7,97.42,819.5,416.37,90.62,25.975,460.94,0.7189,0.0345,0.0185,48.71,0.0473,216
6,58,bearing_wear,17179.7,0.7175,4367.0,72.4,95.7,834.28,410.1,91.84,26.816,438.06,0.8389,0.0538,0.0185,45.79,0.0473,215
6,59,bearing_wear,17615.0,0.7072,4393.0,67.7,95.76,826.48,405.36,86.14,26.464,462.71,0.8757,0.0504,0.0185,49.15,0.0473,214
6,60,bearing_wear,18203.4,0.6934,4359.0,68.9,97.52,828.08,416.39,89.89,26.152,449.23,0.8628,0.0755,0.0191,50.65,0.0481,213
6,61,bearing_wear,18044.3,0.6971,4371.0,67.0,96.69,822.5,411.78,91.86,26.929,475.33,0.7878,0.0573,0.0204,47.8,0.0499,212
6,62,bearing_wear,18353.0,0.6899,4347.0,72.9,94.71,825.02,412.59,91.45,26.252,426.0,0.915,0.0405,0.0204,40.92,0.0499,211
6,63,bearing_wear,18318.3,0.6907,4230.0,67.9,97.8,837.84,409.45,90.01,25.699,447.58,0.7592,0.06,0.0227,43.04,0.0529,210
6,64,bearing_wear,18679.4,0.6824,4450.0,73.5,98.36,835.84,408.5,88.85,26.938,433.72,0.7889,0.0956,0.0227,54.42,0.0529,209
6,65,bearing_wear,19113.8,0.6725,4328.0,73.4,98.25,824.45,405.54,92.32,25.732,414.82,0.8286,0.0677,0.023,46.37,0.0534,208
6,66,bearing_wear,19230.3,0.6699,4313.0,69.0,98.9,818.83,407.51,90.51,26.938,462.09,0.868,0.0522,0.0265,46.1,0.0577,207
6,67,bearing_wear,19604.3,0.6615,4431.0,70.5,99.69,823.3,397.34,92.25,26.475,444.16,0.8184,0.0367,0.0265,40.9,0.0577,206
6,68,bearing_wear,19805.7,0.657,4409.0,69.2,99.22,835.5,405.43,91.95,25.786,441.28,0.9446,0.0413,0.0279,44.89,0.0594,205
6,69,bearing_wear,19771.4,0.6578,4366.0,72.3,97.14,838.66,414.88,90.29,26.169,428.13,0.8699,0.0672,0.0279,48.93,0.0594,204
6,70,bearing_wear,20346.0,0.6451,4396.0,70.2,96.31,832.62,408.36,93.33,25.768,434.19,0.8524,0.0359,0.0279,45.42,0.0594,203
6,71,bearing_wear,20229.1,0.6476,4281.0,69.7,93.88,814.97,410.12,90.0,26.542,450.76,0.8671,0.0537,0.0279,42.75,0.0594,202
6,72,bearing_wear,20520.0,0.6412,4345.0,71.2,96.64,834.69,410.21,93.57,25.949,431.34,0.9049,0.0824,0.0279,43.91,0.0594,201
6,73,bearing_wear,20885.5,0.6333,4428.0,66.4,97.48,837.43,405.46,93.9,26.406,470.45,0.8695,0.0571,0.0307,51.6,0.0627,200
6,74,bearing_wear,21299.8,0.6244,4309.0,71.1,96.77,830.7,411.15,93.35,26.361,439.03,0.7054,0.0325,0.0307,48.98,0.0627,199
6,75,bearing_wear,21125.1,0.6281,4290.0,73.3,93.88,846.3,412.78,90.89,26.43,426.44,0.9374,0.0976,0.0307,48.31,0.0627,198
6,76,bearing_wear,21505.9,0.62,4355.0,71.9,96.28,819.18,402.25,96.35,26.738,439.96,0.8598,0.0893,0.0307,47.84,0.0627,197
6,77,bearing_wear,21712.3,0.6156,4356.0,74.5,97.68,836.5,409.05,91.56,26.937,428.05,0.905,0.0641,0.0307,39.72,0.0627,196
6,78,bearing_wear,21989.9,0.6097,4389.0,70.6,95.17,820.92,396.25,91.74,26.913,451.16,0.8177,0.0796,0.0307,47.0,0.0627,195
6,79,bearing_wear,22268.3,0.6039,4267.0,70.5,97.01,837.93,415.94,91.25,26.2,440.08,0.7065,0.049,0.0326,51.16,0.0647,194
6,80,bearing_wear,22226.6,0.6048,4197.0,68.6,97.48,834.12,408.82,89.1,26.341,454.49,0.6742,0.0693,0.0355,44.8,0.0678,193
6,81,bearing_wear,22632.6,0.5963,4405.0,70.8,98.57,845.25,411.68,93.99,26.241,438.46,0.7839,0.0467,0.0377,51.2,0.0701,192
6,82,bearing_wear,22870.9,0.5914,4285.0,78.0,99.48,838.45,395.95,90.26,26.993,409.32,0.9008,0.0281,0.0377,49.04,0.0701,191
6,83,bearing_wear,23126.6,0.5862,4313.0,73.1,96.33,828.73,419.25,93.24,26.319,426.24,0.9633,0.107,0.0377,50.45,0.0701,190
6,84,bearing_wear,23118.8,0.5864,4219.0,70.6,97.24,827.44,403.56,93.78,26.321,441.29,0.8874,0.0276,0.0406,46.83,0.0731,189
6,85,bearing_wear,23248.7,0.5837,4411.0,69.4,97.29,828.79,396.58,92.67,26.254,447.53,0.779,0.0616,0.0406,51.01,0.0731,188
6,86,bearing_wear,23332.3,0.582,4371.0,67.7,98.01,826.48,407.08,90.13,26.447,462.03,0.8042,0.0619,0.0434,39.51,0.0759,187
6,87,bearing_wear,23360.0,0.5815,4369.0,70.1,97.84,842.54,409.12,90.84,26.475,446.7,0.9758,0.0665,0.0434,47.0,0.0759,186
6,88,bearing_wear,23709.3,0.5744,4368.0,75.0,99.21,844.66,403.52,86.19,26.972,425.59,0.7636,0.0546,0.0446,50.5,0.0771,185
6,89,bearing_wear,23937.0,0.5699,4226.0,71.5,93.57,820.75,417.66,91.31,26.519,438.72,1.0366,0.0548,0.0446,48.42,0.0771,184
6,90,bearing_wear,24069.6,0.5672,4291.0,70.0,97.69,832.28,404.3,93.15,26.24,443.43,1.0186,0.0592,0.0446,52.42,0.0771,183
6,91,bearing_wear,24338.4,0.5619,4323.0,70.4,97.8,832.68,405.08,91.07,26.573,446.41,1.0393,0.066,0.0446,46.15,0.0771,182
6,92,bearing_wear,24190.1,0.5648,4305.0,75.0,96.75,828.4,406.41,90.38,26.407,416.55,0.9001,0.0565,0.0455,44.27,0.0779,181
6,93,bearing_wear,24537.2,0.558,4334.0,72.9,93.7,837.1,403.56,90.96,26.875,436.19,0.8423,0.0552,0.0455,38.82,0.0779,180
6,94,bearing_wear,25016.7,0.5486,4365.0,71.4,97.01,844.6,393.56,94.0,26.442,438.51,0.8987,0.0302,0.046,45.69,0.0783,179
6,95,bearing_wear,25016.6,0.5486,4410.0,72.4,96.14,841.44,402.02,91.54,26.714,436.67,0.9482,0.0977,0.0502,49.99,0.0823,178
6,96,bearing_wear,25106.1,0.5469,4261.0,80.0,99.73,848.89,408.94,95.36,27.177,401.94,0.8235,0.0681,0.0502,51.21,0.0823,177
6,97,bearing_wear,25215.4,0.5448,4349.0,77.1,97.77,830.92,411.68,90.5,27.557,422.78,0.7874,0.0616,0.0502,40.41,0.0823,176
6,98,bearing_wear,25241.8,0.5443,4393.0,78.0,96.13,838.35,394.54,92.17,27.134,411.9,0.859,0.0458,0.0552,53.68,0.0867,175
6,99,bearing_wear,25170.0,0.5456,4295.0,68.4,94.23,827.17,403.3,90.87,26.435,457.59,0.8201,0.0383,0.0553,42.94,0.0869,174
6,100,bearing_wear,25634.7,0.5367,4338.0,73.2,98.2,837.64,412.17,95.89,26.422,426.91,0.9812,0.0755,0.0553,47.21,0.0869,173
6,101,bearing_wear,25328.6,0.5426,4378.0,71.8,98.44,838.35,404.16,92.16,26.946,443.94,0.8371,0.0558,0.059,45.25,0.09,172
6,102,bearing_wear,25773.3,0.5341,4351.0,75.5,97.08,845.21,407.07,96.06,26.735,419.25,0.894,0.0714,0.059,50.18,0.09,171
6,103,bearing_wear,25944.5,0.5308,4390.0,77.1,98.42,849.83,403.7,91.05,26.345,404.49,0.9715,0.033,0.0644,48.97,0.0945,170
6,104,bearing_wear,25997.4,0.5298,4356.0,74.9,96.99,843.76,405.46,94.94,26.749,422.4,0.9953,0.091,0.0644,51.89,0.0945,169
6,105,bearing_wear,26506.2,0.5203,4331.0,71.4,99.17,830.19,414.38,92.18,26.701,442.51,0.9135,0.0787,0.0677,57.96,0.0971,168
6,106,bearing_wear,26566.6,0.5192,4280.0,72.1,99.06,826.6,406.59,93.62,26.339,432.3,0.9276,0.059,0.0677,50.73,0.0971,167
6,107,bearing_wear,26556.9,0.5194,4365.0,76.0,95.13,843.57,395.68,89.51,26.854,418.12,0.8158,0.07,0.0679,45.87,0.0973,166
6,108,bearing_wear,26368.8,0.5229,4356.0,76.4,95.49,851.59,406.02,92.64,26.894,416.79,0.979,0.0755,0.0679,51.06,0.0973,165
6,109,bearing_wear,26897.8,0.5131,4290.0,74.7,100.63,838.55,402.07,89.81,26.799,424.68,0.9982,0.034,0.0679,58.48,0.0973,164
6,110,bearing_wear,26801.0,0.5148,4385.0,74.7,99.14,827.94,398.93,92.59,27.339,433.13,0.7572,0.0959,0.0761,52.62,0.1037,163
6,111,bearing_wear,26661.8,0.5174,4426.0,74.5,95.86,856.9,399.63,89.05,26.311,417.9,1.0489,0.0721,0.077,54.12,0.1044,162
6,112,bearing_wear,26899.4,0.513,4310.0,75.2,95.4,844.49,398.26,91.9,27.692,435.7,0.8519,0.0484,0.077,41.43,0.1044,161
6,113,bearing_wear,27126.2,0.5089,4306.0,76.6,98.14,843.18,399.88,94.33,26.957,416.46,0.9594,0.0412,0.0804,51.55,0.1069,160
6,114,bearing_wear,26976.8,0.5116,4304.0,76.4,96.14,832.62,405.7,93.26,27.194,421.28,0.9199,0.0832,0.082,48.39,0.1081,159
6,115,bearing_wear,27168.4,0.5081,4249.0,74.6,97.38,841.21,402.29,89.69,26.906,426.75,0.9088,0.0677,0.082,46.32,0.1081,158
6,116,bearing_wear,27271.9,0.5062,4470.0,74.4,97.78,846.49,400.38,88.36,26.154,415.81,0.8972,0.0731,0.082,49.61,0.1081,157
6,117,bearing_wear,27132.9,0.5087,4323.0,74.4,97.71,844.98,395.98,93.16,26.417,420.42,0.8343,0.064,0.082,50.27,0.1081,156
6,118,bearing_wear,27327.4,0.5052,4298.0,72.3,99.63,835.29,396.54,95.4,26.52,433.97,0.9613,0.0444,0.087,46.93,0.1117,155
6,119,bearing_wear,27280.3,0.506,4282.0,72.3,100.74,840.74,414.33,90.35,27.135,444.05,0.9,0.0753,0.09,51.19,0.1138,154
6,120,bearing_wear,27627.1,0.4998,4327.0,76.4,97.4,839.31,390.66,96.56,26.443,409.8,0.8257,0.0625,0.0967,49.79,0.1184,153
6,121,bearing_wear,27419.6,0.5035,4308.0,72.6,96.41,855.71,400.58,92.36,26.43,430.69,0.8478,0.0661,0.0969,54.18,0.1186,152
6,122,bearing_wear,27654.9,0.4993,4436.0,77.2,98.7,851.86,405.45,88.45,27.115,415.48,0.8272,0.1141,0.0969,51.81,0.1186,151
6,123,bearing_wear,27454.3,0.5029,4275.0,74.7,100.65,839.97,401.62,89.32,27.096,429.47,0.8944,0.085,0.102,52.86,0.122,150
6,124,bearing_wear,27540.8,0.5013,4258.0,77.3,97.61,836.21,410.68,93.99,27.243,417.06,0.9756,0.0862,0.1024,55.9,0.1223,149
6,125,bearing_wear,27577.9,0.5006,4383.0,76.8,99.49,847.52,400.25,92.7,26.641,410.63,0.88,0.1221,0.1024,53.78,0.1223,148
6,126,bearing_wear,27752.4,0.4975,4344.0,77.4,96.96,841.67,398.27,95.41,26.434,404.07,1.0149,0.0754,0.1024,50.98,0.1223,147
6,127,bearing_wear,27859.9,0.4956,4337.0,73.5,98.44,842.09,396.4,90.21,27.081,436.15,0.9412,0.0728,0.1151,41.31,0.1305,146
6,128,bearing_wear,27920.9,0.4945,4384.0,76.2,96.7,838.0,381.88,92.87,27.604,428.96,0.93,0.0573,0.1173,54.43,0.1318,145
6,129,bearing_wear,27629.9,0.4997,4358.0,77.2,98.52,839.98,393.54,92.69,26.961,413.52,0.9584,0.0626,0.1209,47.51,0.1341,144
6,130,bearing_wear,27896.4,0.4949,4347.0,70.3,98.32,845.95,397.4,92.4,26.23,441.52,1.0687,0.0307,0.1209,51.64,0.1341,143
6,131,bearing_wear,27831.4,0.4961,4266.0,80.1,99.49,848.01,400.97,91.97,27.112,400.68,0.8523,0.0885,0.1254,54.17,0.1369,142
6,132,bearing_wear,28042.6,0.4923,4250.0,81.8,101.25,870.97,415.17,92.01,27.543,398.59,1.0945,0.0473,0.1254,58.98,0.1369,141
6,133,bearing_wear,27937.1,0.4942,4308.0,77.8,98.01,853.9,399.05,93.1,27.058,411.42,1.0399,0.0909,0.1264,61.58,0.1374,140
6,134,bearing_wear,27976.3,0.4935,4285.0,77.4,95.72,840.86,401.37,93.46,27.707,423.57,0.9705,0.0739,0.135,48.22,0.1426,139
6,135,bearing_wear,27884.1,0.4951,4366.0,76.8,98.48,838.08,400.02,93.41,27.485,423.72,1.072,0.0784,0.1398,46.5,0.1454,138
6,136,bearing_wear,28258.2,0.4885,4242.0,74.0,99.23,852.18,402.48,95.32,27.024,432.01,0.9515,0.075,0.1398,54.71,0.1454,137
6,137,bearing_wear,27807.0,0.4965,4323.0,74.7,99.09,846.21,394.6,90.51,26.208,415.38,1.0008,0.1037,0.1404,54.32,0.1457,136
6,138,bearing_wear,27935.9,0.4942,4340.0,77.9,98.67,862.59,393.04,89.38,26.921,409.03,0.9425,0.1019,0.1479,47.49,0.15,135
6,139,bearing_wear,28004.6,0.493,4348.0,72.1,101.28,852.65,389.9,95.16,26.652,437.61,1.0748,0.0797,0.1591,53.97,0.1562,134
6,140,bearing_wear,27939.6,0.4941,4374.0,71.8,99.25,834.4,393.36,91.24,26.556,437.68,0.9409,0.0623,0.1591,57.04,0.1562,133
6,141,bearing_wear,27847.9,0.4958,4330.0,73.8,98.95,843.56,391.47,92.41,27.058,433.96,0.9974,0.0997,0.163,48.09,0.1583,132
6,142,bearing_wear,27672.2,0.4989,4310.0,76.9,98.01,848.47,396.79,91.99,27.264,419.36,1.0609,0.0629,0.1679,49.51,0.1609,131
6,143,bearing_wear,27818.0,0.4963,4425.0,72.4,96.57,855.31,381.09,91.97,26.238,429.12,1.0921,0.0516,0.1696,51.34,0.1618,130
6,144,bearing_wear,27751.9,0.4975,4331.0,74.3,99.79,845.18,392.01,90.4,27.358,435.94,0.9502,0.0945,0.1771,53.86,0.1658,129
6,145,bearing_wear,28118.0,0.491,4435.0,74.6,99.66,854.99,395.22,92.18,27.063,429.27,1.0762,0.1089,0.1771,58.39,0.1658,128
6,146,bearing_wear,28172.6,0.49,4330.0,71.9,97.75,842.18,389.41,94.66,27.043,445.27,0.9416,0.0774,0.1812,53.48,0.1679,127
6,147,bearing_wear,27788.2,0.4969,4349.0,67.6,99.49,852.7,399.31,93.53,26.971,472.36,0.8656,0.0978,0.1986,56.18,0.1767,126
6,148,bearing_wear,27544.5,0.5013,4342.0,71.8,99.41,858.33,389.1,94.6,26.629,438.97,0.9833,0.0828,0.2043,67.38,0.1794,125
6,149,bearing_wear,27821.5,0.4963,4364.0,75.6,98.71,869.11,386.56,92.61,27.671,433.0,1.1112,0.1058,0.2055,51.42,0.18,124
6,150,bearing_wear,27515.6,0.5018,4325.0,76.3,98.55,860.45,388.95,95.47,27.162,421.41,1.0504,0.115,0.2125,53.24,0.1834,123
6,151,bearing_wear,27528.7,0.5015,4356.0,76.3,100.35,851.95,384.83,92.65,27.823,431.69,1.0085,0.0879,0.2125,59.9,0.1834,122
6,152,bearing_wear,27461.4,0.5028,4442.0,76.6,99.4,870.59,370.51,89.45,26.88,415.33,1.0558,0.0726,0.2125,61.45,0.1834,121
6,153,bearing_wear,27421.7,0.5035,4413.0,72.9,98.94,856.16,388.43,94.38,27.602,448.38,1.0611,0.066,0.2206,58.93,0.1873,120
6,154,bearing_wear,27380.9,0.5042,4413.0,72.2,98.81,865.88,394.31,95.5,26.663,437.18,1.1322,0.1197,0.2444,66.88,0.1982,119
6,155,bearing_wear,27170.8,0.508,4269.0,75.8,99.91,856.6,391.23,92.85,28.26,441.3,0.9535,0.0784,0.2444,59.43,0.1982,118
6,156,bearing_wear,27192.7,0.5076,4279.0,74.0,101.51,861.48,390.99,96.38,26.755,427.94,1.0756,0.109,0.2459,48.02,0.1989,117
6,157,bearing_wear,27377.5,0.5043,4363.0,77.3,100.48,856.39,382.13,92.31,27.763,425.01,1.0976,0.1181,0.2499,58.55,0.2007,116
6,158,bearing_wear,27142.3,0.5086,4396.0,75.7,99.88,865.21,387.99,95.41,27.109,423.87,0.9847,0.0942,0.2564,55.47,0.2036,115
6,159,bearing_wear,27085.5,0.5096,4319.0,78.4,100.75,870.8,384.35,97.6,27.706,418.48,0.9876,0.102,0.2606,65.41,0.2054,114
6,160,bearing_wear,26647.5,0.5177,4308.0,73.1,102.33,857.76,386.72,94.18,27.086,438.76,1.0688,0.1253,0.2606,63.31,0.2054,113
6,161,bearing_wear,27036.7,0.5105,4434.0,77.6,101.03,859.59,369.45,93.66,26.939,410.78,1.0986,0.0892,0.2606,50.54,0.2054,112
6,162,bearing_wear,26700.3,0.5167,4391.0,80.5,101.02,871.17,375.42,94.16,26.474,389.38,1.128,0.0952,0.2914,66.42,0.2186,111
6,163,bearing_wear,26876.7,0.5134,4413.0,74.5,101.57,858.72,379.69,97.63,28.236,448.72,1.0825,0.1088,0.2914,64.37,0.2186,110
6,164,bearing_wear,26632.7,0.518,4324.0,75.8,100.38,853.82,387.42,95.18,27.339,427.1,1.0792,0.139,0.2914,58.05,0.2186,109
6,165,bearing_wear,26423.3,0.5219,4319.0,71.4,101.06,868.18,386.55,98.8,25.897,429.18,1.1115,0.1503,0.3087,59.92,0.2257,108
6,166,bearing_wear,26150.4,0.527,4407.0,76.8,100.14,867.92,366.47,95.14,27.532,424.1,1.1744,0.1183,0.3168,67.57,0.2289,107
6,167,bearing_wear,26619.2,0.5182,4334.0,77.5,98.66,869.04,369.92,93.36,27.741,423.76,1.2603,0.109,0.3278,51.14,0.2334,106
6,168,bearing_wear,26300.9,0.5241,4313.0,72.5,101.6,872.76,382.53,93.59,26.899,438.82,0.9935,0.1477,0.3392,63.63,0.2378,105
6,169,bearing_wear,26193.9,0.5261,4295.0,75.7,101.62,875.46,375.45,94.88,27.092,423.42,1.2209,0.093,0.3392,66.87,0.2378,104
6,170,bearing_wear,26217.8,0.5257,4319.0,74.7,100.69,868.62,383.92,90.69,27.312,432.46,1.1645,0.132,0.3417,61.05,0.2388,103
6,171,bearing_wear,25855.8,0.5325,4403.0,75.0,102.8,862.21,363.67,93.93,27.836,439.19,1.2278,0.13,0.3553,65.2,0.244,102
6,172,bearing_wear,25898.7,0.5317,4259.0,76.2,100.35,868.23,378.75,94.12,27.491,426.94,1.2974,0.1619,0.374,63.11,0.2511,101
6,173,bearing_wear,25494.4,0.5394,4388.0,75.3,98.77,877.54,372.71,95.5,27.979,440.0,1.1422,0.164,0.374,58.68,0.2511,100
6,174,bearing_wear,25543.7,0.5385,4308.0,73.2,100.51,874.1,378.86,99.01,27.742,448.46,1.291,0.1213,0.3883,59.03,0.2564,99
6,175,bearing_wear,25202.1,0.545,4337.0,76.1,99.41,871.39,367.18,95.36,27.391,426.22,1.1302,0.1483,0.4054,67.19,0.2626,98
6,176,bearing_wear,25081.2,0.5474,4341.0,76.8,102.32,870.71,360.71,91.48,26.913,414.64,1.2499,0.1365,0.4158,60.79,0.2663,97
6,177,bearing_wear,25028.2,0.5484,4337.0,71.7,100.76,880.13,373.16,93.56,27.157,448.01,1.2286,0.1448,0.4252,56.64,0.2696,96
6,178,bearing_wear,24677.1,0.5552,4333.0,73.3,103.49,875.31,374.58,96.02,27.571,445.03,1.2643,0.1672,0.4395,65.33,0.2746,95
6,179,bearing_wear,24766.9,0.5535,4323.0,67.9,103.45,880.41,377.94,95.68,27.061,471.41,1.1815,0.1482,0.4395,62.15,0.2746,94
6,180,bearing_wear,24517.7,0.5584,4316.0,74.9,100.87,887.05,368.38,98.94,27.744,438.29,1.3202,0.1671,0.4679,59.6,0.2844,93
6,181,bearing_wear,24110.1,0.5664,4429.0,76.7,101.06,878.49,369.46,97.61,27.946,430.94,1.4129,0.1826,0.4688,65.98,0.2846,92
6,182,bearing_wear,24180.1,0.565,4352.0,72.2,103.24,887.91,370.31,97.7,27.567,451.73,1.2268,0.2001,0.4903,70.1,0.2918,91
6,183,bearing_wear,24034.2,0.5679,4342.0,73.3,103.91,881.96,375.78,95.4,27.31,440.89,1.3197,0.1756,0.4903,66.37,0.2918,90
6,184,bearing_wear,24048.0,0.5676,4311.0,72.2,99.42,882.42,369.07,98.04,27.559,452.0,1.373,0.1722,0.4903,60.93,0.2918,89
6,185,bearing_wear,23793.8,0.5727,4326.0,71.6,103.22,865.63,355.74,94.33,28.26,467.27,1.3183,0.161,0.5344,69.96,0.3061,88
6,186,bearing_wear,23795.9,0.5727,4312.0,73.3,99.5,876.25,366.41,98.06,26.875,433.74,1.4508,0.2148,0.5344,72.73,0.3061,87
6,187,bearing_wear,23481.5,0.579,4396.0,70.2,102.04,875.69,362.65,95.61,27.487,463.47,1.3147,0.1956,0.5427,78.86,0.3088,86
6,188,bearing_wear,23142.0,0.5859,4305.0,71.7,104.68,882.81,368.51,93.42,28.143,464.27,1.3588,0.1953,0.5654,75.64,0.3159,85
6,189,bearing_wear,23034.8,0.5881,4215.0,69.6,107.69,886.4,359.72,97.61,26.832,456.04,1.3032,0.1997,0.5828,63.89,0.3212,84
6,190,bearing_wear,22806.8,0.5928,4353.0,74.0,102.96,890.16,359.12,99.33,27.985,447.47,1.4081,0.211,0.6013,73.71,0.3269,83
6,191,bearing_wear,22744.6,0.594,4333.0,72.9,101.5,891.12,366.81,95.77,27.977,454.41,1.4043,0.2215,0.6086,70.9,0.3291,82
6,192,bearing_wear,22489.8,0.5993,4315.0,70.7,102.62,882.52,361.72,99.73,26.81,448.45,1.4578,0.225,0.612,63.95,0.3301,81
6,193,bearing_wear,22193.0,0.6055,4405.0,72.1,103.75,896.42,354.18,93.49,27.799,456.6,1.3843,0.2502,0.6465,72.05,0.3403,80
6,194,bearing_wear,22092.0,0.6076,4186.0,71.2,102.77,906.03,377.48,94.51,27.37,455.11,1.3948,0.2284,0.6638,80.67,0.3453,79
6,195,bearing_wear,21960.5,0.6104,4445.0,75.2,102.4,890.73,346.69,96.61,27.694,436.06,1.4864,0.2586,0.6638,77.06,0.3453,78
6,196,bearing_wear,21538.0,0.6193,4413.0,70.3,103.44,888.52,359.86,96.41,27.339,460.26,1.5962,0.2586,0.707,67.12,0.3576,77
6,197,bearing_wear,21531.3,0.6194,4312.0,73.4,104.68,889.9,363.64,95.82,28.182,454.29,1.5347,0.2362,0.707,72.26,0.3576,76
6,198,bearing_wear,21038.9,0.63,4323.0,69.3,104.06,896.06,353.94,97.61,27.397,467.97,1.6592,0.215,0.7406,75.49,0.367,75
6,199,bearing_wear,21230.6,0.6259,4380.0,73.7,103.01,893.47,352.17,96.29,27.524,441.8,1.5569,0.2505,0.7419,64.41,0.3674,74
6,200,bearing_wear,20930.2,0.6323,4382.0,74.3,103.56,886.2,350.36,96.82,27.597,439.67,1.5817,0.2914,0.7767,65.44,0.3768,73
6,201,bearing_wear,20879.1,0.6334,4312.0,74.3,104.07,889.49,354.28,98.19,27.658,440.49,1.6092,0.2509,0.7951,75.13,0.3818,72
6,202,bearing_wear,20248.0,0.6472,4253.0,75.3,103.29,910.7,351.85,96.38,27.439,430.96,1.6857,0.273,0.8101,75.55,0.3857,71
6,203,bearing_wear,20363.7,0.6447,4477.0,71.7,103.91,912.54,340.37,97.65,27.488,453.73,1.6871,0.2838,0.8374,66.17,0.3929,70
6,204,bearing_wear,20109.5,0.6503,4407.0,74.4,106.04,917.36,343.53,96.65,27.901,443.74,1.5138,0.3048,0.8534,77.68,0.3971,69
6,205,bearing_wear,19714.6,0.659,4359.0,75.4,104.94,908.71,344.63,95.7,28.107,440.87,1.6898,0.2891,0.8856,81.91,0.4053,68
6,206,bearing_wear,19455.7,0.6648,4361.0,67.1,102.9,897.07,342.78,99.84,27.962,493.25,1.6789,0.2936,0.9268,76.32,0.4157,67
6,207,bearing_wear,19117.0,0.6725,4387.0,68.5,107.07,902.21,329.87,101.73,27.662,477.78,1.6421,0.3224,0.9268,77.71,0.4157,66
6,208,bearing_wear,18843.0,0.6787,4394.0,65.7,106.15,892.38,343.54,100.44,27.208,489.97,1.5158,0.2961,0.9268,80.27,0.4157,65
6,209,bearing_wear,18694.7,0.6821,4225.0,73.3,103.73,898.17,346.36,99.19,27.483,443.96,1.5674,0.2891,0.9697,80.56,0.4263,64
6,210,bearing_wear,18379.1,0.6893,4329.0,65.4,105.39,909.88,332.02,97.36,27.556,498.48,1.6806,0.3714,0.9949,70.57,0.4324,63
6,211,bearing_wear,18564.4,0.6851,4323.0,64.5,104.92,913.15,340.23,98.21,27.359,502.14,1.6139,0.3629,1.0229,74.99,0.4391,62
6,212,bearing_wear,17854.9,0.7015,4340.0,66.4,107.25,926.53,338.29,100.99,27.504,490.24,1.7191,0.3893,1.0433,77.98,0.444,61
6,213,bearing_wear,17855.3,0.7015,4396.0,64.3,105.97,911.81,343.27,94.56,27.561,506.96,1.8423,0.3873,1.0946,76.73,0.4559,60
6,214,bearing_wear,17648.7,0.7064,4243.0,70.2,106.43,904.56,340.07,98.39,28.018,472.08,1.7387,0.3834,1.0946,88.37,0.4559,59
6,215,bearing_wear,17385.1,0.7126,4269.0,66.0,106.55,915.04,343.79,100.83,27.708,496.6,1.8317,0.3963,1.1479,85.31,0.4682,58
6,216,bearing_wear,17144.0,0.7183,4309.0,64.1,104.8,914.41,344.73,97.24,27.441,506.8,1.764,0.3972,1.181,77.26,0.4756,57
6,217,bearing_wear,16962.7,0.7226,4359.0,68.9,109.29,916.47,329.07,100.48,27.498,472.41,1.8935,0.421,1.2081,82.28,0.4816,56
6,218,bearing_wear,16495.2,0.7339,4400.0,68.9,108.36,924.85,329.15,100.54,27.603,473.94,1.9357,0.4124,1.2427,89.68,0.4892,55
6,219,bearing_wear,16314.3,0.7383,4448.0,63.1,106.45,911.37,335.87,97.05,27.869,522.49,1.8102,0.4166,1.2822,81.57,0.4978,54
6,220,bearing_wear,15994.1,0.7461,4333.0,66.5,107.98,924.81,331.79,100.22,27.576,491.11,1.8795,0.4393,1.3037,89.48,0.5024,53
6,221,bearing_wear,15968.3,0.7467,4400.0,68.2,109.31,931.23,328.19,98.94,27.335,474.16,1.8595,0.4827,1.3329,92.7,0.5087,52
6,222,bearing_wear,15820.7,0.7504,4393.0,67.2,108.19,939.09,322.06,101.21,28.313,498.35,2.0361,0.45,1.3805,92.76,0.5187,51
6,223,bearing_wear,15057.3,0.7694,4383.0,67.2,110.64,931.94,327.7,101.87,27.497,484.42,2.0362,0.4648,1.419,88.3,0.5267,50
6,224,bearing_wear,14660.4,0.7794,4349.0,71.6,112.9,941.88,323.49,101.5,28.181,466.08,2.0492,0.517,1.461,94.43,0.5353,49
6,225,bearing_wear,14777.1,0.7764,4326.0,74.3,108.34,931.38,313.85,100.85,28.529,454.34,2.0431,0.4969,1.4613,85.57,0.5353,48
6,226,bearing_wear,14577.0,0.7815,4286.0,66.8,107.96,931.49,322.44,101.54,27.926,494.86,2.1236,0.5388,1.5236,101.74,0.5479,47
6,227,bearing_wear,14432.8,0.7852,4282.0,63.6,107.48,944.32,316.69,98.71,26.762,497.9,2.1446,0.5594,1.551,91.01,0.5533,46
6,228,bearing_wear,13970.9,0.797,4371.0,66.7,105.97,927.0,317.67,101.27,28.142,499.15,2.1246,0.5747,1.6177,96.71,0.5664,45
6,229,bearing_wear,13788.7,0.8017,4347.0,67.9,111.39,937.26,311.11,99.91,28.615,499.05,2.1454,0.5707,1.6633,89.96,0.5753,44
6,230,bearing_wear,13545.7,0.8081,4325.0,67.0,109.12,950.27,319.58,103.68,28.365,501.29,2.2114,0.6202,1.6918,94.76,0.5807,43
6,231,bearing_wear,13232.0,0.8163,4390.0,68.8,111.15,942.06,312.44,103.13,27.336,470.19,2.2275,0.6244,1.7299,95.63,0.5879,42
6,232,bearing_wear,12858.3,0.8261,4338.0,73.5,111.78,946.58,305.0,103.37,29.36,473.03,2.4544,0.637,1.7977,89.41,0.6006,41
6,233,bearing_wear,12245.9,0.8425,4295.0,61.5,108.68,942.24,310.47,105.57,27.287,524.87,2.2837,0.6504,1.8336,89.86,0.6073,40
6,234,bearing_wear,12147.5,0.8451,4334.0,65.0,109.26,950.04,312.76,101.76,27.641,503.35,2.3889,0.6884,1.9085,94.86,0.6209,39
6,235,bearing_wear,11902.6,0.8518,4399.0,71.0,113.54,963.01,310.83,101.52,28.78,479.87,2.4415,0.6976,1.965,102.32,0.6311,38
6,236,bearing_wear,11550.0,0.8614,4289.0,64.6,110.97,960.07,302.82,102.05,28.292,518.05,2.5427,0.6871,2.0039,88.26,0.638,37
6,237,bearing_wear,11265.0,0.8692,4363.0,68.4,110.27,956.21,296.68,99.7,28.394,491.22,2.393,0.7511,2.0441,96.24,0.6451,36
6,238,bearing_wear,11210.1,0.8707,4347.0,67.8,110.05,967.68,313.19,100.14,28.146,491.49,2.6204,0.7838,2.1263,105.89,0.6593,35
6,239,bearing_wear,10564.4,0.8887,4304.0,69.4,111.53,963.58,302.66,104.53,29.023,494.69,2.5206,0.7358,2.1548,93.62,0.6642,34
6,240,bearing_wear,10499.2,0.8905,4332.0,71.3,114.2,970.34,300.49,100.65,28.614,474.93,2.7624,0.8106,2.1996,106.74,0.6719,33
6,241,bearing_wear,10126.9,0.901,4256.0,66.4,113.19,954.84,297.66,101.47,27.742,494.45,2.6282,0.8587,2.255,95.67,0.6812,32
6,242,bearing_wear,9649.5,0.9146,4357.0,60.0,112.67,975.98,296.54,103.62,28.512,562.36,2.5407,0.8263,2.3149,97.63,0.6912,31
6,243,bearing_wear,9314.1,0.9243,4268.0,63.0,115.1,968.03,307.75,103.25,28.329,532.35,2.6726,0.879,2.3897,102.58,0.7036,30
6,244,bearing_wear,8916.5,0.9358,4414.0,71.5,115.12,951.13,289.55,106.08,29.238,484.13,2.843,0.9078,2.4623,113.75,0.7153,29
6,245,bearing_wear,8939.5,0.9352,4344.0,60.5,113.63,981.98,297.02,104.53,28.38,555.08,2.7626,0.9577,2.4928,101.62,0.7203,28
6,246,bearing_wear,8551.0,0.9465,4316.0,66.1,117.64,974.52,289.8,103.08,29.49,528.16,2.8069,0.9836,2.5781,97.38,0.7338,27
6,247,bearing_wear,8129.3,0.959,4420.0,56.9,113.41,969.54,275.96,106.88,27.902,580.55,2.9222,0.979,2.6598,100.19,0.7467,26
6,248,bearing_wear,7663.3,0.9729,4288.0,60.2,115.74,972.23,282.38,106.64,28.275,555.82,2.8883,1.0381,2.7392,112.97,0.759,25
6,249,bearing_wear,7700.1,0.9718,4305.0,66.8,113.75,985.88,277.27,102.54,28.982,513.81,2.9375,1.1036,2.7991,102.36,0.7681,24
6,250,bearing_wear,7298.7,0.984,4240.0,64.0,115.99,976.57,286.34,106.11,28.451,525.84,2.9301,1.0804,2.8793,116.17,0.7803,23
6,251,bearing_wear,6906.2,0.9959,4429.0,62.6,114.44,979.92,281.69,104.32,28.834,544.86,3.174,1.1135,2.9263,111.21,0.7874,22
6,252,bearing_wear,6556.2,1.0067,4462.0,61.1,115.81,982.15,271.35,104.52,27.29,528.17,2.992,1.162,3.0115,111.84,0.8,21
6,253,bearing_wear,6351.8,1.013,4250.0,57.4,119.06,985.55,276.58,110.03,28.267,582.47,3.1654,1.1837,3.1098,114.78,0.8144,20
6,254,bearing_wear,6143.9,1.0194,4301.0,65.3,117.26,990.74,268.64,106.81,28.777,521.26,3.25,1.2741,3.2049,110.53,0.8282,19
6,255,bearing_wear,5709.0,1.0331,4354.0,62.2,116.83,1002.63,270.81,106.36,28.617,544.16,3.2604,1.2655,3.2844,116.25,0.8395,18
6,256,bearing_wear,5264.5,1.0471,4319.0,58.4,115.17,998.05,261.36,107.14,28.121,570.33,3.2015,1.2767,3.3491,110.41,0.8487,17
6,257,bearing_wear,5117.6,1.0518,4348.0,62.8,116.98,1004.43,257.94,109.01,29.153,549.06,3.2858,1.3413,3.4521,124.42,0.8631,16
6,258,bearing_wear,4966.1,1.0566,4343.0,64.3,115.64,1010.88,267.16,106.22,28.741,528.81,3.4882,1.4254,3.5827,114.16,0.881,15
6,259,bearing_wear,4497.6,1.0717,4374.0,61.8,118.73,1006.2,256.72,106.76,28.907,553.52,3.4293,1.4307,3.6565,122.39,0.8911,14
6,260,bearing_wear,4183.4,1.0819,4292.0,62.6,118.97,1001.59,258.72,109.36,28.897,546.44,3.376,1.491,3.7382,116.01,0.9021,13
6,261,bearing_wear,3805.4,1.0943,4362.0,62.2,117.68,1026.35,254.1,105.22,29.126,554.34,3.6218,1.534,3.8186,119.49,0.9128,12
6,262,bearing_wear,3401.5,1.1076,4283.0,59.8,120.8,1021.31,260.79,110.53,29.404,582.17,3.5876,1.5504,3.9282,121.59,0.9273,11
6,263,bearing_wear,3076.6,1.1185,4325.0,61.9,120.99,1031.34,252.46,105.65,29.092,556.33,3.7816,1.6213,4.0501,139.79,0.9432,10
6,264,bearing_wear,2645.5,1.1329,4246.0,63.8,119.3,1030.89,248.33,108.67,29.515,547.84,3.7839,1.6944,4.1646,126.14,0.9579,9
6,265,bearing_wear,2751.3,1.1294,4326.0,64.5,120.3,1022.59,241.85,106.26,29.332,538.32,3.8507,1.7584,4.2827,123.45,0.9729,8
6,266,bearing_wear,2322.4,1.1439,4316.0,63.6,118.91,1010.08,242.94,107.62,29.066,541.02,3.9405,1.7869,4.3927,126.58,0.9867,7
6,267,bearing_wear,1944.1,1.1568,4407.0,59.0,119.68,1019.44,239.17,112.57,28.98,581.2,3.9039,1.8489,4.4915,122.38,0.999,6
6,268,bearing_wear,1654.5,1.1668,4346.0,62.8,118.84,1039.4,237.57,112.35,29.199,550.5,3.998,1.8974,4.6082,130.38,1.0133,5
6,269,bearing_wear,1339.3,1.1777,4357.0,62.1,120.31,1038.14,232.42,113.02,29.578,563.79,4.1533,2.01,4.7953,142.49,1.0359,4
6,270,bearing_wear,856.3,1.1946,4349.0,58.4,121.04,1035.37,232.54,107.97,29.198,591.78,4.1187,2.0365,4.8571,135.58,1.0433,3
6,271,bearing_wear,595.6,1.2038,4222.0,59.0,119.04,1021.95,235.99,109.03,28.917,580.5,4.3324,2.0741,4.9684,139.61,1.0566,2
6,272,bearing_wear,251.1,1.216,4230.0,62.2,122.77,1046.66,228.5,112.1,29.393,559.13,4.323,2.1535,5.0928,131.86,1.0712,1
7,0,injector_drift,30.6,1.2239,4289.0,62.0,94.81,809.22,420.28,93.91,26.086,497.66,0.8574,0.0848,0.0,43.52,0.017,224
7,1,injector_drift,283.9,1.2149,4310.0,62.3,97.47,824.78,424.66,92.92,25.624,487.11,0.7814,0.096,0.0,50.33,0.0262,223
7,2,injector_drift,845.3,1.195,4275.0,58.7,95.29,831.47,423.78,88.32,25.69,517.9,0.8361,0.0587,0.0,40.17,0.0262,222
7,3,injector_drift,1270.1,1.1801,4300.0,57.6,95.94,813.59,424.74,89.99,25.618,526.66,0.9251,0.0508,0.0,50.2,0.0262,221
7,4,injector_drift,1651.4,1.1669,4358.0,61.5,95.48,817.27,419.72,90.46,25.016,481.52,0.8518,0.0676,0.0,38.59,0.0262,220
7,5,injector_drift,1939.2,1.157,4392.0,57.1,96.53,805.81,408.23,90.49,25.232,522.82,0.6954,0.0531,0.0,25.43,0.0262,219
7,6,injector_drift,2517.1,1.1373,4349.0,65.1,97.35,812.57,419.93,91.29,25.705,467.18,0.7633,0.0231,0.0,46.08,0.0262,218
7,7,injector_drift,2705.8,1.1309,4331.0,61.9,97.03,808.15,416.81,89.84,25.568,488.49,0.7596,0.0743,0.0,45.06,0.0262,217
7,8,injector_drift,3082.7,1.1183,4275.0,59.6,95.08,816.62,414.75,88.69,25.239,501.25,0.7533,0.0532,0.0,46.04,0.0262,216
7,9,injector_drift,3741.1,1.0964,4306.0,58.7,97.59,812.41,418.53,92.43,25.633,516.56,0.6447,0.0285,0.0,45.85,0.0262,215
7,10,injector_drift,3748.1,1.0962,4257.0,60.2,94.4,818.86,419.58,88.28,26.263,516.3,0.9649,0.0477,0.0,43.32,0.0262,214
7,11,injector_drift,4047.1,1.0864,4394.0,57.6,94.66,807.45,421.56,88.92,25.601,525.82,0.7435,0.0536,0.0,41.07,0.0262,213
7,12,injector_drift,4560.0,1.0697,4398.0,64.0,95.67,817.11,409.22,88.33,25.47,470.99,0.7517,0.059,0.0,41.53,0.0293,212
7,13,injector_drift,5134.9,1.0512,4348.0,60.3,97.42,808.97,411.48,91.81,25.309,496.61,0.6607,0.0593,0.0,40.34,0.0293,211
7,14,injector_drift,5655.1,1.0347,4376.0,64.1,94.11,820.01,409.21,90.8,25.799,476.12,0.8854,0.0862,0.0,40.64,0.0293,210
7,15,injector_drift,5748.1,1.0318,4403.0,64.7,97.2,805.76,423.48,92.35,25.421,464.65,0.8088,0.033,0.0,33.58,0.0293,209
7,16,injector_drift,6502.8,1.0083,4356.0,66.2,95.78,820.78,410.57,89.02,26.199,468.09,0.788,0.0557,0.0,36.57,0.0293,208
7,17,injector_drift,6616.9,1.0048,4434.0,64.3,95.21,816.37,418.33,88.08,26.502,487.77,0.7922,0.0412,0.0,41.82,0.0293,207
7,18,injector_drift,6976.4,0.9938,4289.0,67.1,97.51,821.46,411.61,89.7,25.9,456.63,0.8631,0.0839,0.0,31.43,0.0293,206
7,19,injector_drift,7245.8,0.9856,4329.0,68.1,94.66,807.28,418.81,90.22,26.22,455.58,0.7777,0.0476,0.0,32.6,0.0293,205
7,20,injector_drift,8044.1,0.9616,4322.0,64.9,99.48,825.81,416.34,91.16,25.853,471.23,0.6635,0.0542,0.0,41.65,0.0369,204
7,21,injector_drift,8105.4,0.9597,4389.0,65.3,95.79,818.38,418.82,87.37,25.796,467.43,0.7193,0.0821,0.0,42.68,0.0369,203
7,22,injector_drift,8303.2,0.9539,4264.0,62.9,96.27,821.29,424.2,91.69,25.978,488.89,0.7152,0.0876,0.0,41.75,0.0369,202
7,23,injector_drift,9244.9,0.9263,4437.0,61.8,98.36,804.05,409.51,88.95,25.571,489.74,0.8447,0.0905,0.0,31.42,0.0369,201
7,24,injector_drift,9306.9,0.9245,4384.0,68.8,96.32,812.57,408.46,89.44,25.934,446.08,0.8971,0.0282,0.0,51.08,0.0369,200
7,25,injector_drift,9737.4,0.9121,4455.0,67.0,97.84,818.47,417.86,93.08,25.499,450.61,0.9399,0.0707,0.0,36.14,0.0369,199
7,26,injector_drift,10237.6,0.8979,4348.0,67.4,93.13,832.82,409.66,86.37,26.199,459.95,0.6919,0.0665,0.0,39.23,0.0369,198
7,27,injector_drift,10443.5,0.8921,4317.0,63.8,95.39,824.22,401.41,91.38,26.382,489.57,0.8723,0.06,0.0,37.01,0.0369,197
7,28,injector_drift,10861.4,0.8804,4389.0,70.6,96.69,824.73,400.02,91.4,26.653,446.69,0.7746,0.0628,0.0,49.92,0.0381,196
7,29,injector_drift,11085.0,0.8742,4412.0,65.2,97.7,813.61,400.36,89.12,26.645,483.27,1.0577,0.0871,0.0,45.54,0.0381,195
7,30,injector_drift,11546.5,0.8615,4307.0,63.7,97.23,811.39,418.86,89.87,25.687,477.06,0.9345,0.0822,0.0,41.06,0.0381,194
7,31,injector_drift,11788.6,0.8549,4230.0,64.6,97.1,822.89,432.42,93.2,26.349,482.73,0.9599,0.0794,0.0,40.71,0.0381,193
7,32,injector_drift,12145.7,0.8452,4240.0,71.2,97.69,829.6,406.38,94.69,25.966,431.45,0.888,0.0656,0.0,44.33,0.0381,192
7,33,injector_drift,12519.3,0.8352,4366.0,63.4,96.79,821.73,407.66,92.89,26.219,489.68,0.8543,0.1068,0.0,37.2,0.0381,191
7,34,injector_drift,12792.0,0.8279,4442.0,64.6,92.87,834.37,409.06,94.53,26.669,488.32,0.7916,0.0534,0.0,45.33,0.0381,190
7,35,injector_drift,13274.8,0.8151,4272.0,75.8,98.29,820.98,426.17,89.4,26.882,419.88,0.7766,0.0294,0.0,40.76,0.0389,189
7,36,injector_drift,13619.4,0.8061,4334.0,70.1,94.86,825.03,409.09,87.62,27.006,456.05,0.7606,0.0564,0.0,46.1,0.0389,188
7,37,injector_drift,14009.3,0.796,4329.0,65.2,96.6,807.88,417.38,90.7,25.815,468.28,0.875,0.0632,0.0,46.03,0.04,187
7,38,injector_drift,14322.1,0.788,4465.0,64.4,96.4,822.69,405.53,92.41,25.949,477.02,0.9505,0.0881,0.0,40.64,0.04,186
7,39,injector_drift,14862.9,0.7743,4486.0,62.8,96.2,831.96,421.66,87.09,25.541,481.43,0.7971,0.0518,0.0,33.34,0.04,185
7,40,injector_drift,15054.8,0.7694,4375.0,68.3,94.48,814.61,412.39,88.95,26.25,455.03,0.7678,0.0718,0.0,42.37,0.04,184
7,41,injector_drift,15196.8,0.7659,4404.0,70.3,93.39,832.06,411.13,89.29,26.49,445.67,0.713,0.0343,0.0,36.91,0.0461,183
7,42,injector_drift,15623.9,0.7552,4402.0,72.9,94.8,838.13,409.59,91.64,26.545,430.99,0.8513,0.0855,0.0,44.55,0.0461,182
7,43,injector_drift,16092.8,0.7437,4273.0,62.8,97.54,816.21,412.91,91.39,25.744,484.93,0.9308,0.0654,0.0,42.94,0.0469,181
7,44,injector_drift,16060.3,0.7445,4392.0,64.7,94.27,827.65,414.14,89.5,25.87,473.16,0.9409,0.0602,0.0,41.79,0.0526,180
7,45,injector_drift,16823.6,0.726,4289.0,68.5,95.13,838.45,406.64,91.41,26.432,456.69,0.9488,0.1084,0.0,38.25,0.0526,179
7,46,injector_drift,16720.7,0.7285,4340.0,77.4,97.1,832.1,399.04,88.76,26.763,409.3,0.8718,0.0872,0.0,50.66,0.0526,178
7,47,injector_drift,17284.0,0.715,4418.0,71.8,94.92,833.78,406.22,90.2,26.034,428.83,0.8458,0.045,0.0,42.46,0.0526,177
7,48,injector_drift,17458.7,0.7108,4355.0,70.5,95.64,812.61,415.19,88.52,25.653,430.8,0.9411,0.0636,0.0,56.5,0.0526,176
7,49,injector_drift,17755.4,0.7039,4416.0,65.8,96.57,829.26,403.75,90.75,25.896,465.46,0.7498,0.1205,0.0,44.91,0.0526,175
7,50,injector_drift,17869.4,0.7012,4428.0,63.3,96.86,827.36,407.76,89.45,25.43,475.3,0.8033,0.1053,0.0,46.49,0.0526,174
7,51,injector_drift,18499.2,0.6866,4245.0,70.0,94.88,815.93,408.48,92.43,26.047,440.64,0.9754,0.0842,0.0,44.93,0.0526,173
7,52,injector_drift,18464.5,0.6874,4219.0,69.7,96.67,818.73,423.42,91.0,26.197,444.82,0.7527,0.0289,0.0,46.45,0.0527,172
7,53,injector_drift,18732.3,0.6812,4420.0,69.3,97.05,831.1,410.94,90.6,26.287,448.59,0.836,0.0925,0.0,50.21,0.0527,171
7,54,injector_drift,19409.9,0.6659,4422.0,69.2,94.55,823.75,407.03,94.59,26.068,446.04,0.8892,0.0531,0.0,50.26,0.0527,170
7,55,injector_drift,19787.8,0.6574,4365.0,68.2,96.84,835.15,410.3,91.87,27.163,471.25,0.8482,0.093,0.0,36.14,0.0552,169
7,56,injector_drift,19698.9,0.6594,4374.0,67.7,95.44,828.47,400.52,90.37,25.749,450.29,0.9335,0.0521,0.0,49.25,0.0552,168
7,57,injector_drift,20225.2,0.6477,4404.0,74.9,96.72,830.07,399.28,89.94,27.172,429.2,0.9636,0.0763,0.0,47.46,0.0552,167
7,58,injector_drift,20466.0,0.6424,4402.0,68.2,97.62,825.11,406.54,88.76,26.226,454.81,0.8809,0.054,0.0,45.23,0.0561,166
7,59,injector_drift,20600.5,0.6395,4332.0,70.2,96.3,829.99,413.73,91.01,26.149,440.73,0.9548,0.0598,0.0,53.69,0.057,165
7,60,injector_drift,21078.4,0.6291,4407.0,71.1,97.99,834.92,409.91,91.79,26.705,444.7,0.7715,0.0801,0.0,54.07,0.0589,164
7,61,injector_drift,21113.0,0.6284,4329.0,73.4,97.86,834.42,407.88,87.39,26.439,426.03,0.8356,0.0419,0.0,50.02,0.061,163
7,62,injector_drift,21470.7,0.6207,4365.0,68.9,98.05,824.69,412.6,88.51,26.028,447.03,1.0417,0.116,0.0,42.85,0.0619,162
7,63,injector_drift,21456.2,0.621,4362.0,74.5,97.3,840.8,416.78,90.21,27.404,435.15,1.0047,0.048,0.0,39.61,0.0619,161
7,64,injector_drift,21709.6,0.6157,4298.0,70.0,98.34,833.88,410.9,89.04,25.538,431.82,0.7471,0.0469,0.0,49.34,0.0619,160
7,65,injector_drift,22309.3,0.6031,4305.0,71.4,97.39,833.43,412.09,91.42,26.418,438.04,0.854,0.0825,0.0,52.79,0.0666,159
7,66,injector_drift,22455.0,0.6,4484.0,76.9,94.32,833.85,400.06,91.7,26.924,414.26,0.8659,0.0958,0.0,35.85,0.0666,158
7,67,injector_drift,22584.9,0.5973,4296.0,69.2,95.62,833.26,409.92,91.09,26.949,460.85,0.8884,0.0635,0.0,51.43,0.0666,157
7,68,injector_drift,23121.9,0.5863,4372.0,74.4,96.5,817.2,407.91,92.43,26.538,422.14,0.957,0.0486,0.0,44.72,0.0666,156
7,69,injector_drift,23345.3,0.5818,4385.0,75.4,96.73,834.68,416.15,90.2,27.826,436.93,1.0045,0.0521,0.0,37.12,0.0685,155
7,70,injector_drift,23347.0,0.5817,4347.0,73.4,97.45,845.41,412.9,91.33,26.956,434.6,0.8633,0.0507,0.0,48.72,0.0708,154
7,71,injector_drift,23278.7,0.5831,4390.0,72.2,95.71,833.46,410.18,89.41,25.635,419.98,0.9501,0.0774,0.0,50.92,0.0708,153
7,72,injector_drift,23691.5,0.5748,4370.0,79.1,99.94,835.79,403.54,91.99,26.411,395.25,0.9122,0.0699,0.0,44.62,0.0708,152
7,73,injector_drift,23790.0,0.5728,4298.0,72.8,96.76,827.2,404.47,91.57,26.709,434.36,0.8586,0.0798,0.0,41.09,0.0708,151
7,74,injector_drift,24130.2,0.566,4382.0,73.5,97.07,837.72,406.81,89.15,26.225,422.07,0.733,0.0805,0.0,55.52,0.0773,150
7,75,injector_drift,24173.5,0.5651,4317.0,72.0,96.07,831.46,415.18,91.24,26.811,440.58,0.9503,0.0897,0.0,43.62,0.0773,149
7,76,injector_drift,24326.8,0.5621,4454.0,73.6,95.58,844.31,411.17,91.47,26.505,426.28,0.9174,0.065,0.0,52.77,0.0775,148
7,77,injector_drift,24354.4,0.5616,4376.0,76.1,96.99,829.03,389.37,92.19,26.373,410.02,0.9053,0.0596,0.0,39.75,0.0813,147
7,78,injector_drift,24901.6,0.5508,4308.0,72.5,97.22,830.51,422.15,92.26,26.249,428.46,0.7956,0.0775,0.0,49.39,0.0813,146
7,79,injector_drift,24709.5,0.5546,4371.0,67.1,97.04,826.62,406.85,90.18,26.651,470.06,1.0308,0.0733,0.0,49.25,0.0813,145
7,80,injector_drift,25179.1,0.5455,4295.0,75.1,99.75,850.79,413.02,93.22,25.99,409.79,0.8908,0.0804,0.0,51.97,0.0845,144
7,81,injector_drift,25499.2,0.5393,4365.0,70.4,97.15,833.04,392.93,92.81,26.949,453.2,0.7923,0.0622,0.0,55.39,0.0881,143
7,82,injector_drift,25449.6,0.5403,4336.0,75.9,97.22,832.95,403.4,90.31,27.293,425.46,0.7794,0.0893,0.0,43.86,0.0881,142
7,83,injector_drift,25553.1,0.5383,4300.0,73.8,98.57,819.54,411.57,89.48,26.602,426.74,0.9378,0.0529,0.0,50.53,0.0881,141
7,84,injector_drift,25858.4,0.5325,4300.0,76.7,97.22,831.53,398.72,90.57,26.365,406.87,0.9474,0.0691,0.0,41.54,0.0931,140
7,85,injector_drift,25892.1,0.5318,4496.0,71.1,98.28,840.25,378.61,88.92,26.814,446.35,0.8538,0.1005,0.0,41.49,0.0931,139
7,86,injector_drift,26186.8,0.5263,4355.0,72.4,95.55,840.87,404.98,92.28,26.476,432.72,0.9279,0.0553,0.0,45.49,0.0931,138
7,87,injector_drift,26141.5,0.5271,4324.0,73.1,95.57,831.8,404.24,94.23,26.104,422.79,0.9443,0.0989,0.0,50.42,0.0931,137
7,88,injector_drift,26413.1,0.522,4314.0,69.7,97.71,831.07,413.3,94.75,27.28,463.11,0.9054,0.0504,0.0,56.97,0.0954,136
7,89,injector_drift,26503.9,0.5204,4378.0,77.6,97.19,854.64,400.46,89.73,26.634,406.38,0.8382,0.0469,0.0,57.88,0.0954,135
7,90,injector_drift,26676.0,0.5172,4312.0,69.4,96.33,857.43,404.09,93.5,25.912,441.77,0.9723,0.049,0.0,46.88,0.0961,134
7,91,injector_drift,27039.6,0.5105,4284.0,77.6,97.87,850.28,409.26,92.19,27.127,413.45,0.97,0.0827,0.0,50.63,0.1012,133
7,92,injector_drift,26935.7,0.5124,4348.0,75.7,98.01,852.71,407.98,87.24,26.87,420.14,0.9493,0.0951,0.0,53.88,0.1018,132
7,93,injector_drift,27087.4,0.5096,4348.0,73.9,96.68,853.96,397.17,91.41,27.39,438.78,0.8404,0.107,0.0,53.17,0.1039,131
7,94,injector_drift,27018.8,0.5108,4325.0,75.6,97.11,859.56,407.23,91.3,26.764,419.19,0.8093,0.1071,0.0,49.0,0.1094,130
7,95,injector_drift,27241.4,0.5068,4297.0,75.5,98.22,839.52,399.77,94.62,26.768,419.42,0.9226,0.1002,0.0,50.27,0.1099,129
7,96,injector_drift,27256.8,0.5065,4327.0,73.4,96.36,833.85,401.5,90.46,26.924,433.96,0.9909,0.0663,0.0,49.34,0.1099,128
7,97,injector_drift,27387.1,0.5041,4322.0,75.6,97.02,856.91,405.42,93.35,27.003,422.9,1.0019,0.0665,0.0,48.97,0.1112,127
7,98,injector_drift,27559.3,0.501,4313.0,76.9,98.8,835.76,406.42,92.06,27.104,417.09,0.9695,0.0999,0.0,48.53,0.1137,126
7,99,injector_drift,27460.9,0.5028,4367.0,71.9,98.02,833.34,400.12,89.44,26.831,441.52,0.8911,0.1134,0.0,49.88,0.1164,125
7,100,injector_drift,27544.7,0.5012,4484.0,75.8,97.46,836.49,385.05,91.32,27.039,422.0,0.8704,0.0657,0.0,48.86,0.121,124
7,101,injector_drift,27594.5,0.5003,4430.0,66.9,96.81,839.05,383.0,95.48,26.274,464.47,0.9334,0.1122,0.0,45.22,0.121,123
7,102,injector_drift,27649.2,0.4994,4467.0,69.1,96.82,826.81,390.01,92.21,26.925,461.37,0.9459,0.05,0.0,55.83,0.128,122
7,103,injector_drift,27803.2,0.4966,4316.0,76.6,98.16,834.98,404.49,94.37,26.898,415.71,1.0351,0.0962,0.0,54.1,0.128,121
7,104,injector_drift,27769.3,0.4972,4450.0,73.7,101.39,840.0,394.64,94.26,27.189,436.87,0.9081,0.0863,0.0,60.9,0.128,120
7,105,injector_drift,28089.9,0.4915,4364.0,72.4,99.26,835.36,397.25,91.72,27.355,447.33,0.9194,0.0851,0.0,53.61,0.1307,119
7,106,injector_drift,28302.8,0.4877,4409.0,74.8,96.55,855.79,392.54,90.15,26.692,422.37,1.1247,0.0914,0.0,50.15,0.1359,118
7,107,injector_drift,27846.0,0.4958,4377.0,73.8,99.62,846.93,395.94,90.42,27.865,446.99,1.0852,0.0738,0.0,49.14,0.1363,117
7,108,injector_drift,28000.1,0.4931,4329.0,72.0,97.41,850.62,390.52,95.63,26.513,435.72,0.8905,0.0998,0.0,52.51,0.1364,116
7,109,injector_drift,28130.9,0.4907,4393.0,70.1,98.63,849.55,397.34,93.1,26.412,446.08,1.0849,0.0932,0.0,55.35,0.1399,115
7,110,injector_drift,27949.1,0.494,4379.0,69.1,97.83,844.38,397.86,89.39,26.862,460.12,0.8835,0.1116,0.0,51.66,0.1431,114
7,111,injector_drift,27848.1,0.4958,4244.0,77.2,101.88,858.96,396.63,94.62,27.326,418.81,0.9465,0.1261,0.0,45.92,0.1475,113
7,112,injector_drift,28260.7,0.4884,4343.0,73.7,97.13,852.93,396.45,89.38,26.969,432.86,0.9556,0.0968,0.0,49.58,0.1475,112
7,113,injector_drift,28100.2,0.4913,4402.0,77.9,99.34,849.1,380.33,91.32,27.522,418.07,0.9772,0.0782,0.0,53.47,0.1486,111
7,114,injector_drift,28036.8,0.4924,4367.0,73.7,98.07,838.15,391.8,93.32,27.076,434.79,1.0507,0.0747,0.0,57.93,0.1581,110
7,115,injector_drift,28192.8,0.4896,4378.0,76.1,100.21,856.97,389.34,98.2,27.943,434.81,1.0096,0.1314,0.0,46.8,0.1581,109
7,116,injector_drift,28071.5,0.4918,4305.0,74.6,99.67,843.14,400.41,94.9,27.026,428.74,1.0604,0.1304,0.0,56.02,0.1633,108
7,117,injector_drift,27924.0,0.4944,4365.0,75.1,101.3,858.11,387.34,92.45,26.761,421.72,0.9932,0.1189,0.0,56.45,0.1705,107
7,118,injector_drift,27754.4,0.4975,4344.0,75.2,100.49,855.76,394.8,93.47,26.89,423.02,1.0553,0.1024,0.0,53.09,0.1705,106
7,119,injector_drift,27791.2,0.4968,4338.0,73.6,98.37,843.43,387.57,95.25,27.201,437.42,1.0317,0.1175,0.0,52.41,0.1705,105
7,120,injector_drift,28004.7,0.493,4309.0,71.2,103.78,855.19,377.62,96.25,27.064,449.74,0.9143,0.1273,0.0,51.67,0.1705,104
7,121,injector_drift,27879.6,0.4952,4405.0,77.2,100.41,859.03,384.07,93.04,27.332,419.1,1.0766,0.0907,0.0,56.62,0.1768,103
7,122,injector_drift,27697.1,0.4985,4371.0,79.6,98.84,861.06,387.67,93.17,27.07,402.28,1.0529,0.1047,0.0,61.87,0.1804,102
7,123,injector_drift,27932.4,0.4943,4365.0,79.8,100.13,862.14,386.57,92.07,27.885,413.53,1.001,0.0839,0.0,62.79,0.1867,101
7,124,injector_drift,27580.8,0.5006,4473.0,73.1,100.76,852.41,381.24,95.06,27.816,450.14,1.0241,0.1034,0.0,51.18,0.1867,100
7,125,injector_drift,27684.0,0.4987,4378.0,72.6,100.73,862.34,381.72,95.81,27.022,440.78,1.0285,0.1372,0.0,55.97,0.1879,99
7,126,injector_drift,27495.0,0.5021,4422.0,73.0,100.59,852.35,380.64,89.88,27.765,449.8,1.041,0.1279,0.0,45.94,0.1879,98
7,127,injector_drift,27672.6,0.4989,4366.0,74.1,101.29,849.8,378.61,92.96,27.453,438.19,1.2013,0.1091,0.0,57.45,0.1879,97
7,128,injector_drift,27410.9,0.5037,4329.0,74.5,101.36,865.87,373.7,91.5,28.043,445.67,1.246,0.0551,0.0,60.68,0.1965,96
7,129,injector_drift,27214.8,0.5072,4286.0,71.6,98.79,866.56,387.13,94.24,27.173,449.23,0.8612,0.0959,0.0,65.56,0.1967,95
7,130,injector_drift,27085.7,0.5096,4364.0,70.1,103.45,865.15,377.77,91.64,26.98,455.57,1.1377,0.1138,0.0,49.58,0.2057,94
7,131,injector_drift,27009.4,0.511,4190.0,74.6,103.25,860.91,397.44,91.47,27.534,436.68,1.175,0.1074,0.0,53.08,0.2057,93
7,132,injector_drift,26796.9,0.5149,4366.0,63.8,101.55,842.37,368.47,96.43,26.387,489.29,1.0885,0.1134,0.0,59.53,0.209,92
7,133,injector_drift,26589.3,0.5188,4369.0,74.1,100.6,876.36,381.95,93.99,27.361,437.26,1.1951,0.1196,0.0,51.33,0.2158,91
7,134,injector_drift,26724.0,0.5163,4337.0,71.5,100.73,848.49,393.78,94.28,27.59,456.92,1.2626,0.1053,0.0,60.66,0.22,90
7,135,injector_drift,26475.8,0.5209,4344.0,76.6,100.23,871.97,379.09,95.32,27.701,428.16,1.0265,0.1167,0.0,63.16,0.2227,89
7,136,injector_drift,26348.3,0.5233,4275.0,77.3,100.67,886.67,381.9,96.59,27.439,420.08,1.1693,0.1167,0.0,54.51,0.2325,88
7,137,injector_drift,26283.1,0.5245,4433.0,77.3,97.77,871.69,375.98,93.88,27.543,421.67,1.3226,0.1066,0.0,61.87,0.2356,87
7,138,injector_drift,26166.8,0.5267,4330.0,73.0,103.33,870.66,381.62,93.92,27.506,446.07,1.067,0.1576,0.0,55.15,0.2356,86
7,139,injector_drift,26017.5,0.5295,4292.0,70.5,103.01,872.02,376.52,94.1,27.376,459.34,1.1769,0.1137,0.0,68.85,0.2442,85
7,140,injector_drift,26129.4,0.5274,4383.0,71.4,98.85,872.06,367.51,97.14,27.456,454.99,1.1616,0.0796,0.0,63.44,0.2489,84
7,141,injector_drift,25815.2,0.5333,4357.0,74.6,102.71,890.89,378.78,94.84,27.485,435.79,1.2816,0.1603,0.0,59.2,0.2489,83
7,142,injector_drift,25874.1,0.5322,4328.0,68.8,101.44,863.21,364.15,94.47,26.68,459.22,1.3017,0.1089,0.0,56.55,0.2526,82
7,143,injector_drift,25329.2,0.5426,4322.0,77.8,101.28,867.66,380.14,95.92,27.3,415.35,1.2297,0.1451,0.0,65.07,0.2569,81
7,144,injector_drift,25344.7,0.5423,4350.0,72.5,102.38,870.79,370.91,98.86,27.445,447.85,1.2262,0.1143,0.0,70.17,0.2598,80
7,145,injector_drift,24996.8,0.549,4431.0,74.9,99.15,889.64,368.32,95.44,27.755,438.4,1.0984,0.1408,0.0,59.97,0.2648,79
7,146,injector_drift,24792.3,0.553,4378.0,68.0,102.0,869.91,365.91,94.96,27.323,475.63,1.3757,0.1316,0.0,62.57,0.2752,78
7,147,injector_drift,25015.6,0.5486,4348.0,70.5,102.2,879.7,378.76,99.43,26.928,452.33,1.2393,0.1532,0.0,61.21,0.2774,77
7,148,injector_drift,24391.0,0.5608,4401.0,67.4,102.24,883.74,368.64,98.25,26.962,473.33,1.2612,0.1295,0.0,72.92,0.2794,76
7,149,injector_drift,23979.1,0.569,4352.0,76.1,100.18,886.61,366.98,98.04,27.087,421.3,1.3604,0.1219,0.0,55.96,0.2834,75
7,150,injector_drift,24010.6,0.5684,4374.0,72.4,103.04,887.95,364.67,94.78,26.801,437.85,1.313,0.1418,0.0,72.44,0.289,74
7,151,injector_drift,23613.6,0.5763,4359.0,74.5,104.14,893.74,365.37,94.72,27.54,437.33,1.3957,0.1312,0.0,64.76,0.296,73
7,152,injector_drift,23565.6,0.5773,4385.0,72.9,103.37,885.93,377.78,92.42,27.983,454.32,1.3863,0.1028,0.0,67.06,0.3046,72
7,153,injector_drift,23368.2,0.5813,4323.0,74.0,102.42,880.38,358.58,98.02,27.546,440.57,1.3546,0.1294,0.0,65.72,0.3047,71
7,154,injector_drift,23286.4,0.583,4282.0,71.5,107.07,886.33,373.11,96.47,28.155,466.27,1.3921,0.202,0.0,69.6,0.3156,70
7,155,injector_drift,22753.3,0.5939,4404.0,71.7,101.73,883.36,363.25,92.78,27.356,451.24,1.2869,0.1093,0.0,65.07,0.3191,69
7,156,injector_drift,23015.1,0.5885,4440.0,72.0,104.42,907.58,366.29,98.9,27.466,451.71,1.38,0.1522,0.0,74.51,0.3247,68
7,157,injector_drift,22324.9,0.6027,4284.0,73.3,103.84,885.69,367.08,95.99,27.169,438.49,1.502,0.1451,0.0,75.48,0.3331,67
7,158,injector_drift,22353.1,0.6021,4361.0,73.3,106.63,894.99,358.54,96.34,27.443,443.18,1.3585,0.1883,0.0,65.55,0.3385,66
7,159,injector_drift,22085.3,0.6077,4323.0,80.3,104.2,882.62,366.53,93.74,27.526,405.72,1.3731,0.1293,0.0,73.81,0.3385,65
7,160,injector_drift,22015.1,0.6092,4403.0,76.8,104.68,895.34,356.63,97.88,27.196,419.22,1.378,0.1555,0.0,69.27,0.345,64
7,161,injector_drift,21697.0,0.6159,4365.0,66.3,104.74,888.67,360.1,98.08,26.745,477.68,1.4857,0.1699,0.0,72.1,0.3538,63
7,162,injector_drift,21571.1,0.6186,4550.0,71.0,102.6,900.55,353.43,97.14,27.563,459.22,1.6091,0.155,0.0,80.2,0.362,62
7,163,injector_drift,21083.4,0.629,4332.0,70.1,103.12,902.4,354.59,96.59,27.212,459.35,1.5683,0.1461,0.0,70.06,0.3715,61
7,164,injector_drift,20808.3,0.635,4442.0,75.0,104.09,911.18,345.48,102.74,27.611,435.54,1.3584,0.1618,0.0,78.31,0.3742,60
7,165,injector_drift,20676.2,0.6378,4448.0,70.1,106.22,910.64,341.78,95.31,27.72,468.0,1.6189,0.1596,0.0,77.01,0.3859,59
7,166,injector_drift,20500.9,0.6417,4382.0,72.3,105.14,900.51,351.65,96.27,27.069,443.11,1.5317,0.1595,0.0,73.76,0.3859,58
7,167,injector_drift,20198.5,0.6483,4352.0,63.7,104.64,890.77,343.88,99.28,27.232,505.59,1.6291,0.1865,0.0,77.21,0.393,57
7,168,injector_drift,19847.3,0.6561,4356.0,66.1,107.21,894.59,345.47,95.99,27.706,496.29,1.6,0.1783,0.0,77.31,0.4008,56
7,169,injector_drift,19554.3,0.6626,4351.0,76.7,102.34,910.22,340.99,95.95,28.401,438.01,1.5605,0.183,0.0,70.79,0.4065,55
7,170,injector_drift,19230.5,0.6699,4418.0,70.5,103.69,908.85,344.09,100.66,27.903,468.69,1.6647,0.1825,0.0,74.75,0.4198,54
7,171,injector_drift,19010.2,0.6749,4298.0,67.2,101.88,908.0,342.54,99.61,27.478,484.22,1.6351,0.1951,0.0,72.56,0.4198,53
7,172,injector_drift,18962.9,0.676,4340.0,70.7,107.7,905.67,335.37,99.57,27.499,460.14,1.7267,0.2051,0.0,77.31,0.4299,52
7,173,injector_drift,18326.7,0.6906,4333.0,66.7,106.06,922.22,334.5,99.22,27.517,488.38,1.6716,0.1771,0.0,86.57,0.4427,51
7,174,injector_drift,18010.1,0.6979,4246.0,68.8,107.74,900.8,341.44,97.54,28.353,487.5,1.6638,0.2003,0.0,83.06,0.4462,50
7,175,injector_drift,17696.9,0.7052,4402.0,65.2,106.43,908.71,332.03,98.66,27.623,501.71,1.8518,0.1616,0.0,74.09,0.4584,49
7,176,injector_drift,17516.1,0.7095,4414.0,67.0,108.42,908.27,333.72,99.24,27.621,487.98,1.9198,0.1459,0.0,80.93,0.47,48
7,177,injector_drift,16830.7,0.7258,4312.0,67.9,106.75,916.13,335.97,101.13,27.954,486.93,1.8841,0.2281,0.0,83.65,0.472,47
7,178,injector_drift,16816.6,0.7261,4412.0,72.4,107.85,932.59,332.06,100.53,28.056,458.71,1.8248,0.1885,0.0,87.26,0.4838,46
7,179,injector_drift,16653.6,0.7301,4255.0,70.2,107.94,921.97,338.15,98.07,28.041,472.43,1.8592,0.2039,0.0,81.4,0.4962,45
7,180,injector_drift,16123.9,0.7429,4351.0,70.6,108.12,925.87,334.57,101.56,27.883,467.42,1.8731,0.1752,0.0,78.72,0.4989,44
7,181,injector_drift,15908.9,0.7482,4342.0,68.4,110.33,930.97,317.76,96.77,27.713,479.26,2.0249,0.1765,0.0,85.31,0.5065,43
7,182,injector_drift,15872.4,0.7491,4355.0,70.8,105.67,926.79,319.64,99.73,28.461,475.72,1.9288,0.1913,0.0,89.51,0.5185,42
7,183,injector_drift,15277.7,0.7639,4355.0,65.5,108.24,932.13,327.92,98.29,27.002,487.59,2.1007,0.2215,0.0,88.75,0.5287,41
7,184,injector_drift,14561.0,0.7819,4345.0,65.8,108.79,932.48,325.3,98.97,28.009,503.88,2.1012,0.2,0.0,83.68,0.5344,40
7,185,injector_drift,14351.5,0.7873,4327.0,69.0,108.78,924.87,329.33,104.71,27.85,477.5,2.1785,0.2061,0.0,97.62,0.5427,39
7,186,injector_drift,14188.5,0.7914,4343.0,66.8,108.52,932.69,310.42,98.24,27.202,482.03,2.223,0.2029,0.0,89.83,0.5592,38
7,187,injector_drift,13765.9,0.8023,4432.0,67.4,108.41,940.43,311.69,99.62,27.625,485.07,2.1958,0.2423,0.0,91.65,0.5632,37
7,188,injector_drift,13559.6,0.8077,4315.0,66.8,111.87,950.74,315.97,102.58,28.013,496.56,2.0877,0.2407,0.0,88.69,0.5777,36
7,189,injector_drift,13154.9,0.8183,4485.0,70.8,109.67,954.43,308.88,100.77,28.339,473.48,2.2816,0.2159,0.0,98.21,0.5853,35
7,190,injector_drift,13026.4,0.8217,4312.0,70.8,113.81,964.27,314.03,102.32,28.646,478.81,2.2983,0.2438,0.0,96.9,0.6005,34
7,191,injector_drift,12337.6,0.84,4364.0,64.8,111.0,948.99,313.52,104.92,28.323,517.12,2.2692,0.2261,0.0,95.86,0.6032,33
7,192,injector_drift,12117.6,0.846,4384.0,61.2,110.04,942.41,307.06,103.59,27.204,525.81,2.4489,0.2275,0.0,89.51,0.6141,32
7,193,injector_drift,11826.3,0.8538,4332.0,64.2,111.72,950.25,315.65,101.67,28.208,520.11,2.3893,0.2381,0.0,102.2,0.6303,31
7,194,injector_drift,11487.6,0.8631,4433.0,63.4,111.18,950.66,311.58,102.45,28.322,528.37,2.3795,0.2536,0.0,101.0,0.6357,30
7,195,injector_drift,11098.9,0.8738,4383.0,68.4,113.42,954.16,294.49,104.08,28.472,492.39,2.5705,0.2274,0.0,103.66,0.6509,29
7,196,injector_drift,10353.4,0.8946,4338.0,68.5,110.06,964.04,300.83,104.61,28.645,494.88,2.5106,0.2601,0.0,100.21,0.667,28
7,197,injector_drift,10363.8,0.8943,4432.0,62.5,109.15,961.82,300.27,103.42,27.315,517.61,2.5042,0.3006,0.0,99.83,0.6689,27
7,198,injector_drift,9962.8,0.9057,4289.0,63.1,112.86,953.42,302.79,104.47,27.796,521.42,2.5344,0.2599,0.0,100.97,0.6876,26
7,199,injector_drift,9747.2,0.9118,4316.0,60.7,113.93,973.59,292.82,104.77,28.648,558.39,2.6181,0.2614,0.0,114.61,0.7024,25
7,200,injector_drift,9356.3,0.9231,4384.0,65.4,113.34,954.46,291.81,104.04,28.299,512.41,2.6608,0.2617,0.0,101.3,0.7113,24
7,201,injector_drift,8912.4,0.936,4398.0,64.6,114.17,969.23,278.25,103.22,29.291,536.43,2.8103,0.276,0.0,98.99,0.7214,23
7,202,injector_drift,8549.9,0.9466,4369.0,66.9,114.33,984.67,286.36,106.21,28.081,496.58,2.7408,0.2387,0.0,104.41,0.7364,22
7,203,injector_drift,8330.8,0.953,4342.0,65.8,111.61,982.34,276.98,105.54,29.194,524.7,2.7214,0.3084,0.0,104.65,0.748,21
7,204,injector_drift,7923.9,0.9651,4335.0,66.0,114.66,978.27,286.24,101.12,28.389,509.18,2.9621,0.2989,0.0,115.08,0.7642,20
7,205,injector_drift,7414.6,0.9804,4418.0,59.3,116.52,996.34,270.06,103.89,28.624,571.0,2.9408,0.2702,0.0,103.15,0.777,19
7,206,injector_drift,7315.6,0.9834,4364.0,61.9,115.14,981.27,278.01,104.84,28.36,542.48,3.0467,0.2877,0.0,108.32,0.7903,18
7,207,injector_drift,6518.6,1.0078,4298.0,66.4,113.35,974.82,279.19,105.75,28.856,514.37,3.2244,0.2811,0.0,113.62,0.8075,17
7,208,injector_drift,6052.8,1.0223,4294.0,61.7,115.26,996.05,274.69,108.91,28.83,552.78,3.205,0.3036,0.0,120.62,0.8253,16
7,209,injector_drift,5845.5,1.0288,4441.0,58.2,116.86,978.89,261.12,113.13,28.177,572.46,3.3683,0.3021,0.0,118.84,0.8364,15
7,210,injector_drift,5406.5,1.0426,4307.0,65.4,119.19,994.0,267.09,102.17,29.232,529.36,3.322,0.3109,0.0,125.0,0.8545,14
7,211,injector_drift,4707.0,1.0649,4366.0,61.0,113.95,1006.98,269.58,108.02,28.6,554.96,3.4795,0.2906,0.0,120.07,0.8705,13
7,212,injector_drift,4592.3,1.0686,4431.0,65.7,117.66,1002.67,255.07,107.73,29.092,524.02,3.396,0.3042,0.0,118.14,0.8796,12
7,213,injector_drift,4354.1,1.0764,4383.0,62.2,116.18,1013.34,256.85,107.6,27.82,528.89,3.5319,0.3423,0.0,125.1,0.898,11
7,214,injector_drift,3905.4,1.091,4305.0,61.3,118.69,1002.03,254.75,109.33,28.733,555.03,3.5129,0.313,0.0,115.25,0.9121,10
7,215,injector_drift,3408.4,1.1074,4289.0,66.0,119.15,1023.44,262.6,108.81,29.703,532.78,3.5835,0.2747,0.0,114.74,0.9254,9
7,216,injector_drift,3141.4,1.1163,4462.0,57.8,118.46,1003.84,244.28,108.23,29.061,595.31,3.7341,0.3313,0.0,130.17,0.9477,8
7,217,injector_drift,2762.9,1.129,4288.0,65.8,120.09,1034.74,245.65,109.27,29.663,533.71,3.706,0.3864,0.0,127.5,0.9605,7
7,218,injector_drift,2460.7,1.1392,4317.0,59.3,121.39,1022.01,244.86,110.76,29.021,578.74,3.929,0.3617,0.0,133.24,0.9825,6
7,219,injector_drift,1865.7,1.1595,4372.0,61.5,119.73,1041.7,238.51,110.8,29.842,573.89,3.9471,0.3365,0.0,125.2,0.994,5
7,220,injector_drift,1701.1,1.1652,4337.0,61.4,118.55,1027.74,245.92,110.72,29.357,566.23,4.1017,0.3541,0.0,137.97,1.0172,4
7,221,injector_drift,1014.2,1.1891,4384.0,59.3,123.01,1051.74,232.56,109.44,28.903,576.33,4.0414,0.3727,0.0,136.08,1.0303,3
7,222,injector_drift,709.8,1.1998,4262.0,58.1,122.75,1033.65,226.09,116.75,29.525,601.04,4.3271,0.3316,0.0,134.86,1.0557,2
7,223,injector_drift,647.5,1.202,4337.0,59.1,122.75,1030.92,230.76,112.15,29.665,594.01,4.4849,0.3543,0.0,137.47,1.0715,1
8,0,cooling_degradation,52.0,1.2231,4297.0,59.8,96.68,810.97,413.93,88.75,25.651,507.21,0.7456,0.0113,0.0,35.68,0.0233,365
8,1,cooling_degradation,112.5,1.221,4362.0,57.3,96.51,803.01,427.2,87.65,25.147,519.05,0.8853,0.0365,0.0,47.94,0.0233,364
8,2,cooling_degradation,424.2,1.2099,4424.0,63.1,95.21,813.99,412.51,87.57,25.454,477.76,0.84,0.0304,0.0,42.22,0.0233,363
8,3,cooling_degradation,772.6,1.1975,4256.0,52.7,94.15,806.86,421.69,91.85,24.971,560.3,0.8731,0.064,0.0,31.62,0.0233,362
8,4,cooling_degradation,900.0,1.1931,4317.0,58.4,96.11,827.41,404.82,92.0,25.211,511.11,0.8476,0.0541,0.0,36.07,0.0233,361
8,5,cooling_degradation,984.2,1.1901,4245.0,59.7,98.88,816.92,413.97,92.96,25.347,502.06,0.7379,0.0573,0.0,42.99,0.0233,360
8,6,cooling_degradation,1489.6,1.1725,4314.0,63.3,96.16,820.74,417.0,87.98,26.569,496.47,0.875,0.0386,0.0,44.28,0.0253,359
8,7,cooling_degradation,1811.4,1.1614,4354.0,67.6,94.59,810.51,412.25,90.04,26.294,460.16,0.8597,0.0606,0.0,34.37,0.0253,358
8,8,cooling_degradation,2086.7,1.1519,4396.0,60.3,95.52,821.63,413.95,95.36,26.521,520.51,0.8035,0.0292,0.0,42.43,0.0253,357
8,9,cooling_degradation,2246.7,1.1465,4223.0,62.5,94.05,829.93,422.53,89.9,25.931,490.69,0.8176,0.0558,0.0,46.39,0.0253,356
8,10,cooling_degradation,2529.8,1.1369,4383.0,69.5,95.84,827.67,417.09,89.41,26.498,450.98,0.8776,0.0747,0.0,47.42,0.027,355
8,11,cooling_degradation,2795.2,1.1279,4292.0,61.4,96.82,806.16,406.84,90.5,25.428,489.85,0.7543,0.0508,0.0,40.37,0.027,354
8,12,cooling_degradation,2898.8,1.1244,4277.0,63.0,94.76,813.71,412.16,91.6,25.804,485.1,0.9012,0.067,0.0,44.62,0.027,353
8,13,cooling_degradation,2808.6,1.1274,4354.0,58.0,90.91,815.79,414.34,91.57,25.54,521.44,0.8594,0.0186,0.0,47.79,0.027,352
8,14,cooling_degradation,3539.8,1.103,4388.0,67.7,96.23,815.17,409.37,89.31,26.403,461.68,0.8144,0.017,0.0,46.69,0.027,351
8,15,cooling_degradation,3471.0,1.1053,4344.0,59.8,95.04,836.1,413.58,89.37,25.662,507.92,0.9367,0.0646,0.0,46.89,0.027,350
8,16,cooling_degradation,3674.2,1.0986,4284.0,62.9,94.68,813.52,419.07,89.95,26.007,489.58,0.7107,0.079,0.0,43.0,0.027,349
8,17,cooling_degradation,3916.9,1.0906,4344.0,62.9,94.66,817.05,410.97,89.08,25.995,489.03,0.7774,0.0533,0.0,41.96,0.027,348
8,18,cooling_degradation,4693.3,1.0654,4306.0,62.6,96.4,812.43,418.47,88.07,25.728,486.6,0.7596,0.101,0.0,43.79,0.027,347
8,19,cooling_degradation,4624.7,1.0676,4386.0,61.1,95.19,818.37,416.59,94.16,25.601,495.53,0.8429,0.0292,0.0,38.61,0.027,346
8,20,cooling_degradation,4640.0,1.0671,4415.0,63.3,97.2,828.65,412.3,89.73,25.625,479.12,0.9088,0.0445,0.0,47.99,0.027,345
8,21,cooling_degradation,4931.0,1.0578,4411.0,68.0,97.24,820.85,416.43,89.84,26.606,463.24,0.7356,0.0609,0.0,34.78,0.027,344
8,22,cooling_degradation,5270.2,1.0469,4349.0,69.7,95.41,819.02,402.16,89.9,26.154,444.27,1.0786,0.0674,0.0,39.91,0.027,343
8,23,cooling_degradation,5588.2,1.0369,4417.0,62.4,95.1,809.25,407.69,90.44,25.982,492.57,0.7637,0.0474,0.0,42.53,0.0301,342
8,24,cooling_degradation,5784.8,1.0307,4289.0,61.7,96.07,827.16,423.0,91.47,25.746,493.6,0.8456,0.0378,0.0,45.06,0.0301,341
8,25,cooling_degradation,5839.3,1.029,4457.0,60.8,95.66,815.86,404.04,89.67,26.177,509.72,0.8169,0.0714,0.0,46.0,0.0301,340
8,26,cooling_degradation,6261.4,1.0158,4288.0,71.4,93.27,820.83,411.66,92.88,25.593,424.28,0.8204,0.0617,0.0,50.16,0.0301,339
8,27,cooling_degradation,6356.9,1.0128,4228.0,63.8,98.75,799.83,419.91,91.8,26.057,483.02,0.7533,0.0521,0.0,43.1,0.0301,338
8,28,cooling_degradation,6839.9,0.9979,4432.0,66.9,96.96,819.07,410.38,90.22,25.619,453.02,0.9021,0.069,0.0,39.12,0.0301,337
8,29,cooling_degradation,6925.1,0.9953,4307.0,65.8,95.19,816.31,413.5,89.27,26.209,471.42,0.7484,0.0563,0.0,41.99,0.0301,336
8,30,cooling_degradation,7036.0,0.9919,4357.0,70.5,93.07,807.71,424.91,92.81,26.281,441.45,0.677,0.0569,0.0,41.3,0.0322,335
8,31,cooling_degradation,7486.0,0.9783,4288.0,63.2,95.66,826.61,419.01,90.32,25.314,473.92,0.7287,0.0561,0.0,45.5,0.0322,334
8,32,cooling_degradation,7672.3,0.9727,4492.0,60.8,95.07,813.43,401.49,88.18,25.897,504.42,0.9351,0.0436,0.0,37.67,0.0333,333
8,33,cooling_degradation,7775.2,0.9696,4459.0,69.8,95.88,837.39,399.9,92.71,26.393,447.6,0.9195,0.0415,0.0,42.12,0.0333,332
8,34,cooling_degradation,8187.0,0.9573,4443.0,67.0,92.72,832.17,411.79,89.21,26.046,459.81,0.6589,0.0495,0.0,51.11,0.0333,331
8,35,cooling_degradation,8402.3,0.9509,4355.0,65.8,95.26,814.49,408.17,92.4,26.024,467.91,0.8846,0.0606,0.0,43.9,0.0333,330
8,36,cooling_degradation,8718.1,0.9416,4409.0,69.2,95.35,832.88,423.97,85.64,26.332,450.45,0.6609,0.0226,0.0,37.74,0.0333,329
8,37,cooling_degradation,8873.5,0.9371,4347.0,66.2,95.68,833.34,416.73,89.93,26.562,474.58,0.8173,0.0789,0.0,41.3,0.0333,328
8,38,cooling_degradation,8963.5,0.9345,4417.0,69.5,95.62,817.63,413.99,92.99,26.163,445.31,0.7229,0.0604,0.0,31.84,0.0333,327
8,39,cooling_degradation,8969.9,0.9343,4325.0,65.7,96.04,811.91,416.72,90.68,26.463,476.8,0.8907,0.0387,0.0,42.71,0.0333,326
8,40,cooling_degradation,9478.6,0.9195,4445.0,67.8,98.25,803.98,415.97,91.86,26.168,456.96,0.8639,0.0923,0.0,51.24,0.0333,325
8,41,cooling_degradation,9728.4,0.9124,4322.0,66.8,95.19,823.76,401.01,88.86,26.641,472.23,0.8978,0.0608,0.0,37.07,0.0333,324
8,42,cooling_degradation,9910.6,0.9072,4329.0,64.3,94.6,811.71,407.82,91.36,25.882,476.14,0.7959,0.0333,0.0,35.72,0.0333,323
8,43,cooling_degradation,9676.4,0.9139,4322.0,64.8,93.37,823.02,421.6,90.67,25.739,469.99,0.8042,0.0914,0.0,39.73,0.0333,322
8,44,cooling_degradation,10454.1,0.8918,4362.0,64.4,95.22,815.2,422.24,91.17,25.543,469.63,0.7004,0.0874,0.0,47.7,0.0344,321
8,45,cooling_degradation,10439.0,0.8922,4327.0,66.5,93.89,814.55,407.57,94.77,26.094,464.64,0.7379,0.0421,0.0,51.62,0.0344,320
8,46,cooling_degradation,10901.4,0.8793,4379.0,64.4,97.49,815.86,400.97,93.35,25.677,471.72,0.8987,0.0546,0.0,45.57,0.037,319
8,47,cooling_degradation,11275.6,0.8689,4321.0,67.2,95.92,811.35,415.79,92.32,26.724,470.54,0.8522,0.052,0.0,36.9,0.037,318
8,48,cooling_degradation,11203.7,0.8709,4397.0,67.2,97.47,817.26,413.88,92.35,25.815,454.42,0.8311,0.0233,0.0,43.22,0.037,317
8,49,cooling_degradation,11527.7,0.862,4441.0,66.8,98.26,815.63,409.67,88.92,25.859,458.42,0.9238,0.0676,0.0,52.28,0.037,316
8,50,cooling_degradation,11686.3,0.8577,4355.0,66.9,94.76,821.49,412.75,89.8,26.377,466.43,0.7188,0.078,0.0,41.78,0.037,315
8,51,cooling_degradation,11978.8,0.8497,4483.0,64.7,95.53,821.31,395.57,87.67,26.484,484.6,0.8804,0.0742,0.0,44.03,0.037,314
8,52,cooling_degradation,12133.2,0.8455,4418.0,65.6,98.07,812.52,407.6,88.21,26.363,475.26,0.729,0.0619,0.0,44.59,0.0376,313
8,53,cooling_degradation,12257.0,0.8422,4478.0,61.6,96.35,827.87,405.46,88.98,26.251,504.35,0.9415,0.0801,0.0,35.65,0.0376,312
8,54,cooling_degradation,12414.7,0.838,4346.0,66.4,96.98,821.24,409.26,90.79,26.098,465.4,0.8715,0.04,0.0,48.81,0.0424,311
8,55,cooling_degradation,13004.0,0.8223,4250.0,63.9,97.74,833.29,405.84,88.4,25.955,480.83,0.9051,0.0991,0.0,48.09,0.0424,310
8,56,cooling_degradation,13045.2,0.8212,4308.0,67.3,97.54,824.89,417.99,90.77,26.988,474.91,0.7718,0.0473,0.0,33.85,0.0424,309
8,57,cooling_degradation,13317.0,0.814,4314.0,64.9,96.81,822.35,419.37,90.54,26.72,487.05,1.0025,0.0495,0.0,37.17,0.0424,308
8,58,cooling_degradation,13464.4,0.8102,4293.0,61.0,98.28,815.92,410.45,88.58,26.096,506.03,0.9878,0.0512,0.0,38.97,0.0424,307
8,59,cooling_degradation,13762.0,0.8024,4218.0,74.1,96.11,831.28,417.84,93.9,27.034,432.04,0.8624,0.0498,0.0,47.56,0.0424,306
8,60,cooling_degradation,13691.3,0.8043,4411.0,66.7,96.97,822.96,406.31,88.2,26.495,470.0,0.922,0.0589,0.0,40.06,0.0424,305
8,61,cooling_degradation,14047.2,0.7951,4238.0,71.9,95.94,832.13,415.02,93.08,25.978,427.82,0.8038,0.0581,0.0,45.83,0.0424,304
8,62,cooling_degradation,14318.6,0.7881,4406.0,66.0,97.72,835.2,412.54,86.34,26.096,467.57,0.7265,0.0653,0.0,42.91,0.0424,303
8,63,cooling_degradation,14643.6,0.7798,4481.0,72.8,95.16,819.94,408.91,90.56,27.117,440.6,0.8916,0.0464,0.0,44.17,0.0424,302
8,64,cooling_degradation,15056.6,0.7694,4303.0,64.4,93.68,826.59,421.03,88.47,26.303,483.38,0.7551,0.0663,0.0,46.36,0.0431,301
8,65,cooling_degradation,14921.6,0.7728,4373.0,68.5,97.2,828.41,417.4,89.55,26.235,453.31,0.9334,0.0411,0.0,45.24,0.0431,300
8,66,cooling_degradation,14965.0,0.7717,4326.0,64.8,94.68,825.54,412.41,94.48,26.642,486.61,0.9125,0.0776,0.0,43.78,0.0431,299
8,67,cooling_degradation,15087.4,0.7686,4400.0,76.0,94.55,824.01,426.81,90.17,26.857,418.31,0.8474,0.0773,0.0,45.51,0.0431,298
8,68,cooling_degradation,15332.5,0.7625,4278.0,67.5,98.12,820.05,425.04,88.66,26.507,464.46,0.8434,0.0629,0.0,45.0,0.0436,297
8,69,cooling_degradation,15552.4,0.757,4342.0,70.9,97.68,820.35,408.61,91.85,26.555,443.37,0.9082,0.0501,0.0,42.87,0.0436,296
8,70,cooling_degradation,15432.5,0.76,4417.0,69.9,95.73,819.77,409.48,90.17,26.562,450.0,0.8515,0.0694,0.0,41.8,0.044,295
8,71,cooling_degradation,15964.3,0.7468,4347.0,68.5,91.77,818.08,399.61,91.26,26.524,458.05,0.8012,0.0466,0.0,53.71,0.0479,294
8,72,cooling_degradation,16369.9,0.7369,4252.0,70.3,97.14,824.83,416.43,89.13,26.903,453.12,0.7124,0.0651,0.0,42.1,0.0479,293
8,73,cooling_degradation,16469.3,0.7345,4424.0,72.9,97.34,820.92,417.7,89.23,27.113,440.18,0.9102,0.0613,0.0,51.14,0.0479,292
8,74,cooling_degradation,16613.6,0.731,4272.0,70.9,97.11,829.48,431.96,89.38,26.243,437.87,0.8628,0.117,0.0,40.88,0.0479,291
8,75,cooling_degradation,16602.2,0.7313,4355.0,69.5,97.04,825.75,410.42,92.55,26.48,450.83,1.054,0.0398,0.0,48.36,0.0479,290
8,76,cooling_degradation,17194.9,0.7171,4385.0,70.7,96.07,827.23,411.64,90.5,26.917,450.65,0.8259,0.011,0.0,53.23,0.0479,289
8,77,cooling_degradation,17304.7,0.7145,4357.0,75.0,95.73,825.83,414.65,88.86,26.613,420.08,0.8577,0.0516,0.0,42.62,0.0479,288
8,78,cooling_degradation,17415.4,0.7119,4502.0,68.1,94.67,825.13,415.65,91.28,25.729,447.24,0.8596,0.0301,0.0,40.97,0.0479,287
8,79,cooling_degradation,17275.0,0.7152,4394.0,63.9,95.32,820.86,402.98,91.15,25.642,475.12,0.8874,0.0503,0.0,42.32,0.0496,286
8,80,cooling_degradation,17718.5,0.7047,4338.0,66.2,96.85,830.27,427.62,92.14,25.812,461.14,0.758,0.0389,0.0,44.37,0.0496,285
8,81,cooling_degradation,18042.6,0.6971,4386.0,66.6,96.88,820.65,407.36,90.03,25.984,461.97,0.8292,0.0468,0.0,46.07,0.0496,284
8,82,cooling_degradation,18157.3,0.6945,4363.0,67.1,97.56,827.46,403.42,90.84,25.9,456.9,0.9015,0.0436,0.0,44.26,0.0496,283
8,83,cooling_degradation,18373.2,0.6895,4353.0,67.3,94.37,815.0,408.31,91.92,26.637,468.49,0.8132,0.0854,0.0,42.73,0.0537,282
8,84,cooling_degradation,18628.6,0.6836,4365.0,69.9,93.99,832.44,404.75,89.06,26.268,445.03,0.903,0.0651,0.0,54.6,0.0537,281
8,85,cooling_degradation,18729.0,0.6813,4324.0,70.8,95.91,822.72,414.15,92.85,26.938,450.51,0.8475,0.0876,0.0,43.83,0.0537,280
8,86,cooling_degradation,18981.9,0.6755,4363.0,70.8,95.05,820.76,399.1,91.18,25.999,434.41,0.8762,0.0681,0.0,42.07,0.0575,279
8,87,cooling_degradation,18935.1,0.6766,4320.0,68.0,96.91,818.1,411.57,89.0,26.15,454.96,0.9391,0.0866,0.0,49.55,0.06,278
8,88,cooling_degradation,19054.1,0.6739,4236.0,73.3,94.68,820.1,418.87,88.98,26.649,430.32,0.8288,0.062,0.0,49.63,0.06,277
8,89,cooling_degradation,19483.5,0.6642,4418.0,72.0,98.41,825.35,414.68,91.0,26.854,441.38,0.7309,0.0999,0.0,52.46,0.06,276
8,90,cooling_degradation,19687.2,0.6596,4316.0,75.2,95.42,842.8,414.98,90.1,27.182,427.56,0.8257,0.0774,0.0,55.04,0.06,275
8,91,cooling_degradation,19834.2,0.6564,4358.0,73.1,99.03,824.61,417.31,92.71,26.382,426.96,0.781,0.0524,0.0,47.13,0.06,274
8,92,cooling_degradation,19946.1,0.6539,4304.0,69.6,97.43,810.34,407.85,90.63,26.785,455.26,0.677,0.0804,0.0,43.96,0.06,273
8,93,cooling_degradation,20046.3,0.6517,4306.0,74.7,95.07,833.46,413.76,91.81,26.018,412.29,0.8385,0.0685,0.0,35.89,0.06,272
8,94,cooling_degradation,20293.7,0.6462,4288.0,71.7,99.79,820.12,398.94,89.5,26.859,443.47,0.8629,0.0639,0.0,40.71,0.06,271
8,95,cooling_degradation,20484.5,0.642,4407.0,73.3,97.04,836.38,405.67,91.15,26.074,420.75,0.9287,0.0699,0.0,46.44,0.06,270
8,96,cooling_degradation,20657.6,0.6382,4421.0,73.2,96.9,826.42,407.95,93.83,26.78,433.0,0.7559,0.083,0.0,39.49,0.06,269
8,97,cooling_degradation,21145.3,0.6277,4352.0,70.7,96.54,826.38,411.99,90.9,26.906,450.09,0.8541,0.0256,0.0,37.47,0.06,268
8,98,cooling_degradation,20777.1,0.6357,4318.0,71.5,97.42,839.19,400.83,90.15,26.866,444.59,0.9408,0.0619,0.0,46.0,0.063,267
8,99,cooling_degradation,21558.6,0.6189,4248.0,70.9,97.5,834.25,411.4,89.53,25.819,430.98,0.8046,0.0826,0.0,49.55,0.063,266
8,100,cooling_degradation,21044.0,0.6299,4398.0,68.8,95.42,818.3,404.77,91.22,26.171,450.06,0.8935,0.0739,0.0,44.44,0.063,265
8,101,cooling_degradation,21446.7,0.6212,4309.0,65.0,96.38,817.58,408.12,94.08,26.409,480.63,0.9784,0.0464,0.0,50.15,0.063,264
8,102,cooling_degradation,21364.4,0.623,4283.0,69.5,96.89,814.32,416.36,88.53,26.663,454.28,0.7016,0.0215,0.0,48.75,0.063,263
8,103,cooling_degradation,21742.7,0.615,4352.0,72.2,97.59,850.79,407.27,91.16,26.664,436.93,0.8724,0.1029,0.0,51.42,0.063,262
8,104,cooling_degradation,21995.6,0.6096,4330.0,75.0,97.62,824.44,410.26,87.83,25.838,407.9,0.9436,0.0652,0.0,56.54,0.063,261
8,105,cooling_degradation,22003.1,0.6095,4259.0,74.2,96.97,840.3,410.28,90.44,27.15,433.18,0.8225,0.0992,0.0,58.74,0.063,260
8,106,cooling_degradation,22292.4,0.6034,4267.0,71.0,95.89,825.11,419.19,91.79,27.033,450.42,0.9615,0.0848,0.0,49.33,0.063,259
8,107,cooling_degradation,22229.6,0.6047,4370.0,69.9,95.81,820.17,414.49,88.1,26.48,448.3,0.9013,0.053,0.0,43.37,0.063,258
8,108,cooling_degradation,22130.6,0.6068,4311.0,71.5,94.99,830.32,408.33,90.42,26.609,440.54,0.9952,0.0196,0.0,46.2,0.0655,257
8,109,cooling_degradation,22675.4,0.5955,4381.0,69.2,97.68,826.53,423.66,91.9,26.583,454.8,0.9011,0.0606,0.0,53.82,0.0662,256
8,110,cooling_degradation,22727.7,0.5944,4359.0,65.8,95.94,834.62,402.45,91.65,26.777,481.39,1.0068,0.0701,0.0,41.79,0.0695,255
8,111,cooling_degradation,22791.1,0.5931,4413.0,67.6,96.69,836.53,409.64,92.15,26.415,462.34,0.888,0.0811,0.0,53.87,0.0737,254
8,112,cooling_degradation,22939.8,0.59,4300.0,76.4,97.35,829.71,403.53,89.52,26.768,414.39,0.7546,0.0499,0.0,45.78,0.0737,253
8,113,cooling_degradation,23198.9,0.5847,4364.0,78.0,97.0,823.68,410.68,92.05,27.089,411.17,0.8135,0.0757,0.0,47.77,0.0737,252
8,114,cooling_degradation,23150.6,0.5857,4388.0,74.7,97.02,824.32,408.73,90.3,26.742,423.5,0.9474,0.0761,0.0,42.73,0.0752,251
8,115,cooling_degradation,23462.2,0.5794,4312.0,72.4,95.67,814.46,402.28,92.93,26.605,435.09,0.9458,0.0923,0.0,40.15,0.0752,250
8,116,cooling_degradation,23715.6,0.5743,4418.0,68.4,97.42,828.55,402.31,86.88,25.663,443.81,0.8411,0.0664,0.0,45.37,0.0752,249
8,117,cooling_degradation,23976.0,0.5691,4250.0,72.2,96.55,832.54,422.68,90.92,26.804,439.37,1.0103,0.0814,0.0,53.28,0.0752,248
8,118,cooling_degradation,24005.6,0.5685,4300.0,74.6,96.9,824.72,404.06,91.7,27.207,431.71,0.8378,0.0784,0.0,43.27,0.0753,247
8,119,cooling_degradation,23945.3,0.5697,4248.0,75.3,98.77,824.11,413.96,94.21,27.19,427.3,0.9031,0.0901,0.0,54.84,0.0753,246
8,120,cooling_degradation,24084.0,0.5669,4306.0,74.9,97.79,833.92,410.66,91.68,27.141,428.56,0.9009,0.0562,0.0,43.91,0.0753,245
8,121,cooling_degradation,24107.9,0.5665,4341.0,76.6,96.18,829.8,406.65,91.88,26.837,414.75,0.7597,0.0112,0.0,41.44,0.0753,244
8,122,cooling_degradation,24218.9,0.5642,4400.0,78.8,96.82,834.29,393.56,92.26,27.052,406.07,0.8573,0.0679,0.0,48.05,0.0753,243
8,123,cooling_degradation,24538.6,0.5579,4341.0,71.9,99.43,829.56,411.88,94.01,27.052,445.5,1.0566,0.068,0.0,50.17,0.0753,242
8,124,cooling_degradation,24478.8,0.5591,4314.0,81.6,96.76,840.92,407.01,90.89,27.529,399.47,0.802,0.0516,0.0,48.36,0.0825,241
8,125,cooling_degradation,24695.3,0.5549,4257.0,67.1,97.26,827.2,416.42,88.84,26.912,474.35,0.9258,0.0446,0.0,48.18,0.0825,240
8,126,cooling_degradation,24609.5,0.5566,4277.0,70.9,98.26,830.22,409.76,88.51,26.284,438.55,0.7868,0.064,0.0,55.65,0.0849,239
8,127,cooling_degradation,25071.2,0.5476,4369.0,73.9,97.59,820.58,404.18,93.03,26.461,423.62,0.8045,0.0732,0.0,48.11,0.0849,238
8,128,cooling_degradation,24927.1,0.5504,4403.0,75.0,96.71,835.78,404.31,92.14,26.666,420.61,0.766,0.0774,0.0,45.29,0.0849,237
8,129,cooling_degradation,25246.7,0.5442,4325.0,72.9,96.15,835.83,400.06,91.18,26.293,426.88,0.9544,0.0298,0.0,41.97,0.0849,236
8,130,cooling_degradation,25084.1,0.5473,4423.0,72.0,97.27,833.45,410.28,90.54,26.092,428.82,0.8107,0.0407,0.0,54.09,0.0858,235
8,131,cooling_degradation,25180.5,0.5454,4293.0,80.2,98.29,854.24,405.16,92.08,27.297,403.01,0.9818,0.0983,0.0,45.59,0.0858,234
8,132,cooling_degradation,25595.6,0.5375,4327.0,72.0,99.32,836.63,403.17,92.18,26.786,440.43,0.8409,0.0726,0.0,46.27,0.0879,233
8,133,cooling_degradation,25403.0,0.5412,4332.0,70.6,95.14,833.39,412.85,92.72,26.642,446.59,0.8937,0.0763,0.0,53.17,0.0879,232
8,134,cooling_degradation,25360.4,0.542,4442.0,78.8,100.0,842.73,401.07,89.54,27.176,408.22,0.9163,0.0497,0.0,58.18,0.0879,231
8,135,cooling_degradation,25536.4,0.5386,4358.0,76.3,96.97,854.86,401.98,88.27,26.308,407.99,0.7571,0.0769,0.0,49.36,0.09,230
8,136,cooling_degradation,25915.7,0.5314,4242.0,77.1,98.79,840.37,411.68,89.97,26.749,410.58,0.9027,0.0695,0.0,47.42,0.09,229
8,137,cooling_degradation,25994.2,0.5299,4407.0,74.5,96.29,819.24,404.7,89.1,26.665,423.84,0.9144,0.0646,0.0,48.07,0.09,228
8,138,cooling_degradation,25856.8,0.5325,4461.0,69.8,95.04,838.77,397.04,89.05,26.531,449.93,0.9817,0.0486,0.0,46.08,0.0928,227
8,139,cooling_degradation,25965.5,0.5305,4335.0,74.2,95.54,830.87,409.27,95.03,26.2,417.78,0.8162,0.061,0.0,46.73,0.0945,226
8,140,cooling_degradation,26248.4,0.5251,4296.0,69.5,97.01,820.15,398.06,87.36,26.128,445.11,0.8276,0.1178,0.0,46.75,0.0945,225
8,141,cooling_degradation,26430.1,0.5217,4402.0,74.8,98.3,851.76,401.97,92.83,26.643,421.64,0.9457,0.0714,0.0,53.06,0.0945,224
8,142,cooling_degradation,26305.6,0.5241,4468.0,76.1,97.56,850.67,401.9,93.7,27.318,425.05,1.006,0.0941,0.0,48.07,0.0945,223
8,143,cooling_degradation,26480.4,0.5208,4401.0,77.4,97.14,832.23,404.17,93.87,27.078,414.18,0.8456,0.0744,0.0,55.3,0.0945,222
8,144,cooling_degradation,26607.7,0.5184,4253.0,73.9,99.23,830.93,394.11,92.48,27.18,435.21,0.7966,0.0726,0.0,48.08,0.0962,221
8,145,cooling_degradation,26877.1,0.5134,4395.0,76.5,97.66,841.59,398.91,94.65,26.89,416.15,0.8764,0.0674,0.0,47.2,0.1004,220
8,146,cooling_degradation,26456.2,0.5212,4374.0,71.6,98.07,830.77,393.44,95.57,26.645,440.68,0.8207,0.107,0.0,55.42,0.1004,219
8,147,cooling_degradation,26602.8,0.5185,4293.0,77.2,102.43,840.5,411.78,91.48,27.197,416.89,0.9398,0.0888,0.0,49.51,0.1044,218
8,148,cooling_degradation,26698.6,0.5167,4427.0,76.4,97.75,835.45,394.99,92.98,26.877,416.5,0.8216,0.0655,0.0,48.77,0.1044,217
8,149,cooling_degradation,26968.2,0.5118,4376.0,72.0,96.71,835.76,406.93,94.64,26.434,434.61,0.9858,0.0734,0.0,49.57,0.1044,216
8,150,cooling_degradation,26873.8,0.5135,4429.0,76.0,98.48,829.75,389.95,90.36,26.33,409.95,0.925,0.1028,0.0,56.73,0.1044,215
8,151,cooling_degradation,27024.0,0.5107,4286.0,77.7,98.95,849.14,406.16,91.66,26.801,408.08,0.9932,0.0255,0.0,51.21,0.1076,214
8,152,cooling_degradation,27059.0,0.5101,4374.0,74.7,98.29,850.66,399.49,90.9,27.194,430.7,0.7191,0.0885,0.0,55.93,0.1076,213
8,153,cooling_degradation,27102.5,0.5093,4296.0,72.1,98.07,838.89,419.9,93.07,27.204,446.82,0.7723,0.093,0.0,48.51,0.1076,212
8,154,cooling_degradation,27177.9,0.5079,4365.0,75.1,100.06,840.92,406.96,88.36,26.572,418.82,1.0163,0.0673,0.0,55.13,0.1076,211
8,155,cooling_degradation,27373.8,0.5043,4439.0,76.2,99.88,846.83,402.88,95.03,26.258,407.59,0.8555,0.0854,0.0,50.88,0.1076,210
8,156,cooling_degradation,27129.2,0.5088,4264.0,72.1,97.73,840.42,416.53,93.28,27.085,444.44,0.8005,0.0932,0.0,54.37,0.1106,209
8,157,cooling_degradation,27306.0,0.5056,4268.0,71.6,96.96,854.16,405.76,93.41,26.715,441.44,0.9028,0.0588,0.0,54.86,0.1114,208
8,158,cooling_degradation,27197.5,0.5076,4407.0,76.2,98.7,833.14,395.63,87.6,26.442,410.48,0.946,0.1017,0.0,45.74,0.1161,207
8,159,cooling_degradation,27463.2,0.5027,4349.0,77.2,97.08,851.02,397.86,90.24,25.792,395.56,0.914,0.0908,0.0,50.81,0.1161,206
8,160,cooling_degradation,27447.3,0.503,4420.0,81.2,99.42,845.44,397.37,95.32,26.895,392.12,0.9658,0.0821,0.0,55.33,0.1172,205
8,161,cooling_degradation,27682.3,0.4988,4302.0,76.7,98.72,835.2,384.69,91.99,26.83,413.74,0.9551,0.0873,0.0,56.14,0.1173,204
8,162,cooling_degradation,27564.5,0.5009,4353.0,71.1,102.2,860.44,397.85,89.0,26.236,436.44,0.9592,0.1008,0.0,57.27,0.1223,203
8,163,cooling_degradation,27540.0,0.5013,4391.0,80.9,100.43,866.43,397.29,92.89,27.559,403.1,1.0447,0.133,0.0,51.53,0.1223,202
8,164,cooling_degradation,27608.8,0.5001,4363.0,78.0,96.59,844.22,396.43,93.8,26.781,406.46,0.9357,0.0989,0.0,58.7,0.1223,201
8,165,cooling_degradation,27941.5,0.4941,4243.0,68.8,97.47,845.29,393.82,93.55,26.569,456.91,0.9366,0.1035,0.0,47.89,0.1242,200
8,166,cooling_degradation,27482.6,0.5024,4519.0,71.8,95.38,839.44,388.27,92.18,27.69,456.66,1.0043,0.0911,0.0,43.71,0.1242,199
8,167,cooling_degradation,27657.1,0.4992,4363.0,73.4,95.09,841.98,387.45,94.79,26.892,433.63,0.9877,0.1259,0.0,49.97,0.1262,198
8,168,cooling_degradation,27787.6,0.4969,4270.0,77.4,98.65,838.92,410.71,91.26,27.063,413.81,0.8831,0.0606,0.0,57.96,0.1331,197
8,169,cooling_degradation,27715.7,0.4982,4369.0,67.8,96.67,832.92,393.56,93.74,26.494,462.72,0.948,0.0552,0.0,46.55,0.1331,196
8,170,cooling_degradation,27911.7,0.4946,4376.0,74.6,100.95,861.39,382.31,92.94,27.208,431.88,0.9911,0.0931,0.0,44.66,0.1335,195
8,171,cooling_degradation,27854.5,0.4957,4410.0,77.3,100.23,847.69,391.76,92.4,27.321,418.44,0.9091,0.1032,0.0,43.41,0.1335,194
8,172,cooling_degradation,27924.1,0.4944,4406.0,66.4,98.12,843.48,398.16,91.96,26.06,464.2,0.9169,0.0392,0.0,55.9,0.1357,193
8,173,cooling_degradation,27924.1,0.4944,4337.0,77.2,98.06,841.97,397.27,92.03,26.942,413.06,0.8487,0.0907,0.0,44.98,0.1357,192
8,174,cooling_degradation,27909.6,0.4947,4247.0,77.6,100.79,850.32,395.12,92.79,26.864,409.9,0.7306,0.0873,0.0,55.02,0.1364,191
8,175,cooling_degradation,27748.1,0.4976,4378.0,72.4,101.13,834.2,389.99,92.14,26.71,436.42,0.9313,0.1058,0.0,50.64,0.1364,190
8,176,cooling_degradation,27982.6,0.4934,4251.0,71.5,97.17,839.68,398.57,94.2,27.501,455.07,0.9722,0.0996,0.0,48.47,0.1369,189
8,177,cooling_degradation,27704.1,0.4984,4423.0,72.4,96.98,836.73,389.06,91.67,27.07,442.5,0.8746,0.0549,0.0,47.33,0.137,188
8,178,cooling_degradation,27878.2,0.4952,4306.0,67.0,98.2,854.78,389.32,95.95,26.479,467.89,1.0791,0.0706,0.0,53.69,0.1407,187
8,179,cooling_degradation,28060.7,0.492,4388.0,74.0,99.34,834.96,392.19,91.67,27.435,438.66,0.8869,0.0764,0.0,48.98,0.1417,186
8,180,cooling_degradation,28172.0,0.49,4311.0,75.7,97.99,840.15,387.98,94.73,27.12,424.22,1.0485,0.1081,0.0,52.97,0.1444,185
8,181,cooling_degradation,28350.1,0.4868,4320.0,71.3,99.43,831.05,401.19,94.81,26.13,433.46,1.009,0.1008,0.0,55.0,0.1444,184
8,182,cooling_degradation,27935.5,0.4942,4302.0,77.9,101.76,844.19,402.36,93.27,27.855,423.08,1.1545,0.0817,0.0,56.3,0.147,183
8,183,cooling_degradation,27870.0,0.4954,4393.0,75.3,96.85,847.5,384.4,93.2,26.989,424.13,1.0335,0.0986,0.0,58.39,0.1524,182
8,184,cooling_degradation,28076.0,0.4917,4313.0,75.8,98.31,859.39,390.01,91.6,26.18,408.85,0.8759,0.0748,0.0,54.6,0.1531,181
8,185,cooling_degradation,28274.0,0.4882,4396.0,73.8,96.89,848.79,387.61,92.03,26.323,422.17,1.076,0.1369,0.0,48.53,0.1531,180
8,186,cooling_degradation,28217.2,0.4892,4314.0,77.2,97.93,850.8,392.57,93.66,27.649,423.72,1.143,0.1099,0.0,56.84,0.1612,179
8,187,cooling_degradation,27823.7,0.4962,4336.0,78.9,98.75,857.3,393.21,93.13,26.663,400.12,0.8654,0.1141,0.0,57.79,0.1612,178
8,188,cooling_degradation,27947.6,0.494,4352.0,73.8,98.09,848.81,393.65,95.59,27.53,441.69,1.0583,0.1259,0.0,53.6,0.1612,177
8,189,cooling_degradation,28083.7,0.4916,4359.0,77.3,99.97,873.38,393.15,92.32,27.232,417.13,1.076,0.1187,0.0,53.07,0.1612,176
8,190,cooling_degradation,28079.6,0.4916,4295.0,77.3,99.41,849.39,403.07,92.44,27.487,420.9,0.9902,0.099,0.0,66.89,0.1612,175
8,191,cooling_degradation,28013.9,0.4928,4392.0,76.2,99.79,858.28,388.09,90.02,27.057,420.13,0.8258,0.0966,0.0,48.62,0.1676,174
8,192,cooling_degradation,27839.1,0.4959,4334.0,80.0,98.89,863.47,382.84,94.64,27.595,408.3,0.9958,0.126,0.0,57.55,0.1676,173
8,193,cooling_degradation,27973.2,0.4935,4383.0,72.8,99.01,848.29,378.55,94.46,27.079,440.44,0.973,0.1008,0.0,60.31,0.1676,172
8,194,cooling_degradation,28002.4,0.493,4349.0,73.7,98.88,855.61,399.22,95.36,27.0,433.78,1.1472,0.0861,0.0,53.62,0.1702,171
8,195,cooling_degradation,27698.3,0.4985,4385.0,72.6,99.04,849.83,390.58,95.48,26.526,432.5,1.0185,0.1405,0.0,54.52,0.1706,170
8,196,cooling_degradation,28010.7,0.4929,4325.0,77.1,100.13,858.97,391.18,95.05,27.376,420.35,0.9989,0.0834,0.0,53.64,0.1738,169
8,197,cooling_degradation,27931.0,0.4943,4303.0,74.1,96.61,856.08,393.77,95.14,26.326,420.63,0.985,0.0675,0.0,55.65,0.1738,168
8,198,cooling_degradation,27639.9,0.4995,4376.0,72.8,99.92,853.51,388.39,94.7,27.348,444.69,1.058,0.122,0.0,60.14,0.1738,167
8,199,cooling_degradation,27856.8,0.4956,4320.0,79.8,98.27,849.51,392.31,95.06,27.487,407.43,1.0419,0.0883,0.0,54.9,0.1765,166
8,200,cooling_degradation,27804.9,0.4966,4438.0,80.3,99.17,874.79,380.86,89.93,27.634,407.46,0.9826,0.1129,0.0,71.81,0.1807,165
8,201,cooling_degradation,27773.5,0.4971,4354.0,73.8,97.32,861.37,393.59,91.42,26.015,417.04,1.0671,0.1406,0.0,54.01,0.1808,164
8,202,cooling_degradation,27842.9,0.4959,4268.0,70.7,99.21,843.15,387.82,91.16,26.435,442.58,1.0083,0.0777,0.0,63.46,0.1842,163
8,203,cooling_degradation,27563.7,0.5009,4315.0,80.4,100.18,857.33,383.19,96.22,27.264,401.51,0.8455,0.1044,0.0,59.29,0.1842,162
8,204,cooling_degradation,27571.7,0.5008,4290.0,76.2,100.55,846.95,378.96,92.2,27.498,427.31,1.115,0.1362,0.0,57.49,0.1883,161
8,205,cooling_degradation,27080.8,0.5097,4414.0,76.0,98.1,865.69,381.32,92.54,26.844,418.1,1.109,0.1204,0.0,64.37,0.1891,160
8,206,cooling_degradation,27596.6,0.5003,4396.0,75.0,100.49,858.93,391.25,93.8,28.182,444.63,1.0791,0.1031,0.0,49.02,0.1891,159
8,207,cooling_degradation,27532.7,0.5015,4346.0,72.3,101.7,858.78,382.57,91.39,26.909,440.65,1.0374,0.1559,0.0,59.56,0.1937,158
8,208,cooling_degradation,27531.7,0.5015,4367.0,73.4,99.26,852.7,375.89,94.65,26.678,430.12,1.0682,0.1064,0.0,53.9,0.1943,157
8,209,cooling_degradation,27134.3,0.5087,4345.0,76.6,100.14,859.67,386.07,89.73,27.222,420.32,1.1505,0.1178,0.0,55.77,0.1994,156
8,210,cooling_degradation,27363.6,0.5045,4402.0,73.2,97.1,867.44,377.08,91.69,26.722,431.79,1.0408,0.1437,0.0,55.8,0.2024,155
8,211,cooling_degradation,27314.6,0.5054,4381.0,75.8,98.89,871.13,391.11,94.47,26.789,417.98,1.1625,0.1307,0.0,53.49,0.2035,154
8,212,cooling_degradation,27004.6,0.5111,4392.0,74.6,100.64,868.81,387.72,91.59,27.59,437.92,0.9757,0.1375,0.0,50.05,0.2035,153
8,213,cooling_degradation,27199.1,0.5075,4338.0,71.3,101.66,848.02,376.31,96.67,27.197,451.31,1.1073,0.0931,0.0,60.26,0.2035,152
8,214,cooling_degradation,27046.6,0.5103,4312.0,79.3,99.43,863.66,383.63,94.23,27.689,413.14,1.103,0.1366,0.0,58.28,0.2068,151
8,215,cooling_degradation,26656.9,0.5175,4390.0,76.2,104.37,866.02,375.92,96.44,27.813,431.96,1.1851,0.116,0.0,57.27,0.2086,150
8,216,cooling_degradation,26931.8,0.5124,4443.0,75.4,100.91,858.38,370.28,94.95,27.458,431.12,1.0382,0.0986,0.0,62.85,0.2117,149
8,217,cooling_degradation,26659.5,0.5175,4416.0,76.0,98.7,852.79,377.02,94.35,26.898,418.8,1.062,0.12,0.0,61.92,0.2185,148
8,218,cooling_degradation,26451.7,0.5213,4445.0,68.9,102.57,852.6,380.54,92.41,27.19,466.83,1.019,0.1199,0.0,58.48,0.2202,147
8,219,cooling_degradation,26684.6,0.517,4360.0,72.8,98.77,876.83,379.4,96.26,26.687,433.9,1.0852,0.1534,0.0,75.07,0.2202,146
8,220,cooling_degradation,26544.3,0.5196,4292.0,69.6,101.25,854.72,379.37,95.38,26.774,454.96,1.1612,0.125,0.0,65.31,0.2247,145
8,221,cooling_degradation,26687.3,0.5169,4297.0,74.6,99.41,867.45,368.67,98.7,27.247,432.49,1.0007,0.1023,0.0,72.59,0.2263,144
8,222,cooling_degradation,26424.6,0.5218,4433.0,75.1,98.81,866.41,370.87,96.21,27.245,429.22,1.1123,0.0981,0.0,58.42,0.2277,143
8,223,cooling_degradation,26432.7,0.5217,4238.0,74.5,102.44,867.46,386.81,93.88,26.573,421.99,1.2106,0.1192,0.0,62.29,0.2338,142
8,224,cooling_degradation,26309.0,0.524,4440.0,77.6,100.61,867.67,365.35,95.25,27.087,413.14,1.1535,0.0932,0.0,54.85,0.2338,141
8,225,cooling_degradation,26300.6,0.5241,4303.0,69.5,103.62,872.9,387.65,95.56,26.987,459.42,1.172,0.1064,0.0,59.55,0.2356,140
8,226,cooling_degradation,25927.3,0.5312,4465.0,71.6,99.51,867.9,368.32,97.04,26.874,444.41,1.0455,0.1158,0.0,58.28,0.2356,139
8,227,cooling_degradation,26000.9,0.5298,4346.0,75.2,98.75,864.86,378.6,97.4,27.792,437.62,1.1627,0.1129,0.0,76.37,0.2377,138
8,228,cooling_degradation,25859.0,0.5325,4393.0,74.7,100.41,870.37,372.38,94.46,27.836,441.24,1.1767,0.1363,0.0,58.07,0.2392,137
8,229,cooling_degradation,25885.2,0.532,4493.0,69.9,105.55,858.18,362.04,92.43,26.595,450.46,1.1703,0.1082,0.0,60.7,0.243,136
8,230,cooling_degradation,25730.7,0.5349,4330.0,77.4,102.63,877.25,378.82,91.27,27.536,421.28,1.2097,0.0753,0.0,55.14,0.249,135
8,231,cooling_degradation,25503.5,0.5392,4329.0,78.3,102.25,868.84,372.36,92.73,28.21,426.15,1.1766,0.0914,0.0,65.22,0.2505,134
8,232,cooling_degradation,25446.2,0.5403,4308.0,74.9,102.37,868.23,371.47,93.88,27.329,431.6,1.1717,0.1257,0.0,58.31,0.2534,133
8,233,cooling_degradation,25643.7,0.5366,4290.0,69.1,100.81,874.99,362.65,98.13,26.878,460.47,1.1316,0.1151,0.0,67.64,0.2561,132
8,234,cooling_degradation,25039.8,0.5482,4330.0,74.0,105.87,872.09,381.07,98.34,27.714,443.03,1.3149,0.1048,0.0,54.92,0.2652,131
8,235,cooling_degradation,25296.1,0.5432,4317.0,74.5,102.47,872.79,373.97,97.22,27.289,433.4,1.1388,0.1687,0.0,63.26,0.2652,130
8,236,cooling_degradation,25269.7,0.5437,4275.0,72.6,102.32,883.99,382.66,97.76,27.794,452.92,1.2496,0.1461,0.0,54.64,0.2652,129
8,237,cooling_degradation,25062.3,0.5477,4337.0,77.4,103.28,869.45,376.47,93.91,27.338,417.88,1.3841,0.1286,0.0,61.49,0.266,128
8,238,cooling_degradation,25161.3,0.5458,4377.0,73.0,100.02,880.16,376.46,92.39,27.138,440.11,1.3403,0.1361,0.0,62.98,0.2713,127
8,239,cooling_degradation,24894.7,0.551,4296.0,79.6,100.74,888.11,369.62,93.51,28.057,417.26,1.3048,0.1275,0.0,61.85,0.276,126
8,240,cooling_degradation,24698.0,0.5548,4340.0,75.5,101.77,888.57,361.97,91.52,27.551,431.57,1.2925,0.1087,0.0,62.64,0.2794,125
8,241,cooling_degradation,24455.0,0.5596,4434.0,74.0,103.72,896.74,369.34,93.44,27.473,439.56,1.2726,0.1556,0.0,70.36,0.2834,124
8,242,cooling_degradation,24468.2,0.5593,4265.0,75.8,100.29,875.13,374.03,94.66,26.778,417.88,1.2107,0.152,0.0,76.38,0.2834,123
8,243,cooling_degradation,24391.0,0.5608,4466.0,77.6,102.19,874.69,360.0,96.05,27.515,419.58,1.2681,0.0961,0.0,67.4,0.2856,122
8,244,cooling_degradation,24168.5,0.5652,4310.0,75.6,102.21,889.23,373.41,96.17,27.916,436.74,1.3583,0.143,0.0,62.24,0.2948,121
8,245,cooling_degradation,23934.0,0.5699,4362.0,72.7,100.15,888.72,368.17,94.52,27.078,441.06,1.3435,0.1452,0.0,66.86,0.2948,120
8,246,cooling_degradation,23740.4,0.5738,4427.0,70.8,101.79,874.34,366.61,97.07,27.568,460.58,1.3799,0.1325,0.0,64.92,0.2966,119
8,247,cooling_degradation,23822.7,0.5721,4445.0,69.4,103.48,884.77,354.95,94.68,27.323,466.05,1.4258,0.1822,0.0,71.53,0.3009,118
8,248,cooling_degradation,23444.9,0.5797,4378.0,65.4,100.62,902.36,368.91,96.19,26.921,487.48,1.3358,0.1823,0.0,69.21,0.3086,117
8,249,cooling_degradation,23466.6,0.5793,4308.0,73.1,104.98,885.29,366.51,93.95,28.011,453.28,1.3638,0.135,0.0,59.88,0.3086,116
8,250,cooling_degradation,23041.2,0.588,4303.0,71.4,103.56,890.96,373.32,98.35,27.227,451.42,1.1966,0.1381,0.0,73.26,0.3086,115
8,251,cooling_degradation,23397.7,0.5807,4316.0,71.5,103.39,896.33,371.92,96.22,27.261,451.44,1.5301,0.1359,0.0,72.64,0.309,114
8,252,cooling_degradation,23311.0,0.5825,4463.0,75.5,102.94,906.22,362.45,97.58,27.533,431.68,1.3222,0.1311,0.0,75.48,0.3111,113
8,253,cooling_degradation,23013.2,0.5885,4327.0,72.0,101.49,888.22,362.99,93.96,27.469,451.59,1.4297,0.1274,0.0,66.16,0.3194,112
8,254,cooling_degradation,23137.8,0.586,4369.0,77.9,102.33,900.72,364.6,96.87,28.124,427.07,1.3625,0.1579,0.0,70.85,0.326,111
8,255,cooling_degradation,22925.2,0.5903,4287.0,70.5,103.95,881.68,370.27,97.76,26.796,450.09,1.3736,0.1884,0.0,63.84,0.3307,110
8,256,cooling_degradation,22653.4,0.5959,4281.0,69.2,102.43,887.55,367.58,92.53,27.656,473.07,1.3896,0.1802,0.0,69.51,0.3307,109
8,257,cooling_degradation,22421.1,0.6007,4352.0,68.2,103.83,884.55,360.59,99.06,27.299,473.38,1.3246,0.1667,0.0,72.26,0.3363,108
8,258,cooling_degradation,22240.7,0.6045,4331.0,74.1,102.24,876.21,364.51,94.25,27.849,444.71,1.2288,0.1031,0.0,67.19,0.3374,107
8,259,cooling_degradation,22230.9,0.6047,4335.0,75.3,104.41,880.39,355.78,97.29,28.678,450.6,1.5368,0.1157,0.0,72.62,0.3434,106
8,260,cooling_degradation,21977.0,0.61,4261.0,70.0,104.65,895.22,370.7,100.56,27.217,460.12,1.5034,0.176,0.0,72.25,0.349,105
8,261,cooling_degradation,21930.5,0.611,4346.0,68.5,101.42,894.63,347.31,98.89,26.842,463.65,1.3864,0.1871,0.0,69.16,0.349,104
8,262,cooling_degradation,21790.1,0.614,4443.0,76.2,104.16,888.18,351.41,94.15,27.898,433.19,1.517,0.168,0.0,79.06,0.3564,103
8,263,cooling_degradation,21509.2,0.6199,4299.0,67.2,101.76,904.46,355.97,96.77,27.42,482.95,1.5468,0.1508,0.0,70.9,0.3564,102
8,264,cooling_degradation,21553.2,0.619,4404.0,74.5,101.43,888.22,348.13,99.73,28.088,446.25,1.4443,0.1859,0.0,73.33,0.363,101
8,265,cooling_degradation,21198.3,0.6266,4142.0,69.7,103.45,897.87,365.97,95.73,27.253,462.98,1.5476,0.1755,0.0,65.79,0.3681,100
8,266,cooling_degradation,21077.9,0.6291,4302.0,72.5,108.64,894.71,348.73,96.72,27.318,446.03,1.606,0.1843,0.0,76.06,0.3718,99
8,267,cooling_degradation,20768.6,0.6358,4235.0,74.4,105.61,899.87,371.72,96.66,27.154,431.72,1.4104,0.1244,0.0,71.08,0.3718,98
8,268,cooling_degradation,20713.6,0.637,4424.0,72.5,106.65,906.31,340.4,98.67,27.124,442.46,1.5821,0.1698,0.0,78.68,0.3766,97
8,269,cooling_degradation,20915.4,0.6327,4403.0,70.1,105.61,905.22,342.85,94.57,27.38,461.93,1.5854,0.2002,0.0,67.85,0.3822,96
8,270,cooling_degradation,20292.6,0.6462,4288.0,75.1,105.13,908.34,347.19,98.99,27.815,438.13,1.7204,0.1766,0.0,76.97,0.3869,95
8,271,cooling_degradation,20327.7,0.6455,4367.0,71.7,106.24,906.33,350.1,96.56,28.495,470.17,1.6243,0.186,0.0,64.2,0.3901,94
8,272,cooling_degradation,20026.8,0.6521,4422.0,81.8,104.16,898.37,350.78,97.94,27.626,399.61,1.5717,0.1702,0.0,78.93,0.3984,93
8,273,cooling_degradation,19594.3,0.6617,4431.0,65.6,105.8,909.5,347.38,97.52,27.462,495.72,1.581,0.1716,0.0,74.98,0.3984,92
8,274,cooling_degradation,19840.2,0.6562,4326.0,65.4,106.95,892.69,357.67,99.24,27.042,489.16,1.7778,0.1987,0.0,78.19,0.4021,91
8,275,cooling_degradation,19501.4,0.6638,4217.0,73.5,106.25,904.37,349.27,98.0,27.905,449.46,1.5878,0.1573,0.0,73.2,0.4022,90
8,276,cooling_degradation,19459.7,0.6647,4296.0,70.3,107.34,903.33,352.2,101.15,27.445,461.98,1.6981,0.1587,0.0,72.48,0.4136,89
8,277,cooling_degradation,19385.9,0.6664,4396.0,72.7,105.87,911.09,340.65,100.34,28.238,459.77,1.6455,0.1658,0.0,75.44,0.4179,88
8,278,cooling_degradation,19096.8,0.6729,4476.0,66.9,108.44,904.38,337.51,97.03,27.935,494.03,1.7917,0.1797,0.0,79.74,0.4309,87
8,279,cooling_degradation,18933.7,0.6766,4347.0,70.3,105.6,908.67,349.25,101.35,27.68,466.1,1.7956,0.1471,0.0,81.66,0.4309,86
8,280,cooling_degradation,18575.6,0.6848,4314.0,71.4,109.1,923.51,334.05,99.26,28.368,470.24,1.7042,0.194,0.0,80.33,0.4312,85
8,281,cooling_degradation,18631.8,0.6835,4494.0,68.3,106.89,899.64,346.32,99.05,27.927,483.93,1.6877,0.1774,0.0,74.53,0.4357,84
8,282,cooling_degradation,18315.9,0.6908,4374.0,70.5,105.53,911.77,338.93,100.47,28.324,475.3,1.6956,0.1987,0.0,88.68,0.4388,83
8,283,cooling_degradation,17861.9,0.7014,4276.0,65.6,104.49,901.8,333.95,96.82,27.479,495.38,1.6116,0.1411,0.0,81.71,0.445,82
8,284,cooling_degradation,18101.6,0.6958,4343.0,70.8,105.19,919.87,335.15,96.25,28.206,471.36,1.775,0.2022,0.0,77.41,0.4503,81
8,285,cooling_degradation,17962.1,0.699,4410.0,73.9,104.97,910.19,336.56,99.06,27.701,443.79,1.7734,0.2118,0.0,82.65,0.4503,80
8,286,cooling_degradation,17827.5,0.7022,4346.0,65.7,106.5,914.37,333.25,97.99,27.205,489.9,1.7331,0.1968,0.0,82.68,0.46,79
8,287,cooling_degradation,17742.9,0.7042,4398.0,65.4,104.84,904.38,321.67,103.44,28.425,514.07,1.6672,0.19,0.0,80.95,0.4648,78
8,288,cooling_degradation,17344.0,0.7136,4254.0,72.8,108.96,931.2,339.92,97.97,27.596,448.6,1.8637,0.2098,0.0,81.27,0.4749,77
8,289,cooling_degradation,17114.4,0.719,4264.0,65.2,107.17,917.64,334.5,99.58,27.398,497.45,1.8738,0.2179,0.0,87.66,0.4749,76
8,290,cooling_degradation,17009.2,0.7215,4306.0,71.5,107.19,921.97,340.12,99.94,27.206,450.0,1.8882,0.2038,0.0,91.63,0.4777,75
8,291,cooling_degradation,16519.3,0.7333,4333.0,69.1,105.54,928.12,326.94,102.18,27.508,471.21,1.8054,0.2078,0.0,73.57,0.4861,74
8,292,cooling_degradation,16207.2,0.7409,4370.0,67.6,106.25,911.76,344.21,97.83,27.374,479.48,1.9323,0.2304,0.0,90.33,0.4909,73
8,293,cooling_degradation,16190.9,0.7413,4388.0,73.1,104.21,920.68,331.95,96.69,27.853,450.85,1.9024,0.2139,0.0,84.71,0.4957,72
8,294,cooling_degradation,16257.2,0.7397,4498.0,71.4,110.01,926.55,324.2,102.74,28.145,466.56,1.9927,0.1833,0.0,85.98,0.4977,71
8,295,cooling_degradation,15768.5,0.7517,4306.0,69.3,105.68,912.02,334.77,100.29,28.15,480.44,1.8758,0.2273,0.0,92.35,0.5066,70
8,296,cooling_degradation,15738.3,0.7524,4331.0,61.9,105.88,910.13,318.05,101.84,27.102,517.84,2.0606,0.2008,0.0,72.71,0.5109,69
8,297,cooling_degradation,15554.2,0.757,4307.0,70.4,110.2,922.52,325.98,102.07,27.721,465.84,2.1126,0.206,0.0,90.66,0.5176,68
8,298,cooling_degradation,15303.4,0.7632,4415.0,65.0,108.87,919.12,332.75,102.58,28.173,513.2,2.0307,0.21,0.0,93.77,0.5262,67
8,299,cooling_degradation,14872.5,0.774,4418.0,67.4,108.51,927.06,319.68,99.8,28.574,501.66,2.0591,0.2277,0.0,84.05,0.5277,66
8,300,cooling_degradation,14911.8,0.773,4323.0,68.0,109.02,935.86,324.68,99.4,28.454,495.31,2.1147,0.2455,0.0,81.18,0.5349,65
8,301,cooling_degradation,14592.4,0.7811,4474.0,73.5,110.16,942.26,313.24,96.87,27.655,445.02,1.9988,0.2134,0.0,97.08,0.5431,64
8,302,cooling_degradation,14705.2,0.7783,4307.0,67.0,108.95,948.23,332.51,98.94,28.408,501.92,2.0545,0.2486,0.0,80.42,0.5467,63
8,303,cooling_degradation,14413.3,0.7857,4412.0,63.4,106.84,934.99,314.4,101.35,28.508,532.45,2.1606,0.2217,0.0,92.61,0.5613,62
8,304,cooling_degradation,13976.8,0.7969,4437.0,71.9,110.28,940.69,307.08,99.82,27.602,454.14,2.308,0.2464,0.0,95.64,0.5613,61
8,305,cooling_degradation,14090.6,0.7939,4268.0,69.6,109.82,938.24,338.39,98.96,28.575,485.99,2.0527,0.2226,0.0,92.57,0.5621,60
8,306,cooling_degradation,13667.2,0.8049,4385.0,69.6,111.13,942.64,307.51,101.49,28.258,480.6,2.3063,0.211,0.0,94.08,0.5695,59
8,307,cooling_degradation,13153.8,0.8183,4186.0,71.6,107.66,945.62,324.0,104.2,28.182,465.5,2.1816,0.2611,0.0,90.47,0.5755,58
8,308,cooling_degradation,13180.7,0.8176,4399.0,72.2,108.61,951.58,307.68,101.53,28.414,465.5,2.2188,0.2129,0.0,94.71,0.5822,57
8,309,cooling_degradation,13224.7,0.8165,4284.0,64.3,110.54,949.89,312.4,99.59,28.109,517.51,2.3578,0.2147,0.0,89.8,0.5927,56
8,310,cooling_degradation,12642.4,0.8319,4384.0,62.7,108.57,946.24,304.96,104.43,28.303,534.5,2.4279,0.2032,0.0,90.59,0.5943,55
8,311,cooling_degradation,12540.2,0.8346,4395.0,69.3,106.69,959.42,305.91,100.52,28.709,490.61,2.3331,0.2563,0.0,94.47,0.6032,54
8,312,cooling_degradation,12130.5,0.8456,4417.0,65.8,110.79,948.27,311.97,105.25,27.497,494.38,2.4339,0.2644,0.0,87.59,0.6143,53
8,313,cooling_degradation,11937.5,0.8508,4403.0,66.0,111.88,943.63,295.03,101.79,27.855,499.65,2.2737,0.2423,0.0,98.33,0.6161,52
8,314,cooling_degradation,11774.9,0.8552,4353.0,63.0,110.59,945.74,314.64,102.74,28.011,526.08,2.3442,0.2183,0.0,83.98,0.6264,51
8,315,cooling_degradation,11497.3,0.8628,4327.0,68.0,111.62,950.97,314.91,105.65,28.902,502.92,2.2784,0.2378,0.0,98.19,0.6264,50
8,316,cooling_degradation,11369.2,0.8663,4346.0,67.3,111.67,945.18,308.59,100.04,27.18,477.61,2.3862,0.2351,0.0,99.63,0.6371,49
8,317,cooling_degradation,11502.4,0.8627,4283.0,65.6,111.21,949.25,308.43,100.75,27.938,504.35,2.4937,0.2222,0.0,93.86,0.6426,48
8,318,cooling_degradation,11015.1,0.8761,4337.0,61.7,111.66,945.48,304.7,102.41,27.38,524.82,2.5067,0.2362,0.0,92.63,0.6533,47
8,319,cooling_degradation,10916.4,0.8789,4333.0,69.4,113.57,961.89,311.24,102.85,27.915,475.93,2.6403,0.2571,0.0,97.04,0.6565,46
8,320,cooling_degradation,10739.6,0.8838,4303.0,66.4,110.51,964.12,290.74,108.75,28.736,511.9,2.7314,0.2398,0.0,103.77,0.6731,45
8,321,cooling_degradation,10186.0,0.8994,4246.0,68.9,113.12,948.37,308.43,101.69,28.277,485.69,2.5561,0.2578,0.0,102.3,0.6731,44
8,322,cooling_degradation,10003.3,0.9045,4273.0,59.1,110.47,955.04,296.05,101.09,27.011,540.73,2.56,0.22,0.0,96.1,0.685,43
8,323,cooling_degradation,10017.8,0.9041,4161.0,65.5,111.23,979.53,309.88,101.96,28.286,511.26,2.734,0.2911,0.0,102.79,0.6918,42
8,324,cooling_degradation,9582.0,0.9166,4332.0,63.0,114.36,970.04,291.66,104.42,29.038,545.18,2.7659,0.2515,0.0,104.1,0.6977,41
8,325,cooling_degradation,9555.6,0.9173,4372.0,65.2,110.93,971.23,296.33,105.08,27.654,502.16,2.7279,0.2788,0.0,104.51,0.7046,40
8,326,cooling_degradation,9475.0,0.9196,4189.0,67.8,112.72,966.48,289.56,102.94,28.792,502.77,2.8023,0.2691,0.0,99.66,0.7177,39
8,327,cooling_degradation,8777.2,0.9399,4364.0,65.9,116.86,975.3,278.19,104.59,29.129,522.87,2.8293,0.2763,0.0,106.25,0.7274,38
8,328,cooling_degradation,8713.5,0.9418,4343.0,64.8,114.85,972.3,288.75,108.44,28.411,519.26,2.7063,0.2456,0.0,110.06,0.7274,37
8,329,cooling_degradation,8508.1,0.9478,4279.0,64.6,112.43,967.95,299.58,104.8,29.226,535.29,2.7249,0.2557,0.0,108.97,0.7365,36
8,330,cooling_degradation,8229.0,0.9561,4324.0,59.8,112.83,969.27,290.87,105.49,27.921,552.81,2.843,0.258,0.0,108.88,0.7424,35
8,331,cooling_degradation,7986.3,0.9633,4413.0,61.6,113.59,971.77,285.24,108.75,28.896,555.06,2.8574,0.2751,0.0,115.6,0.7488,34
8,332,cooling_degradation,7772.6,0.9697,4292.0,67.6,116.15,969.51,290.93,103.84,29.205,511.52,2.9506,0.3051,0.0,109.42,0.762,33
8,333,cooling_degradation,7612.5,0.9745,4355.0,62.6,112.87,970.03,278.83,103.87,28.435,537.87,2.9505,0.2896,0.0,105.06,0.7697,32
8,334,cooling_degradation,7407.4,0.9807,4371.0,67.4,112.86,982.07,283.56,104.51,28.152,494.47,2.8369,0.2638,0.0,105.34,0.7726,31
8,335,cooling_degradation,7292.9,0.9841,4301.0,66.3,115.89,979.59,277.26,104.69,28.334,505.67,2.8668,0.288,0.0,111.74,0.7874,30
8,336,cooling_degradation,6912.9,0.9957,4410.0,66.3,112.5,985.78,271.9,102.27,27.827,496.38,3.1295,0.287,0.0,104.41,0.7955,29
8,337,cooling_degradation,6850.6,0.9976,4374.0,64.6,113.8,975.8,273.36,106.31,28.918,529.93,3.0437,0.2835,0.0,110.59,0.8016,28
8,338,cooling_degradation,6359.8,1.0127,4335.0,62.1,115.25,995.75,271.63,106.64,28.754,547.56,3.1154,0.2928,0.0,115.25,0.8103,27
8,339,cooling_degradation,6033.6,1.0229,4492.0,62.9,115.64,1009.03,264.46,106.08,28.683,539.87,3.1424,0.312,0.0,119.88,0.8225,26
8,340,cooling_degradation,5932.9,1.026,4411.0,65.1,113.96,1004.5,265.12,107.2,28.781,523.01,3.169,0.2861,0.0,107.44,0.8351,25
8,341,cooling_degradation,5812.3,1.0298,4249.0,56.7,116.66,1002.33,269.5,107.33,28.887,602.93,3.1911,0.2953,0.0,116.15,0.8406,24
8,342,cooling_degradation,5635.9,1.0354,4327.0,66.7,117.24,1005.57,267.14,104.39,29.099,516.43,3.3938,0.3249,0.0,116.25,0.851,23
8,343,cooling_degradation,5489.4,1.04,4498.0,61.3,115.52,1001.0,259.54,107.69,28.452,549.07,3.3131,0.316,0.0,117.19,0.8555,22
8,344,cooling_degradation,5077.0,1.0531,4291.0,62.4,119.27,1002.48,260.42,108.44,28.837,546.57,3.4307,0.3355,0.0,118.67,0.8662,21
8,345,cooling_degradation,4909.2,1.0585,4354.0,62.3,117.61,997.2,264.11,104.38,29.635,562.61,3.4981,0.3424,0.0,118.94,0.8789,20
8,346,cooling_degradation,4763.9,1.0631,4424.0,62.3,115.68,1010.86,254.47,110.58,29.077,552.15,3.4788,0.2876,0.0,126.4,0.8826,19
8,347,cooling_degradation,4203.8,1.0812,4389.0,58.4,119.98,1011.59,257.75,105.47,28.486,577.51,3.5832,0.3249,0.0,126.96,0.8971,18
8,348,cooling_degradation,4050.9,1.0862,4398.0,62.6,117.04,1007.34,250.21,105.88,28.918,546.32,3.5691,0.3122,0.0,132.42,0.9078,17
8,349,cooling_degradation,4259.4,1.0794,4394.0,63.8,118.3,1017.7,259.17,108.73,29.223,541.7,3.7155,0.3009,0.0,122.41,0.9162,16
8,350,cooling_degradation,3733.4,1.0967,4352.0,55.8,117.57,1006.37,258.73,109.62,28.425,602.88,3.7238,0.3124,0.0,121.41,0.9274,15
8,351,cooling_degradation,3442.4,1.1063,4302.0,57.9,119.47,1010.01,247.45,110.29,28.549,583.51,3.7781,0.325,0.0,119.48,0.9368,14
8,352,cooling_degradation,3260.5,1.1123,4376.0,64.4,118.03,1026.3,251.73,110.02,29.165,536.26,3.6651,0.3276,0.0,122.46,0.9451,13
8,353,cooling_degradation,2686.5,1.1316,4326.0,63.7,118.34,1025.13,258.19,108.04,29.767,553.22,3.8022,0.324,0.0,129.42,0.9539,12
8,354,cooling_degradation,2550.0,1.1362,4321.0,62.3,119.08,1022.19,241.57,109.57,29.442,559.15,3.6993,0.34,0.0,131.43,0.9677,11
8,355,cooling_degradation,2255.2,1.1462,4439.0,59.2,118.93,1023.0,233.48,109.02,28.83,575.9,4.0286,0.3937,0.0,131.81,0.9825,10
8,356,cooling_degradation,2229.6,1.147,4327.0,63.3,121.55,1031.4,246.91,110.2,29.62,553.69,3.9141,0.3132,0.0,126.0,0.9925,9
8,357,cooling_degradation,1871.1,1.1593,4452.0,57.4,118.21,1013.87,227.17,110.12,28.946,596.55,3.9577,0.3725,0.0,126.64,0.9993,8
8,358,cooling_degradation,1700.3,1.1652,4365.0,60.5,120.32,1026.43,232.72,109.19,29.303,573.28,3.9398,0.3527,0.0,140.7,1.0102,7
8,359,cooling_degradation,1398.7,1.1756,4340.0,56.9,120.78,1022.96,230.58,109.73,29.087,605.44,4.0992,0.3476,0.0,127.74,1.0212,6
8,360,cooling_degradation,960.7,1.1909,4241.0,60.2,120.74,1037.31,244.1,106.94,28.379,558.26,4.1354,0.3194,0.0,140.0,1.0324,5
8,361,cooling_degradation,1096.6,1.1862,4477.0,57.4,122.72,1047.54,221.21,112.58,27.888,574.71,4.3691,0.3791,0.0,136.16,1.046,4
8,362,cooling_degradation,458.6,1.2086,4350.0,62.7,119.36,1048.3,227.54,111.79,29.559,558.32,4.3601,0.3391,0.0,131.72,1.0598,3
8,363,cooling_degradation,372.8,1.2117,4214.0,61.6,122.85,1043.2,228.81,106.89,29.115,559.73,4.3259,0.3891,0.0,130.83,1.0751,2
8,364,cooling_degradation,43.7,1.2234,4409.0,58.4,120.19,1040.62,229.96,113.14,28.621,579.81,4.2462,0.4081,0.0,133.54,1.0776,1
9,0,bearing_wear,0.0,1.225,4381.0,62.3,95.05,806.56,424.2,90.98,25.569,485.97,0.8649,0.0449,0.0028,38.5,0.0167,269
9,1,bearing_wear,560.2,1.205,4429.0,63.2,94.34,819.69,411.28,89.92,25.578,479.03,0.6909,0.0692,0.0057,44.42,0.0246,268
9,2,bearing_wear,622.8,1.2028,4373.0,64.0,95.41,821.3,407.73,95.04,26.193,484.64,0.728,0.0167,0.0057,39.4,0.0246,267
9,3,bearing_wear,1085.9,1.1865,4370.0,61.6,93.77,815.07,420.31,92.11,26.332,505.55,0.7846,0.0372,0.0057,37.01,0.0246,266
9,4,bearing_wear,1400.5,1.1756,4405.0,59.9,93.83,814.94,409.4,90.45,25.21,497.98,0.9242,0.0486,0.0057,45.06,0.0246,265
9,5,bearing_wear,1877.4,1.1591,4456.0,60.9,93.81,807.31,398.39,91.06,26.186,509.11,0.7638,0.0615,0.0057,38.62,0.0246,264
9,6,bearing_wear,1894.7,1.1585,4344.0,57.3,98.24,814.84,409.09,90.6,25.803,532.71,0.897,0.044,0.0057,43.25,0.0246,263
9,7,bearing_wear,2302.4,1.1446,4381.0,59.2,96.34,805.28,410.92,91.89,25.709,514.12,0.7625,0.0148,0.0057,45.34,0.0246,262
9,8,bearing_wear,2402.0,1.1412,4441.0,61.2,96.64,814.14,412.26,88.79,26.373,509.65,0.8554,0.0121,0.0059,51.8,0.0251,261
9,9,bearing_wear,2953.1,1.1226,4390.0,60.8,95.8,810.85,414.26,93.26,25.671,499.88,0.7386,0.0492,0.0065,36.07,0.0264,260
9,10,bearing_wear,3433.6,1.1066,4230.0,62.0,96.54,824.69,428.61,87.88,25.975,495.61,0.7983,0.0411,0.0065,41.62,0.0264,259
9,11,bearing_wear,3620.1,1.1004,4307.0,57.8,97.54,827.12,415.96,90.94,25.61,524.38,0.7232,0.0324,0.0065,41.82,0.0264,258
9,12,bearing_wear,4258.1,1.0795,4395.0,58.6,96.42,806.23,409.99,88.9,25.635,517.33,0.9301,0.0291,0.007,42.48,0.0276,257
9,13,bearing_wear,4312.7,1.0777,4326.0,64.6,98.28,818.32,423.71,90.64,26.156,479.19,0.759,0.0533,0.007,55.32,0.0276,256
9,14,bearing_wear,4476.7,1.0724,4436.0,59.9,95.75,813.55,416.59,92.53,25.712,507.62,0.6909,0.0767,0.007,41.61,0.0276,255
9,15,bearing_wear,4948.4,1.0572,4461.0,60.6,96.71,820.07,408.19,87.13,25.918,506.26,0.6845,0.0533,0.007,29.88,0.0276,254
9,16,bearing_wear,4982.2,1.0561,4315.0,63.1,96.87,818.37,418.56,90.21,25.613,480.58,0.8078,0.077,0.007,41.49,0.0276,253
9,17,bearing_wear,5402.8,1.0427,4288.0,60.2,94.41,813.05,415.29,87.67,25.451,500.61,0.778,0.0432,0.007,41.89,0.0276,252
9,18,bearing_wear,5660.3,1.0346,4328.0,66.4,95.89,820.04,409.15,89.99,25.814,459.73,0.8665,0.0595,0.007,41.27,0.0276,251
9,19,bearing_wear,6164.7,1.0188,4325.0,59.5,93.15,815.04,428.72,87.75,25.537,507.66,0.7993,0.078,0.0091,39.27,0.0318,250
9,20,bearing_wear,6471.7,1.0093,4442.0,63.5,95.76,831.74,406.18,90.99,26.33,490.88,0.9126,0.0478,0.0098,36.37,0.0331,249
9,21,bearing_wear,6979.3,0.9937,4288.0,61.4,95.53,811.63,418.92,89.81,25.615,493.73,0.7885,0.0515,0.0098,53.78,0.0331,248
9,22,bearing_wear,7100.4,0.99,4395.0,64.3,95.45,821.49,402.72,92.16,26.234,482.98,0.9014,0.0435,0.0098,44.57,0.0331,247
9,23,bearing_wear,7280.6,0.9845,4433.0,62.5,95.34,822.61,414.29,93.12,25.971,491.86,0.7431,0.0628,0.0098,42.02,0.0331,246
9,24,bearing_wear,7979.7,0.9635,4399.0,64.1,96.75,823.02,404.19,90.7,25.787,476.25,0.6998,0.0691,0.0102,53.7,0.034,245
9,25,bearing_wear,7617.8,0.9743,4376.0,68.0,94.66,819.08,422.64,92.47,26.721,465.17,0.7542,0.0581,0.0102,38.72,0.034,244
9,26,bearing_wear,8377.9,0.9516,4340.0,62.4,98.76,829.63,425.15,93.44,26.159,495.93,0.7297,0.0465,0.0102,46.07,0.034,243
9,27,bearing_wear,8716.2,0.9417,4461.0,62.6,96.83,802.05,411.73,88.84,25.874,489.41,0.7208,0.0211,0.0102,36.81,0.034,242
9,28,bearing_wear,8992.3,0.9336,4335.0,63.9,94.77,810.66,415.31,93.55,25.919,480.24,0.8531,0.0501,0.0102,46.81,0.034,241
9,29,bearing_wear,9377.9,0.9224,4407.0,69.4,96.96,827.49,409.91,90.61,26.321,448.79,0.7989,0.0472,0.0102,37.39,0.034,240
9,30,bearing_wear,9627.3,0.9153,4340.0,64.9,97.47,812.88,414.07,88.72,25.4,463.31,0.8314,0.0558,0.0102,45.41,0.034,239
9,31,bearing_wear,9992.1,0.9049,4239.0,69.0,96.54,814.48,421.86,91.28,25.93,444.63,0.8623,0.0534,0.0102,52.82,0.034,238
9,32,bearing_wear,10132.0,0.9009,4334.0,64.9,94.47,816.21,415.23,90.54,26.201,477.43,0.6852,0.0825,0.0102,43.53,0.034,237
9,33,bearing_wear,10307.2,0.8959,4341.0,69.2,99.34,815.8,420.24,87.87,25.638,438.41,0.8656,0.0371,0.0102,32.1,0.034,236
9,34,bearing_wear,10821.4,0.8815,4341.0,67.0,96.97,826.33,408.61,88.5,25.845,456.35,0.7246,0.0196,0.0108,43.34,0.0351,235
9,35,bearing_wear,10975.2,0.8772,4310.0,67.6,94.14,828.77,424.83,93.98,26.023,455.4,0.7749,0.0283,0.0108,45.56,0.0351,234
9,36,bearing_wear,11319.2,0.8677,4388.0,61.8,96.38,819.93,408.78,91.31,27.003,516.96,0.6722,0.0387,0.0124,47.91,0.0378,233
9,37,bearing_wear,11900.4,0.8518,4394.0,61.5,95.74,827.52,406.51,93.72,26.094,501.87,0.8759,0.073,0.0124,50.77,0.0378,232
9,38,bearing_wear,12256.0,0.8422,4332.0,69.7,96.09,812.05,416.29,89.92,26.75,454.51,0.6884,0.0254,0.0124,51.03,0.0378,231
9,39,bearing_wear,12488.2,0.836,4331.0,69.8,94.29,823.81,416.69,89.15,25.997,440.94,0.7275,0.0281,0.0124,42.75,0.0378,230
9,40,bearing_wear,12753.3,0.8289,4287.0,74.0,96.18,836.11,405.92,87.39,26.718,427.18,0.7333,0.0596,0.0124,40.11,0.0378,229
9,41,bearing_wear,12909.7,0.8248,4365.0,62.5,94.82,827.36,409.54,92.69,25.175,477.05,0.8132,0.0683,0.0124,37.81,0.0378,228
9,42,bearing_wear,13342.4,0.8134,4433.0,68.5,95.59,834.39,395.76,91.61,26.117,451.05,0.8122,0.0205,0.0133,40.84,0.0393,227
9,43,bearing_wear,13531.0,0.8084,4433.0,64.1,96.73,816.37,404.44,90.0,26.194,483.24,0.8915,0.0162,0.0143,46.07,0.041,226
9,44,bearing_wear,14055.5,0.7948,4314.0,65.2,95.44,828.92,410.63,89.23,25.485,462.93,0.8182,0.0359,0.0143,36.94,0.041,225
9,45,bearing_wear,13909.5,0.7986,4469.0,66.0,95.72,818.61,408.44,93.07,26.262,470.76,0.9038,0.0647,0.0143,39.05,0.041,224
9,46,bearing_wear,14430.0,0.7852,4328.0,68.8,97.39,828.18,408.99,90.46,26.463,455.04,0.8569,0.0545,0.0143,46.5,0.041,223
9,47,bearing_wear,14419.4,0.7855,4289.0,65.8,94.89,833.02,411.87,90.54,25.862,464.9,0.7536,0.0368,0.0161,40.7,0.0437,222
9,48,bearing_wear,14988.8,0.7711,4268.0,68.1,95.26,817.31,424.04,89.67,25.904,450.31,0.7759,0.0666,0.0161,45.79,0.0437,221
9,49,bearing_wear,14905.1,0.7732,4285.0,70.6,94.35,810.08,427.74,90.06,26.104,437.45,0.9501,0.0543,0.0161,39.86,0.0437,220
9,50,bearing_wear,15254.8,0.7644,4370.0,71.7,95.0,840.23,405.6,91.97,26.313,434.59,0.9275,0.0497,0.0161,45.37,0.0437,219
9,51,bearing_wear,15516.2,0.7579,4335.0,70.5,96.43,828.77,419.02,88.04,26.256,440.78,0.8952,0.0196,0.0161,40.08,0.0437,218
9,52,bearing_wear,16016.0,0.7456,4312.0,69.9,97.19,823.72,416.35,91.04,26.552,449.43,0.9057,0.0364,0.0161,34.43,0.0437,217
9,53,bearing_wear,16298.8,0.7387,4299.0,68.3,95.05,822.69,404.06,92.81,26.04,451.33,0.8675,0.0911,0.0168,48.81,0.0447,216
9,54,bearing_wear,16878.4,0.7247,4285.0,67.1,97.17,806.64,410.46,90.73,26.826,472.85,0.8571,0.0452,0.0168,40.55,0.0447,215
9,55,bearing_wear,16760.1,0.7275,4297.0,70.6,96.42,826.81,396.45,93.0,27.031,453.08,0.8343,0.0328,0.0168,42.78,0.0447,214
9,56,bearing_wear,17150.4,0.7182,4411.0,66.0,94.34,819.99,409.69,93.7,26.232,470.55,0.9729,0.045,0.0213,41.15,0.0511,213
9,57,bearing_wear,17317.0,0.7142,4458.0,69.6,96.68,826.48,398.92,92.83,26.218,445.66,0.7998,0.055,0.0213,47.33,0.0511,212
9,58,bearing_wear,17652.2,0.7063,4462.0,66.2,98.2,824.58,406.0,89.95,25.936,463.83,0.8562,0.0703,0.0213,46.27,0.0511,211
9,59,bearing_wear,17824.0,0.7022,4391.0,69.4,93.58,798.94,424.16,90.95,26.471,451.3,0.7004,0.065,0.0213,47.31,0.0511,210
9,60,bearing_wear,18218.6,0.6931,4320.0,66.5,99.42,828.43,421.83,91.71,26.366,469.14,0.7226,0.0391,0.0213,41.86,0.0511,209
9,61,bearing_wear,18144.5,0.6948,4310.0,68.6,95.5,827.07,408.2,90.08,26.215,452.22,0.9822,0.078,0.0213,44.35,0.0511,208
9,62,bearing_wear,18181.5,0.6939,4395.0,67.9,93.94,827.79,402.47,90.02,26.096,454.77,0.8864,0.0689,0.0213,46.69,0.0511,207
9,63,bearing_wear,18854.9,0.6784,4335.0,67.7,96.65,823.89,419.08,89.92,26.385,461.38,0.8213,0.0438,0.0222,52.44,0.0523,206
9,64,bearing_wear,18762.7,0.6805,4375.0,69.9,97.69,826.87,403.31,96.13,26.407,446.86,0.8446,0.0502,0.0222,46.24,0.0523,205
9,65,bearing_wear,19468.7,0.6645,4466.0,63.1,96.01,824.42,410.73,90.5,25.738,483.06,0.7297,0.0647,0.0222,39.69,0.0523,204
9,66,bearing_wear,19425.6,0.6655,4363.0,65.0,96.94,826.55,426.08,93.21,26.136,475.54,0.8057,0.0744,0.0234,46.18,0.0538,203
9,67,bearing_wear,19585.4,0.6619,4487.0,73.0,99.67,832.16,407.51,89.34,26.326,426.86,0.7234,0.0225,0.0235,44.03,0.0539,202
9,68,bearing_wear,20376.7,0.6444,4282.0,71.1,96.82,829.84,420.66,94.49,26.159,435.15,0.8172,0.0544,0.024,34.92,0.0546,201
9,69,bearing_wear,20196.7,0.6483,4377.0,68.7,100.99,841.25,415.14,90.35,26.31,453.54,0.8958,0.0524,0.0244,35.74,0.0551,200
9,70,bearing_wear,20393.0,0.644,4369.0,73.9,98.46,823.57,405.53,91.24,26.4,422.98,0.8793,0.0418,0.0256,44.76,0.0566,199
9,71,bearing_wear,20759.0,0.636,4291.0,69.1,96.68,824.44,414.16,87.5,26.06,446.04,0.9724,0.042,0.0272,45.36,0.0585,198
9,72,bearing_wear,20988.6,0.6311,4398.0,69.4,97.05,841.24,401.24,93.41,26.791,456.59,0.8694,0.0746,0.0276,43.84,0.059,197
9,73,bearing_wear,21253.8,0.6254,4442.0,68.9,96.22,827.01,411.88,93.92,26.199,449.7,0.6518,0.0647,0.0307,50.05,0.0626,196
9,74,bearing_wear,21096.7,0.6287,4482.0,77.1,97.09,839.79,395.61,88.88,27.584,423.24,1.0062,0.0962,0.0307,40.96,0.0626,195
9,75,bearing_wear,21587.9,0.6182,4375.0,72.2,97.55,830.97,411.7,93.6,26.803,439.17,0.7829,0.0427,0.0307,38.7,0.0626,194
9,76,bearing_wear,21671.5,0.6165,4236.0,72.2,96.27,829.52,420.02,88.71,26.247,430.1,0.8713,0.0578,0.0368,42.1,0.0693,193
9,77,bearing_wear,21782.2,0.6141,4379.0,73.1,94.81,839.7,403.15,92.65,27.095,438.39,0.8665,0.0613,0.0368,43.18,0.0693,192
9,78,bearing_wear,22129.6,0.6068,4395.0,66.3,98.85,832.53,400.98,90.81,25.933,462.95,0.8776,0.073,0.0368,45.94,0.0693,191
9,79,bearing_wear,22049.6,0.6085,4336.0,70.2,98.33,818.05,407.22,94.06,27.242,459.41,0.8622,0.0822,0.0368,42.25,0.0693,190
9,80,bearing_wear,22655.6,0.5959,4363.0,73.4,94.75,833.34,401.53,91.88,26.739,430.94,0.8636,0.0569,0.0368,35.52,0.0693,189
9,81,bearing_wear,22666.4,0.5957,4321.0,72.2,97.13,823.35,409.92,93.25,26.789,439.37,0.7526,0.0332,0.0368,33.39,0.0693,188
9,82,bearing_wear,22828.1,0.5923,4342.0,78.9,98.43,844.86,402.43,93.86,26.988,404.88,1.0653,0.0409,0.0369,46.85,0.0693,187
9,83,bearing_wear,23065.7,0.5875,4411.0,70.8,98.29,844.95,399.16,90.83,26.599,444.85,0.9122,0.0581,0.0382,40.71,0.0707,186
9,84,bearing_wear,23244.7,0.5838,4433.0,75.3,95.88,848.2,406.38,91.36,26.674,419.23,0.8643,0.0778,0.0382,36.34,0.0707,185
9,85,bearing_wear,23621.2,0.5762,4274.0,75.0,98.45,836.45,414.34,89.24,26.385,416.43,1.0107,0.0268,0.0407,49.71,0.0732,184
9,86,bearing_wear,23462.8,0.5794,4319.0,73.1,97.0,828.95,406.6,90.86,26.777,433.59,0.7776,0.0323,0.0407,54.31,0.0732,183
9,87,bearing_wear,23743.7,0.5737,4255.0,73.7,97.59,835.8,401.5,95.34,27.094,434.91,0.9344,0.0711,0.0419,46.22,0.0744,182
9,88,bearing_wear,23939.1,0.5698,4460.0,72.0,95.62,824.83,408.12,93.0,26.102,429.2,0.8205,0.0301,0.0419,48.04,0.0744,181
9,89,bearing_wear,23979.2,0.569,4402.0,67.0,90.64,848.88,401.11,89.42,26.901,475.07,0.8986,0.0336,0.043,48.18,0.0755,180
9,90,bearing_wear,24326.9,0.5621,4230.0,74.1,95.87,843.2,424.79,94.77,26.949,430.58,0.9003,0.0789,0.043,35.23,0.0755,179
9,91,bearing_wear,24355.2,0.5616,4346.0,74.4,97.84,836.24,405.81,92.29,26.553,422.41,0.6795,0.0517,0.043,51.24,0.0755,178
9,92,bearing_wear,24410.5,0.5605,4333.0,74.9,96.73,842.06,408.08,93.17,26.579,419.69,0.7519,0.0502,0.043,52.99,0.0755,177
9,93,bearing_wear,24854.1,0.5518,4305.0,73.5,98.14,830.55,405.15,92.59,27.436,441.98,1.0003,0.0845,0.0485,56.45,0.0807,176
9,94,bearing_wear,25158.0,0.5459,4412.0,76.3,98.87,827.4,403.52,92.49,27.24,422.69,0.8555,0.0362,0.0504,45.23,0.0824,175
9,95,bearing_wear,25080.4,0.5474,4411.0,70.8,96.71,815.84,422.98,87.65,26.995,451.0,1.0358,0.0321,0.0504,41.74,0.0824,174
9,96,bearing_wear,25201.5,0.545,4366.0,77.9,96.6,837.95,402.1,93.88,26.866,408.07,0.9818,0.0902,0.0514,54.29,0.0833,173
9,97,bearing_wear,25338.7,0.5424,4312.0,70.6,93.94,831.98,414.59,87.16,26.751,448.28,0.8593,0.0623,0.0514,49.99,0.0833,172
9,98,bearing_wear,25416.9,0.5409,4312.0,73.3,95.01,840.05,406.71,93.78,26.846,433.22,0.858,0.072,0.056,52.24,0.0874,171
9,99,bearing_wear,25803.3,0.5335,4353.0,75.8,95.33,837.22,411.18,91.95,26.782,418.3,1.0145,0.0522,0.056,44.63,0.0874,170
9,100,bearing_wear,25771.9,0.5341,4323.0,72.3,98.16,839.14,394.05,93.42,26.685,437.06,1.0509,0.0563,0.056,49.22,0.0874,169
9,101,bearing_wear,25557.4,0.5382,4350.0,76.1,96.98,844.87,415.06,92.16,27.334,425.0,0.8669,0.0455,0.0619,43.05,0.0924,168
9,102,bearing_wear,26187.0,0.5263,4383.0,72.9,96.67,825.25,403.62,93.95,27.34,443.8,1.0139,0.0661,0.0627,48.35,0.0931,167
9,103,bearing_wear,26269.6,0.5247,4258.0,74.4,96.5,844.6,406.24,91.89,26.686,424.76,0.9733,0.0763,0.0627,46.64,0.0931,166
9,104,bearing_wear,26332.6,0.5235,4305.0,73.5,96.33,834.19,410.77,92.44,26.215,422.0,0.9885,0.0638,0.0639,60.18,0.094,165
9,105,bearing_wear,25941.3,0.5309,4348.0,72.4,98.88,841.02,404.04,92.69,27.33,446.8,0.9004,0.0811,0.0639,51.21,0.094,164
9,106,bearing_wear,26462.8,0.5211,4444.0,80.9,97.73,850.02,390.93,95.7,27.858,407.37,0.8431,0.0739,0.0677,37.98,0.0972,163
9,107,bearing_wear,26702.3,0.5167,4401.0,71.7,99.06,845.46,385.44,93.14,26.803,442.31,0.8125,0.0397,0.0677,48.74,0.0972,162
9,108,bearing_wear,26726.6,0.5162,4350.0,67.4,94.35,836.8,412.92,89.37,27.114,475.87,0.7972,0.0585,0.0716,50.86,0.1002,161
9,109,bearing_wear,26798.3,0.5149,4374.0,71.9,98.52,840.11,398.87,90.94,26.808,441.07,1.0591,0.0532,0.0756,46.93,0.1033,160
9,110,bearing_wear,26995.9,0.5113,4344.0,74.8,97.01,847.25,398.04,93.26,26.485,419.11,0.9071,0.0773,0.0756,43.78,0.1033,159
9,111,bearing_wear,26973.0,0.5117,4415.0,73.3,97.31,827.37,394.97,94.59,26.235,423.52,0.8146,0.0714,0.0756,52.6,0.1033,158
9,112,bearing_wear,27219.4,0.5072,4376.0,77.5,99.98,835.72,407.39,90.79,26.514,404.67,0.9995,0.067,0.0869,45.24,0.1116,157
9,113,bearing_wear,27146.2,0.5085,4427.0,77.5,97.36,841.06,393.13,96.71,27.041,413.05,0.881,0.0847,0.0869,52.92,0.1116,156
9,114,bearing_wear,27213.7,0.5073,4269.0,73.6,98.68,830.7,407.84,92.58,26.621,427.95,0.8673,0.0272,0.0869,44.82,0.1116,155
9,115,bearing_wear,27410.9,0.5037,4302.0,69.6,96.4,837.17,400.32,93.07,26.333,447.97,1.0848,0.0524,0.0869,47.38,0.1116,154
9,116,bearing_wear,27289.2,0.5059,4366.0,70.8,97.99,837.35,391.55,89.72,26.596,444.55,0.8129,0.0541,0.0869,54.83,0.1116,153
9,117,bearing_wear,27252.7,0.5066,4380.0,74.6,95.65,843.37,403.17,94.54,27.222,431.9,0.9442,0.0706,0.0922,52.83,0.1153,152
9,118,bearing_wear,27482.3,0.5024,4494.0,70.0,97.94,839.93,398.66,91.42,26.387,445.91,0.8781,0.0766,0.0922,50.54,0.1153,151
9,119,bearing_wear,27631.0,0.4997,4242.0,73.7,98.71,851.64,399.86,90.9,26.551,426.62,0.8719,0.0667,0.0981,50.59,0.1194,150
9,120,bearing_wear,27738.3,0.4978,4348.0,79.0,99.87,850.99,397.88,91.81,26.978,403.89,0.8196,0.0414,0.1023,51.45,0.1222,149
9,121,bearing_wear,27792.3,0.4968,4345.0,75.8,96.98,844.24,398.82,95.21,27.347,426.71,0.9415,0.0758,0.1023,47.04,0.1222,148
9,122,bearing_wear,27691.9,0.4986,4364.0,75.0,97.41,841.71,399.96,93.38,26.898,424.56,0.8668,0.0702,0.1023,43.41,0.1222,147
9,123,bearing_wear,27722.1,0.498,4454.0,71.7,97.38,843.72,403.53,90.79,26.866,443.16,0.9944,0.0403,0.1117,54.39,0.1283,146
9,124,bearing_wear,27700.9,0.4984,4403.0,75.4,97.98,845.7,392.33,91.51,27.596,432.95,0.9433,0.0637,0.1117,59.2,0.1283,145
9,125,bearing_wear,27865.3,0.4955,4254.0,74.1,96.92,865.51,399.69,95.39,28.035,447.55,0.9226,0.0772,0.1121,54.59,0.1286,144
9,126,bearing_wear,27616.0,0.5,4442.0,75.6,95.13,834.45,391.2,92.1,27.245,426.25,0.8781,0.1028,0.1121,52.84,0.1286,143
9,127,bearing_wear,27896.1,0.4949,4440.0,77.1,96.91,840.36,385.93,93.78,27.309,419.04,1.0693,0.0494,0.1188,45.91,0.1328,142
9,128,bearing_wear,28346.8,0.4869,4366.0,77.7,98.42,839.62,384.84,94.28,26.653,406.2,1.015,0.0873,0.1201,56.41,0.1336,141
9,129,bearing_wear,27716.7,0.4981,4253.0,75.4,98.27,849.21,401.62,85.83,27.136,426.16,0.9017,0.0499,0.1201,54.43,0.1336,140
9,130,bearing_wear,27984.9,0.4933,4341.0,76.5,99.54,851.39,398.02,95.37,27.114,419.36,0.8629,0.0492,0.1345,56.6,0.1422,139
9,131,bearing_wear,28033.3,0.4925,4378.0,73.5,100.05,844.17,392.41,91.21,27.273,439.42,0.8267,0.0517,0.1402,58.27,0.1456,138
9,132,bearing_wear,28064.0,0.4919,4410.0,78.4,98.12,858.39,390.43,92.19,27.056,408.45,1.0687,0.088,0.1402,61.03,0.1456,137
9,133,bearing_wear,27850.7,0.4957,4244.0,72.3,96.44,851.49,393.44,96.02,26.935,440.67,1.0533,0.0792,0.1429,47.67,0.1471,136
9,134,bearing_wear,28076.9,0.4917,4304.0,74.4,99.55,858.13,396.47,95.93,27.237,433.37,1.0733,0.0722,0.1515,47.23,0.152,135
9,135,bearing_wear,27919.3,0.4945,4416.0,78.7,98.94,862.42,390.37,94.03,28.014,421.2,0.98,0.0877,0.1515,54.42,0.152,134
9,136,bearing_wear,27781.6,0.497,4440.0,73.6,98.56,833.16,390.99,94.5,27.571,443.6,1.0541,0.0793,0.1515,49.07,0.152,133
9,137,bearing_wear,28130.9,0.4907,4376.0,71.0,100.78,854.44,393.27,95.0,27.297,455.18,1.0721,0.0808,0.1518,48.21,0.1521,132
9,138,bearing_wear,28076.3,0.4917,4419.0,73.8,99.74,841.0,390.73,95.99,27.264,437.46,0.9927,0.0744,0.1598,60.19,0.1566,131
9,139,bearing_wear,27816.4,0.4964,4377.0,79.2,99.27,856.14,398.26,96.26,27.127,405.57,0.9707,0.0601,0.1609,49.1,0.1571,130
9,140,bearing_wear,27860.7,0.4956,4408.0,68.2,99.32,848.1,392.23,93.36,26.931,467.61,0.9216,0.1146,0.1612,54.1,0.1573,129
9,141,bearing_wear,27832.4,0.4961,4359.0,75.3,100.49,853.21,393.15,91.78,26.777,421.03,1.0443,0.1112,0.1715,46.49,0.1628,128
9,142,bearing_wear,27646.1,0.4994,4379.0,73.0,98.24,843.17,378.42,92.79,26.877,435.48,1.0591,0.116,0.1755,55.16,0.1649,127
9,143,bearing_wear,27976.5,0.4935,4277.0,74.4,98.08,862.9,399.35,93.66,27.772,441.62,0.9922,0.0758,0.1858,61.23,0.1702,126
9,144,bearing_wear,27947.8,0.494,4393.0,73.9,99.05,844.08,385.39,93.3,27.243,436.49,1.0019,0.073,0.186,61.4,0.1703,125
9,145,bearing_wear,27739.8,0.4977,4275.0,77.8,97.65,862.36,393.57,91.38,27.353,416.24,1.0076,0.0784,0.186,60.56,0.1703,124
9,146,bearing_wear,27743.6,0.4977,4393.0,75.0,99.49,844.89,378.43,94.4,27.262,430.01,1.1006,0.1111,0.1983,55.49,0.1765,123
9,147,bearing_wear,27719.4,0.4981,4324.0,77.9,99.87,858.99,400.97,90.52,27.274,414.49,0.94,0.0928,0.2111,62.0,0.1827,122
9,148,bearing_wear,27689.4,0.4986,4372.0,78.7,99.62,873.97,371.16,93.83,26.497,398.61,0.9615,0.0819,0.2111,58.59,0.1827,121
9,149,bearing_wear,27397.4,0.5039,4293.0,74.9,99.27,877.32,398.25,94.03,26.639,421.04,0.9705,0.1019,0.2186,54.57,0.1863,120
9,150,bearing_wear,27615.8,0.5,4320.0,73.7,102.28,844.87,390.53,93.96,27.32,438.82,1.0454,0.0799,0.2186,58.68,0.1863,119
9,151,bearing_wear,27305.4,0.5056,4372.0,75.9,101.33,854.22,373.16,95.51,26.85,418.9,1.0914,0.0698,0.2277,61.58,0.1906,118
9,152,bearing_wear,27519.4,0.5017,4395.0,76.4,99.77,855.94,395.65,95.25,27.208,421.46,0.9807,0.0995,0.2277,50.51,0.1906,117
9,153,bearing_wear,27189.3,0.5077,4416.0,71.2,100.13,876.28,384.91,98.32,26.459,439.83,1.1458,0.0884,0.2347,52.14,0.1938,116
9,154,bearing_wear,27082.0,0.5097,4281.0,75.3,102.13,860.4,373.88,92.9,26.921,422.97,1.1963,0.1001,0.2412,56.99,0.1968,115
9,155,bearing_wear,27197.1,0.5076,4260.0,73.8,99.32,869.92,385.63,94.6,27.134,435.04,1.1234,0.0496,0.2526,52.06,0.2019,114
9,156,bearing_wear,27114.4,0.5091,4291.0,73.3,98.75,863.45,389.79,94.47,27.472,443.73,1.1801,0.0854,0.2526,51.99,0.2019,113
9,157,bearing_wear,27054.4,0.5102,4286.0,72.4,100.54,851.08,397.1,94.38,27.502,449.46,1.0175,0.1025,0.2531,56.09,0.2021,112
9,158,bearing_wear,26818.2,0.5145,4444.0,72.6,101.04,847.82,374.86,91.69,26.798,437.06,1.0389,0.0784,0.2735,63.95,0.211,111
9,159,bearing_wear,26892.0,0.5132,4430.0,78.2,101.24,861.26,361.57,91.91,27.561,417.32,1.158,0.0809,0.2806,64.13,0.214,110
9,160,bearing_wear,26812.0,0.5146,4290.0,73.2,101.79,882.74,392.82,94.34,26.582,429.47,1.1187,0.1128,0.2859,61.07,0.2163,109
9,161,bearing_wear,26844.6,0.514,4453.0,77.7,99.61,869.75,377.91,91.29,27.463,418.18,1.0632,0.1297,0.2996,60.88,0.222,108
9,162,bearing_wear,26596.1,0.5186,4427.0,74.6,98.59,874.58,362.81,93.77,27.636,438.25,1.2486,0.0978,0.2996,70.41,0.222,107
9,163,bearing_wear,26373.4,0.5228,4252.0,70.8,99.93,853.9,386.15,93.24,27.013,451.66,1.1691,0.1135,0.311,57.7,0.2266,106
9,164,bearing_wear,26152.6,0.5269,4288.0,74.7,101.72,864.93,384.72,93.97,27.806,440.57,1.2048,0.1149,0.3147,61.73,0.2281,105
9,165,bearing_wear,26012.8,0.5296,4250.0,70.5,99.55,872.48,381.3,96.9,27.376,459.57,1.1032,0.091,0.3239,57.92,0.2318,104
9,166,bearing_wear,26175.0,0.5265,4345.0,75.8,98.18,861.34,372.62,92.59,27.475,428.86,1.3038,0.1496,0.3373,54.9,0.2371,103
9,167,bearing_wear,26126.2,0.5274,4351.0,73.3,101.52,870.35,371.94,96.67,27.161,438.46,1.1789,0.1289,0.3616,68.1,0.2464,102
9,168,bearing_wear,25750.7,0.5345,4351.0,76.4,100.46,865.39,373.65,93.79,27.235,421.69,1.2729,0.1291,0.3616,60.65,0.2464,101
9,169,bearing_wear,25796.1,0.5337,4228.0,78.1,98.78,880.33,383.48,94.08,26.972,408.71,1.1497,0.1416,0.3671,65.84,0.2485,100
9,170,bearing_wear,25601.7,0.5374,4264.0,68.5,101.57,873.08,383.5,95.99,26.478,457.3,1.2204,0.1062,0.3788,61.53,0.2529,99
9,171,bearing_wear,25602.1,0.5374,4366.0,72.3,100.89,877.23,360.82,94.51,27.619,452.25,1.2515,0.1558,0.3788,68.99,0.2529,98
9,172,bearing_wear,25487.3,0.5395,4387.0,70.0,104.13,878.94,373.04,93.4,27.71,468.76,1.3816,0.1632,0.3957,58.33,0.2591,97
9,173,bearing_wear,24877.1,0.5513,4229.0,80.0,101.91,876.4,381.34,94.55,27.293,403.82,1.2006,0.1495,0.4113,69.64,0.2647,96
9,174,bearing_wear,25228.0,0.5445,4273.0,72.1,102.68,882.63,376.95,91.77,27.285,447.79,1.2556,0.1571,0.4154,68.42,0.2661,95
9,175,bearing_wear,24963.7,0.5496,4411.0,69.4,101.86,869.33,365.95,96.16,26.479,451.47,1.2957,0.1443,0.4255,55.3,0.2697,94
9,176,bearing_wear,24695.5,0.5549,4277.0,80.0,101.04,884.64,383.39,89.22,27.358,404.73,1.1385,0.1692,0.4294,61.81,0.2711,93
9,177,bearing_wear,24545.6,0.5578,4349.0,71.0,101.33,860.62,378.3,97.31,27.333,455.52,1.0919,0.1401,0.4455,70.01,0.2767,92
9,178,bearing_wear,24468.5,0.5593,4271.0,68.2,103.75,869.68,371.42,96.82,26.866,465.91,1.1937,0.1585,0.4542,73.36,0.2797,91
9,179,bearing_wear,24227.5,0.5641,4400.0,69.5,103.5,896.97,364.91,98.99,26.419,449.57,1.3756,0.1682,0.483,69.62,0.2894,90
9,180,bearing_wear,23998.4,0.5686,4229.0,73.4,100.29,886.51,377.54,100.27,28.122,453.66,1.4506,0.1721,0.5006,64.59,0.2952,89
9,181,bearing_wear,23865.5,0.5713,4332.0,73.0,100.79,887.57,374.45,97.89,27.412,444.52,1.2543,0.1995,0.5179,62.24,0.3009,88
9,182,bearing_wear,23645.0,0.5757,4406.0,70.2,100.87,874.72,358.13,94.76,26.826,451.96,1.2308,0.2219,0.5179,69.91,0.3009,87
9,183,bearing_wear,23829.1,0.572,4387.0,71.2,104.28,873.28,357.54,100.38,27.38,455.08,1.4538,0.177,0.5213,65.05,0.302,86
9,184,bearing_wear,23458.5,0.5795,4322.0,72.7,100.21,881.63,367.91,93.74,27.403,445.94,1.2972,0.1927,0.5348,65.65,0.3063,85
9,185,bearing_wear,23607.7,0.5765,4308.0,76.4,104.08,885.9,359.54,92.4,27.84,431.03,1.3228,0.1709,0.5469,66.79,0.3101,84
9,186,bearing_wear,23142.0,0.5859,4336.0,73.4,103.61,901.26,352.36,100.0,27.368,441.45,1.482,0.2122,0.562,72.74,0.3148,83
9,187,bearing_wear,22988.1,0.589,4273.0,70.6,103.39,894.07,361.16,97.62,27.484,460.84,1.4857,0.1875,0.5822,77.93,0.321,82
9,188,bearing_wear,22550.8,0.598,4344.0,71.5,102.68,889.22,363.39,92.85,27.821,460.61,1.4815,0.27,0.6119,74.84,0.3301,81
9,189,bearing_wear,22484.4,0.5994,4345.0,74.4,105.19,890.35,370.14,93.89,27.091,431.08,1.2702,0.1738,0.6123,69.76,0.3302,80
9,190,bearing_wear,22332.2,0.6026,4325.0,77.0,103.84,899.47,355.72,97.91,27.534,423.19,1.3351,0.2612,0.6471,66.15,0.3405,79
9,191,bearing_wear,22026.7,0.609,4410.0,68.5,101.63,879.94,353.89,95.19,27.661,477.61,1.5422,0.2446,0.6677,74.52,0.3465,78
9,192,bearing_wear,21850.7,0.6127,4286.0,75.1,102.04,878.81,361.44,95.51,27.504,433.49,1.4834,0.2044,0.6743,79.68,0.3484,77
9,193,bearing_wear,21778.5,0.6142,4248.0,70.7,101.58,899.7,357.07,101.06,27.456,459.62,1.4186,0.2824,0.7025,77.09,0.3564,76
9,194,bearing_wear,21573.5,0.6185,4318.0,66.6,105.84,892.31,353.06,101.42,27.058,480.45,1.4533,0.2174,0.7025,73.11,0.3564,75
9,195,bearing_wear,21096.1,0.6288,4357.0,65.9,106.31,882.04,356.54,97.53,27.059,485.62,1.5849,0.2358,0.7214,70.11,0.3617,74
9,196,bearing_wear,21125.5,0.6281,4344.0,75.3,106.01,882.15,346.65,97.09,27.613,434.0,1.6405,0.2253,0.7492,74.97,0.3694,73
9,197,bearing_wear,20949.3,0.6319,4341.0,75.5,104.31,907.42,348.35,99.3,27.341,428.35,1.5343,0.2551,0.7699,79.52,0.375,72
9,198,bearing_wear,20558.3,0.6404,4282.0,69.4,102.6,895.03,353.01,96.56,27.69,472.49,1.5071,0.2684,0.8043,75.74,0.3842,71
9,199,bearing_wear,20320.8,0.6456,4291.0,70.3,103.16,902.88,355.72,93.22,27.988,471.11,1.54,0.286,0.8043,74.06,0.3842,70
9,200,bearing_wear,20265.7,0.6468,4321.0,65.5,103.39,896.38,342.21,92.27,27.222,492.03,1.6862,0.3253,0.8254,71.64,0.3898,69
9,201,bearing_wear,19585.7,0.6619,4316.0,73.0,105.0,903.56,349.46,97.79,28.148,456.42,1.7063,0.2756,0.8532,88.68,0.397,68
9,202,bearing_wear,19741.4,0.6584,4416.0,70.5,107.26,898.87,336.66,99.8,27.439,460.66,1.6301,0.2369,0.8712,71.69,0.4017,67
9,203,bearing_wear,19753.0,0.6582,4366.0,65.8,107.36,901.63,342.0,98.15,27.149,488.33,1.5858,0.3109,0.8888,71.63,0.4061,66
9,204,bearing_wear,18882.5,0.6778,4318.0,70.9,104.76,911.15,351.82,99.9,27.869,464.93,1.7389,0.2975,0.9198,78.08,0.4139,65
9,205,bearing_wear,19156.9,0.6716,4416.0,66.0,102.3,903.4,340.52,100.24,27.606,494.78,1.8035,0.3545,0.9477,76.87,0.4209,64
9,206,bearing_wear,18874.0,0.678,4377.0,71.7,104.2,908.3,350.87,101.42,27.772,458.13,1.5931,0.3337,0.9944,84.02,0.4323,63
9,207,bearing_wear,18332.9,0.6904,4269.0,66.7,107.72,913.3,345.83,99.02,27.785,493.06,1.6908,0.3192,0.9944,84.19,0.4323,62
9,208,bearing_wear,18380.5,0.6893,4155.0,70.8,106.57,918.32,355.74,99.42,27.286,455.98,1.8369,0.3303,1.0405,73.82,0.4433,61
9,209,bearing_wear,18203.9,0.6934,4270.0,67.7,105.88,904.03,347.52,98.95,27.521,480.99,1.7759,0.3751,1.0744,76.84,0.4513,60
9,210,bearing_wear,17626.0,0.7069,4386.0,62.4,105.8,910.56,336.67,98.54,27.716,525.31,1.7353,0.3592,1.0802,76.36,0.4526,59
9,211,bearing_wear,17442.8,0.7112,4403.0,72.4,105.56,913.58,326.32,96.09,28.344,463.37,1.8188,0.4081,1.1197,85.48,0.4617,58
9,212,bearing_wear,17296.8,0.7147,4250.0,72.4,105.08,919.63,339.83,101.74,28.323,462.85,1.8594,0.387,1.1542,84.4,0.4696,57
9,213,bearing_wear,17181.2,0.7174,4390.0,67.6,110.15,929.99,329.13,98.75,28.128,492.71,1.7611,0.43,1.1832,80.99,0.4761,56
9,214,bearing_wear,16692.7,0.7291,4387.0,69.8,109.77,923.86,327.91,98.76,27.727,470.04,1.8788,0.3841,1.2107,84.48,0.4822,55
9,215,bearing_wear,16504.5,0.7337,4434.0,70.2,106.09,939.57,329.06,98.66,27.233,459.35,1.9174,0.3852,1.2332,78.21,0.4872,54
9,216,bearing_wear,16145.9,0.7424,4407.0,70.1,104.97,926.49,318.72,97.29,27.848,470.04,1.887,0.4558,1.2854,81.15,0.4985,53
9,217,bearing_wear,15981.9,0.7464,4431.0,73.7,107.97,926.16,320.19,99.89,28.439,456.42,1.8787,0.4374,1.3055,78.76,0.5028,52
9,218,bearing_wear,15865.6,0.7493,4379.0,69.7,107.71,927.23,320.38,101.26,28.29,480.58,1.9279,0.4567,1.3467,86.77,0.5116,51
9,219,bearing_wear,15452.7,0.7595,4377.0,67.2,109.07,929.07,323.56,98.98,27.64,486.78,1.9212,0.4563,1.3854,87.48,0.5197,50
9,220,bearing_wear,15109.3,0.7681,4330.0,69.4,109.66,933.78,321.09,102.67,27.631,471.12,2.1011,0.4727,1.4328,82.73,0.5295,49
9,221,bearing_wear,14882.1,0.7738,4399.0,66.7,106.89,924.35,316.01,100.08,27.546,488.84,1.9933,0.5279,1.4874,90.76,0.5406,48
9,222,bearing_wear,14488.9,0.7837,4270.0,64.6,110.57,929.39,327.49,97.75,27.553,504.51,2.0872,0.5149,1.4875,93.94,0.5406,47
9,223,bearing_wear,14179.9,0.7916,4342.0,71.3,108.39,931.13,318.54,103.77,27.45,455.39,2.0794,0.5142,1.5399,84.45,0.5511,46
9,224,bearing_wear,14227.7,0.7904,4382.0,69.1,109.92,944.85,318.55,101.49,27.879,477.27,2.0659,0.5583,1.5583,88.3,0.5548,45
9,225,bearing_wear,14009.0,0.796,4434.0,61.8,109.03,921.34,306.11,103.17,27.729,531.09,2.2943,0.6003,1.6467,94.05,0.5721,44
9,226,bearing_wear,13208.9,0.8169,4321.0,65.2,110.92,940.62,312.74,103.3,27.888,506.43,2.1894,0.5832,1.6685,91.83,0.5763,43
9,227,bearing_wear,13277.4,0.8151,4408.0,69.3,106.19,930.97,324.25,99.78,28.072,479.11,2.1741,0.6211,1.7083,85.69,0.5839,42
9,228,bearing_wear,13029.6,0.8216,4338.0,62.2,111.07,945.18,309.55,100.83,27.535,523.73,2.2026,0.6015,1.7604,91.23,0.5937,41
9,229,bearing_wear,12427.9,0.8376,4409.0,64.5,108.95,941.65,295.91,104.12,27.75,509.18,2.3245,0.6525,1.8089,91.87,0.6027,40
9,230,bearing_wear,12246.1,0.8425,4302.0,74.6,110.49,936.79,314.79,105.86,28.385,450.4,2.3878,0.6583,1.8443,93.98,0.6092,39
9,231,bearing_wear,11935.8,0.8509,4394.0,65.4,112.6,957.58,301.23,102.61,28.394,513.42,2.4796,0.6723,1.9264,95.54,0.6242,38
9,232,bearing_wear,12011.3,0.8488,4344.0,69.5,109.73,933.64,308.02,101.38,28.383,483.09,2.3937,0.7466,1.9692,104.69,0.6318,37
9,233,bearing_wear,11676.3,0.8579,4279.0,70.6,109.74,956.23,307.52,106.2,29.75,498.52,2.4266,0.7329,2.0248,96.71,0.6417,36
9,234,bearing_wear,10991.0,0.8768,4341.0,63.2,110.74,959.46,307.32,101.68,27.925,522.6,2.4753,0.7285,2.0544,89.63,0.6469,35
9,235,bearing_wear,10609.4,0.8874,4429.0,66.6,110.89,968.73,297.28,103.79,28.469,505.87,2.5152,0.7634,2.1093,99.53,0.6564,34
9,236,bearing_wear,10642.0,0.8865,4289.0,71.8,110.27,950.02,301.43,102.51,28.523,470.03,2.4859,0.7739,2.1777,108.87,0.6682,33
9,237,bearing_wear,10303.9,0.896,4261.0,66.9,112.32,959.1,308.78,104.16,28.261,500.26,2.715,0.7997,2.2531,100.45,0.6809,32
9,238,bearing_wear,10103.8,0.9017,4374.0,72.4,112.64,976.71,281.26,101.91,29.385,480.26,2.6366,0.8371,2.3086,99.93,0.6902,31
9,239,bearing_wear,9451.8,0.9203,4249.0,63.2,113.24,974.09,291.68,103.18,28.632,535.81,2.7035,0.855,2.3477,101.17,0.6967,30
9,240,bearing_wear,9411.4,0.9215,4444.0,70.4,111.7,981.96,282.3,102.97,28.011,471.03,2.7543,0.8851,2.4383,106.95,0.7115,29
9,241,bearing_wear,8884.1,0.9368,4442.0,64.9,111.64,990.7,276.14,105.67,27.993,510.7,2.7758,0.9413,2.4736,103.0,0.7172,28
9,242,bearing_wear,8777.0,0.9399,4412.0,63.7,113.17,968.12,282.81,104.9,28.317,526.33,2.711,0.9324,2.5469,98.02,0.7289,27
9,243,bearing_wear,8366.5,0.952,4349.0,66.4,113.32,979.49,282.95,106.61,28.376,505.69,2.846,0.9658,2.6318,103.45,0.7423,26
9,244,bearing_wear,8344.6,0.9526,4450.0,64.0,113.52,974.1,285.96,103.34,27.859,515.27,3.0585,0.9806,2.6775,107.12,0.7494,25
9,245,bearing_wear,7812.9,0.9685,4431.0,63.9,113.1,963.64,278.39,104.81,28.545,528.68,3.0527,1.0123,2.7545,111.2,0.7613,24
9,246,bearing_wear,7383.9,0.9814,4318.0,65.4,115.13,983.67,279.86,106.86,27.906,504.69,3.0183,1.1135,2.8794,107.32,0.7803,23
9,247,bearing_wear,7135.9,0.9889,4436.0,58.4,113.49,967.34,270.95,107.55,28.324,574.07,3.0235,1.131,2.9533,109.74,0.7914,22
9,248,bearing_wear,6783.4,0.9997,4295.0,61.2,115.09,983.77,271.35,103.23,28.788,556.25,2.9379,1.1836,3.0519,112.76,0.806,21
9,249,bearing_wear,6307.6,1.0143,4338.0,65.6,114.98,979.8,279.7,106.88,29.131,525.21,3.1034,1.21,3.096,109.23,0.8124,20
9,250,bearing_wear,6451.0,1.0099,4242.0,66.3,115.71,998.18,284.12,104.88,28.807,514.38,3.1922,1.2227,3.1839,113.8,0.8251,19
9,251,bearing_wear,6082.7,1.0213,4359.0,64.2,117.78,989.59,261.98,108.52,29.379,541.55,3.2166,1.2902,3.2532,117.49,0.8351,18
9,252,bearing_wear,5496.2,1.0398,4332.0,63.8,114.33,983.95,278.14,110.66,28.924,536.64,3.2746,1.2866,3.3374,110.3,0.847,17
9,253,bearing_wear,5306.7,1.0458,4323.0,64.0,113.13,1008.86,261.92,102.04,29.2,539.99,3.4169,1.331,3.4544,119.24,0.8634,16
9,254,bearing_wear,5187.8,1.0496,4340.0,65.5,116.18,1001.02,257.99,106.24,28.707,518.76,3.3514,1.4085,3.5585,113.55,0.8777,15
9,255,bearing_wear,4743.2,1.0638,4315.0,58.2,115.62,1001.23,264.54,108.31,29.21,594.34,3.5045,1.4427,3.6419,114.67,0.8891,14
9,256,bearing_wear,4188.7,1.0817,4353.0,60.7,113.04,1000.0,261.7,107.94,28.785,560.82,3.512,1.4718,3.7041,117.46,0.8975,13
9,257,bearing_wear,3898.0,1.0912,4427.0,61.9,120.61,1021.36,251.08,110.17,29.544,565.1,3.5288,1.5497,3.8327,129.15,0.9147,12
9,258,bearing_wear,3329.5,1.11,4286.0,62.5,119.09,1016.89,254.63,108.66,29.531,559.08,3.7802,1.568,3.9099,114.66,0.9249,11
9,259,bearing_wear,3378.8,1.1084,4402.0,55.4,119.61,1009.63,255.23,107.74,28.719,613.27,3.7767,1.6276,4.0266,122.29,0.9401,10
9,260,bearing_wear,3124.1,1.1169,4363.0,57.8,118.69,1004.81,242.8,107.16,28.991,593.56,3.7475,1.7229,4.1819,126.28,0.9601,9
9,261,bearing_wear,2799.7,1.1277,4372.0,61.3,119.9,1043.26,244.6,106.94,28.99,559.21,3.8791,1.723,4.2275,132.77,0.9659,8
9,262,bearing_wear,2391.6,1.1415,4348.0,64.3,119.26,1045.88,251.96,108.32,28.995,533.95,3.8435,1.8226,4.4235,138.89,0.9905,7
9,263,bearing_wear,2013.3,1.1544,4307.0,59.8,121.35,1041.53,234.06,108.88,29.327,580.45,3.9489,1.8233,4.5033,127.93,1.0004,6
9,264,bearing_wear,1484.4,1.1727,4377.0,58.9,120.71,1026.52,233.7,111.01,29.293,588.82,4.1655,1.9735,4.6003,133.81,1.0123,5
9,265,bearing_wear,1355.5,1.1771,4381.0,62.3,120.8,1033.54,239.35,110.27,28.692,545.14,4.1689,1.9355,4.7385,132.15,1.0291,4
9,266,bearing_wear,886.1,1.1936,4302.0,59.5,121.23,1042.27,237.96,109.54,29.187,580.12,4.2267,2.0108,4.8481,133.3,1.0423,3
9,267,bearing_wear,732.7,1.1989,4270.0,63.0,123.78,1037.18,238.88,109.15,29.831,560.43,4.363,2.0777,4.9834,136.62,1.0583,2
9,268,bearing_wear,212.4,1.2174,4355.0,59.5,122.27,1038.57,218.11,110.12,29.923,595.05,4.4209,2.2072,5.1348,128.92,1.0761,1
10,0,injector_drift,0.0,1.225,4322.0,62.9,94.83,813.34,415.21,91.23,26.0,489.47,0.7471,0.0998,0.0,35.64,0.0157,368
10,1,injector_drift,306.6,1.214,4378.0,58.3,95.81,793.81,404.38,91.75,26.025,528.11,0.8512,0.0571,0.0,42.67,0.0226,367
10,2,injector_drift,349.1,1.2125,4303.0,59.1,93.6,810.86,417.28,88.68,25.451,509.76,0.7511,0.0604,0.0,43.42,0.0226,366
10,3,injector_drift,785.6,1.1971,4385.0,62.9,93.65,826.37,409.46,93.39,25.896,487.21,0.6018,0.0664,0.0,40.74,0.0226,365
10,4,injector_drift,696.7,1.2002,4365.0,61.7,93.92,811.72,416.42,89.7,25.107,481.71,0.9489,0.0772,0.0,46.67,0.0226,364
10,5,injector_drift,1208.8,1.1823,4312.0,60.6,96.51,806.53,421.63,92.78,25.37,495.55,0.7809,0.0759,0.0,38.7,0.0226,363
10,6,injector_drift,1634.9,1.1675,4356.0,58.1,96.09,825.05,423.98,91.67,25.651,522.08,0.894,0.0632,0.0,42.31,0.0226,362
10,7,injector_drift,1639.5,1.1673,4316.0,59.3,97.47,806.42,431.05,91.78,25.105,500.98,0.7604,0.0571,0.0,40.47,0.0258,361
10,8,injector_drift,1764.1,1.163,4327.0,62.8,93.17,829.44,417.73,91.7,26.352,496.8,0.7487,0.0746,0.0,53.95,0.0258,360
10,9,injector_drift,1935.4,1.1571,4371.0,55.3,93.48,836.44,412.38,91.64,25.618,548.24,0.7696,0.0563,0.0,39.01,0.0258,359
10,10,injector_drift,2446.0,1.1397,4366.0,54.3,96.44,811.94,412.3,91.08,24.984,544.92,0.8335,0.032,0.0,46.05,0.0258,358
10,11,injector_drift,2764.7,1.1289,4235.0,63.5,94.46,827.38,415.32,92.46,25.307,471.73,0.8274,0.0277,0.0,51.31,0.0258,357
10,12,injector_drift,2855.0,1.1259,4372.0,59.9,94.57,802.3,416.93,89.06,25.399,501.52,0.8531,0.0519,0.0,37.73,0.0258,356
10,13,injector_drift,3031.5,1.12,4332.0,63.1,97.3,803.55,413.26,90.04,25.515,478.79,0.7737,0.0602,0.0,42.82,0.026,355
10,14,injector_drift,3048.9,1.1194,4325.0,66.5,95.02,813.15,419.23,93.51,25.604,455.52,0.8186,0.108,0.0,37.63,0.0285,354
10,15,injector_drift,3594.3,1.1012,4282.0,58.9,95.19,822.37,412.58,90.92,25.071,503.93,0.7483,0.0563,0.0,32.54,0.0289,353
10,16,injector_drift,3709.3,1.0975,4347.0,57.0,95.46,814.89,412.14,89.93,25.431,527.69,0.9333,0.0596,0.0,38.68,0.0289,352
10,17,injector_drift,3954.6,1.0894,4319.0,61.3,95.56,815.54,418.96,92.65,26.074,503.05,0.7106,0.0506,0.0,39.75,0.0289,351
10,18,injector_drift,4528.2,1.0707,4426.0,60.2,96.87,806.15,410.23,92.25,25.431,499.59,0.75,0.071,0.0,40.05,0.0289,350
10,19,injector_drift,4251.5,1.0797,4245.0,62.3,94.03,816.51,408.53,87.98,26.02,493.9,0.7818,0.0643,0.0,41.1,0.0289,349
10,20,injector_drift,4507.3,1.0714,4292.0,64.2,95.57,813.29,417.6,92.04,25.82,476.23,1.0068,0.0459,0.0,42.63,0.0289,348
10,21,injector_drift,5027.6,1.0547,4288.0,63.7,97.59,810.8,413.08,90.85,26.165,486.45,0.8771,0.0384,0.0,36.62,0.0289,347
10,22,injector_drift,5170.1,1.0501,4366.0,62.9,99.05,809.77,421.11,92.0,25.563,480.65,0.7474,0.0506,0.0,44.36,0.0289,346
10,23,injector_drift,5384.7,1.0433,4420.0,66.1,93.82,820.94,417.11,90.6,26.18,468.7,0.8815,0.0418,0.0,48.67,0.0289,345
10,24,injector_drift,5737.7,1.0321,4380.0,65.1,96.35,813.13,399.59,91.51,26.053,473.87,0.857,0.054,0.0,49.25,0.0289,344
10,25,injector_drift,5969.0,1.0249,4284.0,62.6,95.56,817.62,422.89,86.92,26.404,498.9,0.8376,0.0615,0.0,41.3,0.0289,343
10,26,injector_drift,6017.9,1.0234,4324.0,65.2,95.74,805.13,418.16,88.82,26.242,476.26,0.8726,0.0491,0.0,47.2,0.0304,342
10,27,injector_drift,6308.2,1.0143,4301.0,58.8,94.69,820.1,408.06,92.09,25.736,518.06,0.8216,0.0882,0.0,39.33,0.0304,341
10,28,injector_drift,6636.8,1.0042,4380.0,66.7,97.03,821.98,418.28,95.85,25.523,452.55,0.8306,0.0823,0.0,41.02,0.0304,340
10,29,injector_drift,6886.5,0.9965,4323.0,63.7,96.94,816.7,408.2,91.34,25.721,477.53,0.6927,0.0545,0.0,44.73,0.0304,339
10,30,injector_drift,7165.4,0.988,4265.0,60.2,99.66,818.07,425.64,89.22,25.398,499.3,0.9324,0.0398,0.0,41.06,0.0304,338
10,31,injector_drift,7236.4,0.9858,4385.0,62.7,93.9,825.49,408.9,90.88,25.538,482.22,0.7811,0.0585,0.0,36.41,0.0304,337
10,32,injector_drift,7606.4,0.9747,4426.0,67.2,93.27,808.67,401.63,88.82,26.142,460.65,0.718,0.0564,0.0,46.9,0.0304,336
10,33,injector_drift,7926.8,0.9651,4339.0,61.9,99.01,818.54,427.48,93.14,25.921,495.83,0.7781,0.0584,0.0,38.75,0.0321,335
10,34,injector_drift,8020.6,0.9623,4357.0,65.5,95.86,809.39,404.58,90.74,26.156,472.4,0.7813,0.0517,0.0,40.29,0.0321,334
10,35,injector_drift,8226.8,0.9561,4260.0,67.1,95.25,821.29,413.9,92.75,26.64,470.19,0.7543,0.0387,0.0,48.18,0.0321,333
10,36,injector_drift,8435.1,0.95,4226.0,64.6,96.21,817.3,416.74,90.34,26.183,479.57,0.8806,0.0603,0.0,45.58,0.0321,332
10,37,injector_drift,8605.3,0.9449,4239.0,62.1,93.84,817.9,417.03,92.93,25.345,483.27,0.8964,0.0526,0.0,43.77,0.0321,331
10,38,injector_drift,8784.1,0.9397,4347.0,64.6,96.5,826.15,418.54,87.4,26.069,477.64,0.6617,0.0544,0.0,35.54,0.0321,330
10,39,injector_drift,9106.3,0.9303,4332.0,60.7,95.8,823.95,415.49,90.69,25.987,506.86,0.7772,0.0615,0.0,37.07,0.0321,329
10,40,injector_drift,9444.2,0.9205,4383.0,63.6,97.59,827.96,418.26,91.76,26.437,492.26,0.7847,0.0588,0.0,45.05,0.034,328
10,41,injector_drift,9468.1,0.9198,4338.0,61.8,97.26,815.23,416.7,90.14,25.767,493.24,0.8063,0.0617,0.0,46.21,0.034,327
10,42,injector_drift,9814.4,0.9099,4409.0,65.1,97.39,825.68,400.87,91.4,25.969,471.91,0.9566,0.0523,0.0,44.33,0.034,326
10,43,injector_drift,10020.5,0.9041,4402.0,61.6,96.26,822.33,414.55,91.37,26.245,504.41,0.755,0.0674,0.0,40.7,0.034,325
10,44,injector_drift,10538.6,0.8894,4331.0,65.8,98.39,817.4,416.24,92.78,26.136,470.39,0.9451,0.0459,0.0,40.53,0.034,324
10,45,injector_drift,10602.3,0.8876,4290.0,69.0,96.85,822.94,413.13,91.92,25.621,439.3,0.8084,0.0385,0.0,44.14,0.034,323
10,46,injector_drift,10821.1,0.8815,4235.0,69.3,95.19,821.1,432.06,91.47,25.554,436.21,0.9458,0.0424,0.0,36.81,0.034,322
10,47,injector_drift,11073.6,0.8745,4436.0,62.1,94.78,829.89,413.07,92.46,26.586,506.46,0.796,0.0469,0.0,43.6,0.0349,321
10,48,injector_drift,11073.4,0.8745,4293.0,64.0,94.95,826.14,422.2,87.99,25.275,467.53,0.7866,0.0347,0.0,36.19,0.0349,320
10,49,injector_drift,11580.6,0.8605,4260.0,68.7,96.9,819.34,424.05,89.2,26.175,451.21,0.8191,0.0266,0.0,37.89,0.035,319
10,50,injector_drift,11615.9,0.8596,4358.0,68.3,94.01,818.62,410.79,87.93,26.575,460.32,0.9243,0.0706,0.0,44.04,0.035,318
10,51,injector_drift,11802.5,0.8545,4261.0,64.5,96.33,828.45,421.27,91.87,25.299,464.32,0.8372,0.0871,0.0,46.41,0.0389,317
10,52,injector_drift,11843.3,0.8534,4358.0,65.0,94.85,831.76,414.51,91.6,25.602,466.26,0.8413,0.0728,0.0,45.21,0.0389,316
10,53,injector_drift,12180.7,0.8442,4330.0,66.8,94.23,824.48,410.67,93.55,25.646,454.31,0.8755,0.052,0.0,37.93,0.0389,315
10,54,injector_drift,12190.6,0.844,4405.0,61.2,94.46,824.41,402.9,91.48,26.527,513.18,0.7541,0.0273,0.0,34.14,0.0389,314
10,55,injector_drift,12631.9,0.8321,4400.0,68.4,96.09,833.32,410.51,89.53,27.048,468.22,0.8522,0.0657,0.0,43.52,0.0396,313
10,56,injector_drift,12795.4,0.8278,4416.0,70.2,97.28,822.39,413.08,91.06,26.054,439.53,0.775,0.0297,0.0,34.07,0.0396,312
10,57,injector_drift,13033.8,0.8215,4362.0,65.8,95.11,822.31,412.35,87.04,26.321,473.06,0.9429,0.0601,0.0,48.29,0.0396,311
10,58,injector_drift,13096.5,0.8198,4298.0,62.9,93.07,824.62,413.88,90.03,26.043,490.23,0.8613,0.0467,0.0,38.39,0.0422,310
10,59,injector_drift,13619.8,0.8061,4288.0,71.5,100.93,821.6,415.67,86.15,26.324,435.84,0.8832,0.0171,0.0,54.97,0.0422,309
10,60,injector_drift,13812.0,0.8011,4318.0,68.0,97.87,836.89,412.27,91.5,25.578,445.07,0.6646,0.0923,0.0,38.99,0.0422,308
10,61,injector_drift,14184.4,0.7915,4470.0,69.6,97.59,820.58,415.71,90.29,27.246,463.34,0.8843,0.0376,0.0,46.12,0.0422,307
10,62,injector_drift,14387.0,0.7863,4335.0,63.6,98.62,821.59,414.77,90.58,25.238,469.54,0.8136,0.0556,0.0,40.12,0.0422,306
10,63,injector_drift,14367.0,0.7869,4360.0,63.7,96.32,836.49,409.0,88.98,26.057,483.84,0.7128,0.0601,0.0,42.96,0.0422,305
10,64,injector_drift,14701.9,0.7783,4441.0,69.0,95.99,808.92,396.99,89.51,26.031,446.23,0.8354,0.0533,0.0,44.72,0.0422,304
10,65,injector_drift,14791.2,0.7761,4365.0,71.0,98.23,826.51,410.45,92.23,26.81,446.96,0.7063,0.072,0.0,48.1,0.0422,303
10,66,injector_drift,14890.6,0.7736,4305.0,64.6,98.24,816.62,410.93,88.0,26.368,482.88,0.878,0.0483,0.0,49.02,0.0436,302
10,67,injector_drift,15114.5,0.7679,4394.0,67.8,97.15,823.5,406.27,91.88,25.83,450.76,0.9439,0.0707,0.0,47.56,0.0436,301
10,68,injector_drift,15452.5,0.7595,4324.0,63.5,97.73,813.33,417.74,89.4,25.671,478.68,0.6937,0.0717,0.0,49.79,0.0511,300
10,69,injector_drift,16169.2,0.7418,4367.0,66.2,94.55,821.39,410.41,87.66,25.533,456.24,0.8346,0.0378,0.0,41.52,0.0511,299
10,70,injector_drift,15929.2,0.7477,4381.0,67.7,96.03,825.28,399.17,93.47,26.317,460.25,0.8238,0.07,0.0,47.84,0.0511,298
10,71,injector_drift,15988.1,0.7463,4320.0,70.0,98.97,828.15,416.0,93.68,26.664,450.71,0.6778,0.0443,0.0,42.89,0.0511,297
10,72,injector_drift,16219.6,0.7406,4361.0,62.3,97.61,829.57,400.75,89.94,25.742,488.73,0.9103,0.042,0.0,49.53,0.0511,296
10,73,injector_drift,16413.0,0.7359,4446.0,72.7,94.23,809.01,410.16,89.92,26.444,430.37,0.887,0.0711,0.0,45.18,0.0511,295
10,74,injector_drift,16521.7,0.7333,4312.0,68.3,95.62,824.41,409.83,90.52,27.043,468.25,0.9991,0.0572,0.0,47.7,0.0511,294
10,75,injector_drift,16841.0,0.7256,4429.0,72.8,98.73,826.27,407.37,89.4,26.924,437.41,0.8767,0.0728,0.0,46.06,0.0511,293
10,76,injector_drift,16895.3,0.7243,4315.0,71.2,97.11,826.35,412.39,89.76,26.988,448.83,0.7669,0.073,0.0,48.42,0.0513,292
10,77,injector_drift,16956.7,0.7228,4458.0,71.7,96.7,827.41,404.47,91.93,25.586,422.18,0.8783,0.0368,0.0,40.58,0.0513,291
10,78,injector_drift,17369.3,0.713,4299.0,75.3,96.75,822.31,414.59,95.17,26.918,422.9,0.94,0.0802,0.0,36.76,0.0513,290
10,79,injector_drift,17576.7,0.7081,4326.0,67.0,96.29,812.42,412.44,90.32,26.301,464.42,0.8,0.0711,0.0,49.56,0.0513,289
10,80,injector_drift,17648.6,0.7064,4440.0,69.9,95.64,827.96,417.46,93.07,25.871,438.18,0.9054,0.0537,0.0,51.34,0.0513,288
10,81,injector_drift,17901.7,0.7004,4443.0,66.6,95.17,816.63,407.45,91.73,25.758,457.74,0.6488,0.0627,0.0,44.04,0.0513,287
10,82,injector_drift,18182.8,0.6939,4399.0,69.4,97.94,829.19,409.79,87.68,26.254,447.96,0.9552,0.0808,0.0,48.67,0.0513,286
10,83,injector_drift,18213.1,0.6932,4285.0,71.9,96.78,819.75,409.75,90.98,25.958,427.13,0.9012,0.059,0.0,36.47,0.0513,285
10,84,injector_drift,18334.7,0.6904,4355.0,73.2,97.49,833.45,412.8,90.73,26.254,424.23,0.6336,0.1077,0.0,41.51,0.0513,284
10,85,injector_drift,18474.8,0.6871,4350.0,68.8,97.24,825.26,404.62,93.96,26.123,449.3,0.8678,0.0952,0.0,45.03,0.0513,283
10,86,injector_drift,18721.3,0.6815,4299.0,66.4,98.54,824.74,420.14,94.05,26.397,470.22,0.6789,0.0679,0.0,35.99,0.0518,282
10,87,injector_drift,19166.3,0.6713,4392.0,70.4,97.12,824.62,399.67,91.79,26.121,439.31,0.7889,0.061,0.0,37.02,0.0518,281
10,88,injector_drift,19081.7,0.6733,4303.0,67.7,97.67,822.06,407.88,93.47,26.064,455.74,0.8924,0.0619,0.0,45.48,0.0521,280
10,89,injector_drift,19339.4,0.6674,4273.0,68.6,96.69,823.9,404.71,90.75,26.708,460.76,0.8272,0.0536,0.0,41.66,0.0521,279
10,90,injector_drift,19409.4,0.6659,4253.0,72.4,95.09,837.66,417.57,93.33,25.831,422.01,0.9412,0.0689,0.0,43.17,0.0545,278
10,91,injector_drift,19567.7,0.6623,4453.0,72.0,96.17,815.7,402.51,91.29,26.6,437.38,0.8458,0.0801,0.0,42.87,0.0545,277
10,92,injector_drift,19667.1,0.6601,4319.0,73.1,97.4,823.38,415.82,93.29,26.733,432.74,0.8378,0.0394,0.0,38.49,0.0546,276
10,93,injector_drift,19982.3,0.6531,4321.0,69.7,97.52,835.3,405.79,93.49,26.539,450.7,0.9287,0.0792,0.0,43.82,0.0546,275
10,94,injector_drift,20056.6,0.6514,4288.0,73.8,98.69,835.47,416.46,92.52,26.419,423.58,0.8138,0.085,0.0,44.84,0.0546,274
10,95,injector_drift,20490.6,0.6419,4432.0,70.9,96.01,839.9,408.17,89.76,26.047,434.66,0.8477,0.0801,0.0,42.69,0.0623,273
10,96,injector_drift,20447.3,0.6428,4267.0,70.1,97.04,828.28,414.21,90.4,27.032,456.3,0.8582,0.0661,0.0,43.1,0.0623,272
10,97,injector_drift,20619.1,0.6391,4278.0,67.8,96.5,817.03,412.59,92.75,25.94,453.1,0.8443,0.0793,0.0,44.58,0.0623,271
10,98,injector_drift,20759.7,0.636,4331.0,64.9,99.12,817.27,410.58,93.03,25.663,468.2,0.9425,0.0947,0.0,49.7,0.0623,270
10,99,injector_drift,21001.8,0.6308,4349.0,66.5,97.32,825.14,402.93,91.61,26.227,466.52,0.7995,0.0683,0.0,45.36,0.0648,269
10,100,injector_drift,21327.6,0.6238,4390.0,72.0,97.36,836.32,399.9,90.67,26.248,431.72,0.7864,0.0699,0.0,36.2,0.0648,268
10,101,injector_drift,21104.3,0.6286,4309.0,68.7,96.7,826.56,413.62,91.68,26.767,461.32,0.7679,0.1121,0.0,39.86,0.0648,267
10,102,injector_drift,21456.7,0.621,4443.0,66.5,96.42,824.88,401.49,90.74,26.113,464.45,0.6815,0.0756,0.0,50.49,0.0648,266
10,103,injector_drift,21333.0,0.6237,4310.0,70.3,94.59,832.58,413.06,90.75,26.917,453.14,0.9715,0.0493,0.0,42.41,0.0648,265
10,104,injector_drift,21903.4,0.6116,4289.0,72.5,94.87,830.72,420.66,95.22,26.755,436.88,0.7807,0.0869,0.0,45.39,0.0648,264
10,105,injector_drift,21853.8,0.6126,4284.0,73.0,97.03,827.22,408.9,90.35,26.449,429.01,0.8337,0.0775,0.0,55.46,0.0648,263
10,106,injector_drift,21794.2,0.6139,4304.0,71.7,96.86,822.21,406.97,92.32,26.977,445.2,0.978,0.0565,0.0,49.03,0.0653,262
10,107,injector_drift,21973.9,0.6101,4280.0,71.7,97.07,837.92,409.7,91.62,26.272,433.67,0.8428,0.0477,0.0,35.19,0.0659,261
10,108,injector_drift,22432.6,0.6005,4395.0,70.3,98.22,838.19,406.0,88.88,26.325,442.92,0.8961,0.0747,0.0,53.21,0.0665,260
10,109,injector_drift,22204.5,0.6052,4290.0,73.9,96.95,823.14,414.71,88.81,26.88,430.28,0.7413,0.0688,0.0,46.74,0.0665,259
10,110,injector_drift,22637.9,0.5962,4342.0,71.6,96.31,827.48,408.03,91.19,26.622,440.18,0.9683,0.0454,0.0,47.95,0.0678,258
10,111,injector_drift,22672.2,0.5955,4288.0,72.0,96.56,836.56,423.08,87.48,26.29,432.41,0.8487,0.069,0.0,47.76,0.0693,257
10,112,injector_drift,22845.9,0.592,4280.0,75.4,97.25,823.83,413.57,95.05,26.15,410.61,0.7769,0.0678,0.0,50.8,0.0693,256
10,113,injector_drift,22911.1,0.5906,4416.0,74.7,96.31,835.52,408.89,90.66,26.717,423.25,0.7769,0.0695,0.0,45.84,0.0693,255
10,114,injector_drift,23004.6,0.5887,4446.0,71.8,98.62,829.88,401.42,90.62,26.283,432.94,1.0013,0.0824,0.0,39.37,0.0753,254
10,115,injector_drift,23208.0,0.5845,4426.0,71.5,97.01,822.58,408.71,93.95,26.565,439.74,0.8192,0.0374,0.0,48.39,0.0753,253
10,116,injector_drift,23498.9,0.5787,4262.0,71.5,97.4,846.55,409.63,91.22,26.387,436.52,0.7864,0.0503,0.0,39.87,0.0753,252
10,117,injector_drift,23499.5,0.5786,4270.0,66.5,95.79,827.11,406.58,92.81,25.969,461.81,0.8315,0.0628,0.0,55.86,0.0753,251
10,118,injector_drift,23735.1,0.5739,4469.0,76.0,98.63,838.75,405.94,90.36,26.715,416.14,0.8697,0.0991,0.0,44.97,0.0753,250
10,119,injector_drift,23762.3,0.5733,4335.0,70.7,99.18,822.94,406.87,91.6,26.476,443.21,0.8783,0.1199,0.0,46.52,0.0753,249
10,120,injector_drift,24015.4,0.5683,4268.0,75.4,94.99,846.67,412.04,93.44,27.064,424.9,0.9017,0.0727,0.0,43.4,0.0753,248
10,121,injector_drift,24109.3,0.5664,4415.0,73.0,97.68,849.09,408.73,89.82,26.82,434.75,0.8876,0.0741,0.0,48.65,0.0773,247
10,122,injector_drift,24087.5,0.5669,4354.0,77.1,96.93,823.63,406.65,92.61,27.737,425.62,0.921,0.0244,0.0,49.26,0.0777,246
10,123,injector_drift,24145.4,0.5657,4384.0,74.6,97.52,833.07,403.42,86.72,26.804,425.22,0.8474,0.0914,0.0,43.6,0.0777,245
10,124,injector_drift,24549.8,0.5577,4216.0,75.8,97.85,846.27,408.98,94.14,26.562,414.64,1.0391,0.0832,0.0,49.52,0.0807,244
10,125,injector_drift,24400.7,0.5607,4330.0,71.4,93.81,829.68,412.83,90.5,26.497,439.43,0.8342,0.0799,0.0,47.6,0.0807,243
10,126,injector_drift,24712.3,0.5545,4407.0,69.3,98.29,835.69,400.58,91.44,26.67,455.17,0.9815,0.0493,0.0,46.78,0.0807,242
10,127,injector_drift,24754.6,0.5537,4312.0,73.7,98.97,822.35,406.11,91.53,27.125,435.55,0.8329,0.1154,0.0,43.99,0.0861,241
10,128,injector_drift,24791.3,0.553,4424.0,67.6,99.13,826.42,402.52,89.77,26.892,471.01,0.7666,0.1062,0.0,59.32,0.0861,240
10,129,injector_drift,25034.3,0.5483,4271.0,72.0,95.88,837.37,410.15,89.62,26.213,431.01,0.7475,0.0817,0.0,53.66,0.0861,239
10,130,injector_drift,25282.3,0.5435,4343.0,69.9,97.25,829.16,410.92,92.77,27.006,457.44,0.9052,0.0957,0.0,51.39,0.0861,238
10,131,injector_drift,25276.3,0.5436,4449.0,71.0,96.49,831.55,399.15,92.86,26.541,442.57,0.9738,0.0769,0.0,53.38,0.0861,237
10,132,injector_drift,25305.5,0.543,4281.0,75.3,94.43,824.49,416.21,89.95,26.451,415.52,0.7888,0.0923,0.0,49.25,0.0861,236
10,133,injector_drift,25631.1,0.5368,4366.0,75.2,96.47,842.61,401.5,92.88,26.745,420.94,0.8161,0.0508,0.0,46.35,0.0899,235
10,134,injector_drift,25236.6,0.5444,4385.0,73.2,95.77,825.65,404.28,92.91,27.189,439.76,0.9172,0.0315,0.0,34.88,0.0899,234
10,135,injector_drift,25418.9,0.5409,4355.0,74.7,97.9,849.44,402.43,91.04,26.978,427.58,0.8861,0.0516,0.0,42.0,0.0899,233
10,136,injector_drift,25612.2,0.5372,4335.0,72.1,94.95,830.39,417.12,89.21,26.158,429.14,0.8395,0.0609,0.0,58.92,0.0899,232
10,137,injector_drift,25989.1,0.53,4297.0,81.1,95.94,846.74,404.34,91.72,26.698,389.64,0.784,0.0641,0.0,53.9,0.0899,231
10,138,injector_drift,26010.1,0.5296,4362.0,74.8,96.7,843.47,401.1,92.59,26.318,416.61,0.9156,0.0869,0.0,49.39,0.0931,230
10,139,injector_drift,25701.7,0.5355,4344.0,72.1,98.63,828.66,404.25,91.74,26.361,432.47,0.9431,0.0728,0.0,40.49,0.0931,229
10,140,injector_drift,25982.3,0.5301,4264.0,76.6,101.65,834.16,405.96,90.68,26.952,416.49,0.9302,0.0773,0.0,51.55,0.0931,228
10,141,injector_drift,25936.0,0.531,4416.0,77.7,97.95,835.81,401.72,92.81,26.541,404.13,0.8939,0.0544,0.0,47.04,0.0937,227
10,142,injector_drift,26213.3,0.5258,4295.0,71.7,95.94,833.36,413.24,94.4,26.46,436.59,0.8073,0.0527,0.0,51.92,0.0937,226
10,143,injector_drift,26437.6,0.5216,4265.0,69.8,96.47,825.22,408.19,90.34,27.08,458.9,0.9174,0.079,0.0,42.9,0.094,225
10,144,injector_drift,26529.7,0.5199,4314.0,70.5,98.48,840.22,405.94,91.29,27.205,456.85,0.9116,0.0674,0.0,46.02,0.0942,224
10,145,injector_drift,26502.6,0.5204,4296.0,72.2,95.48,831.29,404.35,97.37,27.28,447.35,0.7874,0.0783,0.0,52.9,0.0942,223
10,146,injector_drift,26475.8,0.5209,4335.0,74.1,99.15,836.84,400.79,92.47,26.055,416.37,0.8683,0.0892,0.0,58.12,0.0942,222
10,147,injector_drift,26600.5,0.5186,4275.0,69.4,98.08,845.01,406.08,89.49,27.186,463.78,0.9324,0.1132,0.0,45.82,0.1012,221
10,148,injector_drift,26790.5,0.515,4377.0,73.0,97.49,843.37,400.48,91.07,26.774,433.78,0.8968,0.08,0.0,44.11,0.1012,220
10,149,injector_drift,27111.5,0.5091,4433.0,73.7,95.17,834.28,404.57,90.52,26.81,430.43,0.7471,0.1168,0.0,54.28,0.1018,219
10,150,injector_drift,26651.0,0.5176,4356.0,75.3,99.08,848.4,395.6,92.8,27.289,428.61,0.8527,0.0887,0.0,42.86,0.1018,218
10,151,injector_drift,27134.5,0.5087,4263.0,76.2,96.59,846.19,414.45,92.68,27.218,422.47,0.8498,0.0948,0.0,43.37,0.1034,217
10,152,injector_drift,26998.3,0.5112,4295.0,75.6,97.97,834.92,403.25,90.79,26.153,409.14,0.9511,0.1021,0.0,50.63,0.1034,216
10,153,injector_drift,27148.2,0.5085,4363.0,79.9,97.51,838.56,401.62,95.78,26.908,398.78,1.1143,0.0954,0.0,59.73,0.1034,215
10,154,injector_drift,27114.5,0.5091,4232.0,77.8,95.57,851.49,399.39,92.41,26.912,409.41,0.9303,0.0675,0.0,45.82,0.1118,214
10,155,injector_drift,27356.9,0.5047,4276.0,75.2,97.6,848.43,406.95,91.32,26.372,414.97,0.8238,0.1052,0.0,48.21,0.1118,213
10,156,injector_drift,27253.3,0.5065,4251.0,71.7,96.12,828.4,399.06,89.79,27.09,447.36,0.9068,0.0761,0.0,50.62,0.1118,212
10,157,injector_drift,27162.2,0.5082,4357.0,72.6,96.96,832.84,401.77,90.45,27.321,445.5,0.9205,0.0896,0.0,47.7,0.1118,211
10,158,injector_drift,27380.6,0.5042,4480.0,70.3,98.58,845.33,395.05,89.74,26.608,447.62,0.9801,0.0862,0.0,41.23,0.1118,210
10,159,injector_drift,27533.7,0.5014,4274.0,75.1,99.0,832.76,401.71,91.85,27.018,425.64,1.019,0.1064,0.0,54.07,0.1118,209
10,160,injector_drift,27414.4,0.5036,4399.0,75.7,97.98,849.4,384.61,90.51,26.936,421.2,1.0347,0.0921,0.0,51.21,0.1142,208
10,161,injector_drift,27150.9,0.5084,4316.0,77.4,96.72,859.58,413.87,93.88,27.087,414.21,0.9685,0.0569,0.0,52.22,0.1154,207
10,162,injector_drift,27490.4,0.5022,4271.0,75.5,97.1,846.45,396.61,91.17,27.388,429.08,0.9277,0.1269,0.0,49.8,0.1168,206
10,163,injector_drift,27566.0,0.5009,4444.0,77.9,97.12,837.67,395.59,94.05,26.384,400.71,1.0494,0.1023,0.0,58.24,0.1186,205
10,164,injector_drift,27586.1,0.5005,4480.0,78.0,94.92,846.51,387.79,93.36,27.29,414.02,0.9029,0.0746,0.0,48.15,0.1186,204
10,165,injector_drift,27558.2,0.501,4375.0,71.7,98.37,851.58,402.6,93.79,26.744,441.31,0.9453,0.0647,0.0,45.84,0.1247,203
10,166,injector_drift,27868.5,0.4954,4372.0,73.3,95.77,844.87,394.18,94.29,26.547,428.79,0.9215,0.1064,0.0,59.54,0.1247,202
10,167,injector_drift,27349.7,0.5048,4354.0,74.8,98.38,848.72,392.85,96.48,26.724,422.75,0.7705,0.067,0.0,40.23,0.1247,201
10,168,injector_drift,27753.3,0.4975,4341.0,72.7,96.07,837.42,401.56,90.8,27.534,447.95,1.0427,0.1034,0.0,50.46,0.1247,200
10,169,injector_drift,27786.9,0.4969,4370.0,74.1,96.5,839.11,388.58,94.22,26.361,420.73,0.998,0.1093,0.0,51.01,0.1265,199
10,170,injector_drift,28114.5,0.491,4391.0,75.8,99.48,854.44,391.52,93.46,26.946,420.72,0.7659,0.0769,0.0,51.41,0.1332,198
10,171,injector_drift,27825.6,0.4962,4450.0,74.5,98.51,840.87,395.18,94.79,27.59,438.04,1.0356,0.0752,0.0,44.23,0.1332,197
10,172,injector_drift,27920.0,0.4945,4319.0,74.9,95.65,826.06,406.64,92.88,26.453,417.84,0.9312,0.0805,0.0,46.06,0.1332,196
10,173,injector_drift,27895.4,0.4949,4358.0,72.1,97.63,842.9,389.88,95.02,26.61,436.73,1.0346,0.0702,0.0,56.77,0.1332,195
10,174,injector_drift,27912.2,0.4946,4345.0,76.5,98.87,850.04,392.63,90.08,27.071,418.97,0.9615,0.0945,0.0,58.91,0.1332,194
10,175,injector_drift,28181.8,0.4898,4411.0,76.3,97.55,855.89,395.07,90.65,27.206,422.22,0.8469,0.0974,0.0,49.9,0.1332,193
10,176,injector_drift,27768.0,0.4972,4494.0,72.7,97.96,858.8,376.85,91.52,26.795,436.3,0.9576,0.1045,0.0,47.33,0.1332,192
10,177,injector_drift,27849.9,0.4957,4414.0,71.1,98.93,846.32,400.35,92.59,26.386,439.23,0.89,0.0744,0.0,43.39,0.1368,191
10,178,injector_drift,28076.4,0.4917,4398.0,78.7,98.8,856.09,385.84,92.96,27.4,412.18,0.8755,0.1097,0.0,57.58,0.1431,190
10,179,injector_drift,28013.0,0.4928,4404.0,80.2,97.25,852.57,388.89,91.38,27.275,402.31,1.0426,0.0732,0.0,57.88,0.1431,189
10,180,injector_drift,27941.2,0.4941,4426.0,75.7,98.76,852.17,392.0,90.88,27.294,426.71,1.0046,0.1097,0.0,38.83,0.1431,188
10,181,injector_drift,27980.2,0.4934,4495.0,73.9,98.32,847.16,387.13,91.57,27.308,437.26,1.0948,0.0635,0.0,40.85,0.1441,187
10,182,injector_drift,28133.0,0.4907,4249.0,78.1,101.41,854.4,392.9,89.51,26.607,402.98,0.948,0.1253,0.0,53.87,0.1465,186
10,183,injector_drift,28071.7,0.4918,4386.0,76.4,98.76,845.43,401.48,92.43,27.524,426.29,0.9094,0.0847,0.0,54.86,0.1503,185
10,184,injector_drift,27893.1,0.495,4195.0,74.4,99.11,866.09,385.24,92.89,26.886,427.85,1.0376,0.1071,0.0,51.14,0.1503,184
10,185,injector_drift,28034.6,0.4924,4407.0,77.9,99.3,832.89,383.36,93.89,27.53,418.21,0.9198,0.1087,0.0,53.36,0.1503,183
10,186,injector_drift,27988.4,0.4933,4383.0,72.6,98.42,853.92,387.47,93.34,27.078,441.58,0.9617,0.0697,0.0,52.29,0.1503,182
10,187,injector_drift,28061.4,0.492,4317.0,72.9,97.94,853.1,388.06,96.68,27.659,448.87,1.0371,0.1132,0.0,54.07,0.1549,181
10,188,injector_drift,27935.5,0.4942,4190.0,76.1,99.71,855.09,407.45,94.72,27.11,421.68,0.985,0.0855,0.0,49.44,0.1549,180
10,189,injector_drift,27793.2,0.4968,4349.0,75.3,99.73,842.28,382.21,94.57,26.901,422.61,0.956,0.0903,0.0,53.88,0.1549,179
10,190,injector_drift,28064.1,0.4919,4363.0,76.9,102.24,839.85,400.18,93.9,26.962,414.97,0.8894,0.0841,0.0,50.88,0.1583,178
10,191,injector_drift,28032.3,0.4925,4346.0,78.6,100.37,860.22,388.98,94.35,26.873,404.85,1.0877,0.1315,0.0,50.98,0.1641,177
10,192,injector_drift,28147.0,0.4904,4313.0,70.3,100.38,861.98,384.16,92.84,27.116,456.42,0.9832,0.0758,0.0,45.43,0.1641,176
10,193,injector_drift,27720.0,0.4981,4296.0,75.1,100.33,855.4,380.55,93.48,26.638,419.92,1.0621,0.1078,0.0,53.89,0.1641,175
10,194,injector_drift,27887.5,0.4951,4347.0,80.6,98.23,862.87,389.33,97.12,27.733,406.95,1.0516,0.0868,0.0,58.78,0.1641,174
10,195,injector_drift,27842.1,0.4959,4302.0,73.1,97.54,850.55,387.39,93.28,26.898,435.2,1.1138,0.1232,0.0,53.77,0.1711,173
10,196,injector_drift,27793.8,0.4968,4399.0,72.8,97.92,856.69,388.19,90.76,26.26,427.02,1.0077,0.1478,0.0,53.63,0.1711,172
10,197,injector_drift,27596.6,0.5003,4345.0,68.2,100.45,861.54,386.73,94.82,27.285,473.57,0.9987,0.0887,0.0,61.68,0.1711,171
10,198,injector_drift,27640.3,0.4995,4247.0,75.2,101.63,853.31,399.64,95.23,25.77,405.55,0.9431,0.1049,0.0,60.76,0.1737,170
10,199,injector_drift,27811.3,0.4964,4361.0,76.6,100.6,866.02,387.34,93.78,27.173,419.7,0.9883,0.0944,0.0,64.31,0.1737,169
10,200,injector_drift,27664.2,0.4991,4375.0,76.6,99.25,843.44,384.94,89.72,27.297,421.75,1.059,0.1229,0.0,66.92,0.1737,168
10,201,injector_drift,27581.7,0.5006,4447.0,71.7,102.05,849.64,389.34,96.09,25.997,428.9,0.9705,0.0978,0.0,56.12,0.1758,167
10,202,injector_drift,27884.6,0.4951,4406.0,74.8,98.93,860.87,386.59,94.01,27.286,431.72,1.065,0.1214,0.0,50.21,0.1777,166
10,203,injector_drift,27988.5,0.4933,4296.0,75.5,97.89,872.18,395.25,92.95,26.884,421.58,1.1583,0.0955,0.0,53.44,0.1783,165
10,204,injector_drift,27584.4,0.5005,4436.0,74.9,100.03,857.17,390.22,95.98,27.027,426.81,1.0087,0.1489,0.0,59.06,0.18,164
10,205,injector_drift,27325.9,0.5052,4267.0,71.5,101.8,848.96,388.45,89.72,27.486,455.09,0.9569,0.0627,0.0,64.17,0.1886,163
10,206,injector_drift,27567.1,0.5008,4352.0,75.0,98.63,874.26,386.0,94.02,27.219,429.68,1.0313,0.1145,0.0,51.83,0.1897,162
10,207,injector_drift,27149.2,0.5084,4395.0,72.3,97.33,856.86,388.65,92.71,26.86,439.85,0.9506,0.1067,0.0,58.35,0.1897,161
10,208,injector_drift,27211.8,0.5073,4438.0,69.1,100.06,862.64,365.91,96.87,26.757,458.44,1.1812,0.1074,0.0,53.54,0.1945,160
10,209,injector_drift,27426.8,0.5034,4463.0,76.7,101.18,858.54,378.65,94.38,27.995,431.92,1.082,0.1142,0.0,56.8,0.1949,159
10,210,injector_drift,27105.5,0.5092,4426.0,75.1,95.58,861.58,379.71,92.17,27.348,431.22,1.0174,0.1097,0.0,56.75,0.1951,158
10,211,injector_drift,27215.1,0.5072,4342.0,76.4,101.5,856.61,387.54,96.18,26.912,416.98,1.0309,0.1129,0.0,59.46,0.1951,157
10,212,injector_drift,26981.3,0.5115,4385.0,73.0,98.13,878.85,377.21,89.11,26.888,436.07,0.9946,0.1186,0.0,68.29,0.2014,156
10,213,injector_drift,27154.7,0.5083,4363.0,76.4,101.44,873.53,388.43,95.18,26.838,415.59,1.1848,0.1474,0.0,61.11,0.2081,155
10,214,injector_drift,27255.2,0.5065,4307.0,77.6,97.36,878.72,380.24,91.64,27.202,414.97,1.2508,0.0571,0.0,56.58,0.2081,154
10,215,injector_drift,26933.3,0.5124,4343.0,79.7,98.2,859.76,379.79,93.27,28.163,417.96,0.9884,0.1499,0.0,55.92,0.21,153
10,216,injector_drift,26958.8,0.5119,4458.0,76.9,101.33,850.04,372.82,93.72,27.282,419.92,1.1914,0.1642,0.0,57.94,0.21,152
10,217,injector_drift,26773.8,0.5153,4389.0,75.6,102.33,862.59,386.87,96.11,26.749,418.93,1.0978,0.0793,0.0,54.93,0.2143,151
10,218,injector_drift,26716.9,0.5164,4474.0,70.2,100.48,882.4,362.73,98.69,27.136,457.25,1.2189,0.1152,0.0,59.99,0.2143,150
10,219,injector_drift,26634.7,0.5179,4285.0,74.0,104.1,861.58,395.39,90.73,27.034,432.24,0.9708,0.1417,0.0,47.23,0.2143,149
10,220,injector_drift,26805.9,0.5148,4327.0,70.0,99.02,871.03,391.03,95.22,27.184,459.38,1.1401,0.1333,0.0,58.42,0.2164,148
10,221,injector_drift,26402.7,0.5222,4375.0,71.8,99.12,856.4,375.52,98.83,26.986,444.78,1.1006,0.1499,0.0,59.26,0.2213,147
10,222,injector_drift,26489.8,0.5206,4395.0,80.1,100.37,863.26,383.15,93.39,28.176,416.38,1.1979,0.1254,0.0,54.59,0.2266,146
10,223,injector_drift,26523.9,0.52,4343.0,71.1,100.28,864.77,380.34,93.26,26.695,444.29,1.1501,0.0773,0.0,58.48,0.2266,145
10,224,injector_drift,26519.8,0.5201,4398.0,67.1,101.27,880.67,386.41,95.04,26.36,464.86,1.151,0.1446,0.0,66.15,0.2284,144
10,225,injector_drift,26368.4,0.5229,4398.0,76.5,99.76,877.45,382.11,96.24,27.768,429.4,1.1422,0.1314,0.0,66.57,0.229,143
10,226,injector_drift,26208.5,0.5259,4267.0,72.0,101.94,851.94,394.49,96.07,26.353,432.99,1.2965,0.1507,0.0,58.75,0.238,142
10,227,injector_drift,26049.2,0.5289,4395.0,76.3,101.98,876.36,365.11,94.09,27.351,424.19,1.163,0.0914,0.0,64.25,0.2403,141
10,228,injector_drift,26186.6,0.5263,4414.0,70.4,103.57,858.91,374.67,93.2,27.388,460.11,1.2462,0.0978,0.0,54.14,0.2403,140
10,229,injector_drift,25829.1,0.533,4368.0,72.6,100.42,863.74,365.51,97.44,26.321,428.88,1.2273,0.1224,0.0,60.15,0.2403,139
10,230,injector_drift,25740.8,0.5347,4240.0,77.4,101.67,875.68,379.15,93.26,27.514,420.43,1.2481,0.1488,0.0,62.78,0.2403,138
10,231,injector_drift,25979.1,0.5302,4333.0,69.8,102.25,880.7,389.67,91.13,26.461,448.36,1.1143,0.1567,0.0,69.97,0.2481,137
10,232,injector_drift,25736.0,0.5348,4376.0,73.3,101.37,882.29,376.6,92.08,26.53,428.62,1.2552,0.1103,0.0,68.41,0.2494,136
10,233,injector_drift,25645.1,0.5365,4298.0,74.6,101.07,874.81,383.61,93.84,26.921,427.18,1.2255,0.1167,0.0,63.49,0.2494,135
10,234,injector_drift,25577.5,0.5378,4405.0,71.5,98.43,874.68,374.38,98.09,27.11,448.73,1.1176,0.184,0.0,58.42,0.2553,134
10,235,injector_drift,25373.6,0.5417,4394.0,74.3,101.66,884.1,374.56,92.73,27.071,431.02,1.1958,0.1155,0.0,69.77,0.2553,133
10,236,injector_drift,25070.4,0.5476,4358.0,73.6,102.6,861.93,369.22,98.29,27.777,446.68,1.4138,0.1422,0.0,61.92,0.2625,132
10,237,injector_drift,25220.2,0.5447,4351.0,75.1,101.62,889.91,368.45,97.86,27.457,432.71,1.1989,0.1197,0.0,65.86,0.2625,131
10,238,injector_drift,25074.4,0.5475,4362.0,79.0,100.55,871.35,368.87,95.7,27.461,411.57,1.2011,0.1383,0.0,63.02,0.2625,130
10,239,injector_drift,24841.0,0.552,4350.0,81.4,99.33,881.66,355.46,90.25,27.297,396.84,1.279,0.113,0.0,74.04,0.2676,129
10,240,injector_drift,24697.4,0.5548,4273.0,74.7,102.59,872.88,374.69,93.04,27.519,435.91,1.2067,0.1144,0.0,61.29,0.2704,128
10,241,injector_drift,24742.9,0.5539,4324.0,72.9,102.09,867.87,373.11,94.25,28.164,457.03,1.2745,0.1253,0.0,69.39,0.2757,127
10,242,injector_drift,24433.6,0.56,4354.0,74.5,104.26,882.79,365.47,99.08,27.174,431.53,1.241,0.1234,0.0,64.87,0.2811,126
10,243,injector_drift,24501.2,0.5587,4435.0,72.4,100.07,880.59,363.85,94.54,27.106,442.82,1.3164,0.1291,0.0,68.4,0.284,125
10,244,injector_drift,24366.9,0.5613,4392.0,68.3,101.54,875.83,369.92,94.14,26.669,462.01,1.2798,0.1458,0.0,73.68,0.2842,124
10,245,injector_drift,24270.6,0.5632,4438.0,72.9,100.32,878.19,369.37,96.1,27.848,452.25,1.4462,0.1737,0.0,55.74,0.2862,123
10,246,injector_drift,24229.0,0.564,4266.0,76.2,103.9,893.71,365.15,92.95,27.951,434.13,1.2988,0.1247,0.0,65.61,0.2882,122
10,247,injector_drift,24140.4,0.5658,4329.0,68.5,104.2,895.2,364.42,95.72,26.94,465.5,1.2774,0.1167,0.0,61.47,0.2882,121
10,248,injector_drift,23817.0,0.5723,4474.0,69.9,105.43,890.13,364.97,94.33,26.989,457.18,1.3983,0.1391,0.0,68.89,0.2962,120
10,249,injector_drift,23929.1,0.57,4305.0,71.0,103.35,883.06,372.3,101.32,26.922,448.72,1.2066,0.1221,0.0,70.19,0.297,119
10,250,injector_drift,23639.0,0.5758,4304.0,73.8,103.99,871.22,375.19,94.29,27.385,439.14,1.4783,0.1092,0.0,65.23,0.3065,118
10,251,injector_drift,23806.3,0.5725,4334.0,79.7,103.48,892.31,373.47,99.99,28.265,419.47,1.2638,0.1632,0.0,64.97,0.3065,117
10,252,injector_drift,23325.3,0.5822,4471.0,70.1,103.79,889.01,372.33,93.95,27.314,461.03,1.4523,0.1451,0.0,69.07,0.3117,116
10,253,injector_drift,23039.4,0.588,4310.0,72.7,103.01,891.12,364.15,96.76,27.971,455.03,1.4734,0.1471,0.0,61.69,0.3117,115
10,254,injector_drift,23272.5,0.5832,4383.0,72.4,103.93,876.22,371.23,97.29,27.157,443.79,1.3216,0.1057,0.0,69.95,0.3142,114
10,255,injector_drift,23076.0,0.5872,4374.0,71.4,106.39,893.25,355.43,96.71,26.486,438.84,1.3491,0.1348,0.0,64.85,0.3215,113
10,256,injector_drift,23055.4,0.5877,4234.0,72.1,103.57,899.84,381.82,96.64,28.503,467.77,1.3816,0.1189,0.0,72.83,0.3241,112
10,257,injector_drift,22782.9,0.5932,4349.0,70.8,103.37,879.63,363.79,98.28,27.48,459.42,1.4501,0.1479,0.0,62.91,0.3277,111
10,258,injector_drift,22947.1,0.5899,4317.0,80.3,103.71,898.25,365.5,97.44,28.287,416.7,1.3269,0.1517,0.0,66.87,0.33,110
10,259,injector_drift,22425.8,0.6006,4391.0,74.3,103.33,884.63,363.37,96.38,27.319,435.25,1.4154,0.1536,0.0,66.51,0.3363,109
10,260,injector_drift,22467.5,0.5998,4454.0,70.6,104.0,889.15,345.54,95.44,26.878,450.65,1.408,0.1385,0.0,69.07,0.3395,108
10,261,injector_drift,22086.5,0.6077,4329.0,75.4,103.36,884.82,353.47,96.46,27.776,435.81,1.341,0.1348,0.0,77.44,0.3395,107
10,262,injector_drift,22092.2,0.6076,4329.0,72.6,105.47,889.21,359.77,96.53,26.762,436.45,1.3627,0.1494,0.0,75.21,0.3442,106
10,263,injector_drift,21971.7,0.6101,4501.0,71.9,105.51,890.6,351.19,96.64,27.438,451.68,1.478,0.1627,0.0,69.27,0.3518,105
10,264,injector_drift,21844.8,0.6128,4307.0,71.1,107.19,896.24,371.3,97.19,27.906,464.55,1.4766,0.144,0.0,69.26,0.3518,104
10,265,injector_drift,21684.7,0.6162,4269.0,70.8,103.9,899.93,355.01,94.22,27.659,462.3,1.4067,0.1368,0.0,76.09,0.3518,103
10,266,injector_drift,20929.6,0.6323,4433.0,67.8,104.57,902.82,360.32,95.14,27.43,478.7,1.4973,0.1401,0.0,66.57,0.3599,102
10,267,injector_drift,21250.0,0.6255,4347.0,66.4,104.65,888.45,352.71,98.98,27.96,498.56,1.4563,0.1466,0.0,73.04,0.3658,101
10,268,injector_drift,21017.7,0.6304,4367.0,72.4,104.62,899.8,351.44,92.84,27.779,453.96,1.6157,0.151,0.0,69.99,0.3669,100
10,269,injector_drift,20889.4,0.6332,4484.0,70.6,106.24,889.29,344.61,99.92,26.793,448.84,1.53,0.1409,0.0,73.0,0.3762,99
10,270,injector_drift,20744.2,0.6364,4266.0,73.8,102.26,900.01,353.64,96.52,27.703,444.43,1.643,0.1557,0.0,78.41,0.3819,98
10,271,injector_drift,20772.4,0.6358,4338.0,68.4,105.37,898.55,354.77,100.98,28.209,488.21,1.4197,0.1893,0.0,71.02,0.3819,97
10,272,injector_drift,20493.8,0.6418,4276.0,67.7,107.72,890.82,352.32,100.12,27.278,477.06,1.5857,0.1592,0.0,79.38,0.3835,96
10,273,injector_drift,20223.4,0.6478,4370.0,73.2,106.78,905.44,341.51,97.01,28.48,460.42,1.6076,0.1403,0.0,85.51,0.3835,95
10,274,injector_drift,19913.9,0.6546,4317.0,69.9,106.89,900.62,348.94,97.45,27.986,473.81,1.5835,0.1233,0.0,78.58,0.3951,94
10,275,injector_drift,20197.2,0.6483,4280.0,73.3,106.29,904.84,355.1,101.09,27.616,446.08,1.5523,0.2053,0.0,75.16,0.3953,93
10,276,injector_drift,19701.9,0.6593,4394.0,70.7,104.25,913.21,337.34,100.55,27.211,455.44,1.5981,0.1929,0.0,81.81,0.4003,92
10,277,injector_drift,19609.6,0.6614,4351.0,76.1,104.27,904.75,349.74,100.14,28.138,437.3,1.6981,0.1786,0.0,71.31,0.4095,91
10,278,injector_drift,19778.9,0.6576,4275.0,72.7,104.27,913.25,357.12,100.48,28.303,460.78,1.5418,0.1961,0.0,84.46,0.4095,90
10,279,injector_drift,19192.5,0.6708,4279.0,71.6,103.69,917.59,358.6,96.03,27.098,448.13,1.697,0.1836,0.0,73.16,0.4103,89
10,280,injector_drift,19070.1,0.6735,4362.0,72.6,106.88,918.17,347.11,98.67,27.851,453.75,1.674,0.1723,0.0,87.99,0.4127,88
10,281,injector_drift,18970.9,0.6758,4250.0,69.3,108.04,907.31,337.15,97.02,26.841,458.19,1.675,0.1536,0.0,74.93,0.428,87
10,282,injector_drift,18518.4,0.6861,4364.0,65.1,106.58,899.8,345.46,96.41,27.283,495.81,1.6908,0.2177,0.0,82.18,0.4319,86
10,283,injector_drift,18322.9,0.6906,4430.0,71.0,107.16,905.01,343.92,98.98,27.114,451.71,1.7154,0.171,0.0,71.13,0.4326,85
10,284,injector_drift,18329.5,0.6905,4390.0,75.7,106.45,900.71,335.63,97.86,28.286,442.3,1.8488,0.1727,0.0,78.03,0.4344,84
10,285,injector_drift,18153.8,0.6946,4313.0,62.9,107.12,914.94,341.24,98.58,27.057,509.15,1.7794,0.1844,0.0,74.7,0.4455,83
10,286,injector_drift,18058.8,0.6968,4366.0,71.1,103.37,921.86,339.98,98.12,28.324,471.63,1.7103,0.1879,0.0,73.84,0.4561,82
10,287,injector_drift,17708.5,0.705,4275.0,65.0,107.0,913.76,352.38,96.61,27.278,496.94,1.7509,0.1983,0.0,87.08,0.4561,81
10,288,injector_drift,17735.6,0.7043,4358.0,69.4,105.9,904.03,335.96,102.52,27.508,469.09,1.6941,0.196,0.0,74.91,0.4561,80
10,289,injector_drift,17160.9,0.7179,4330.0,69.6,106.74,914.49,342.38,99.64,27.163,461.82,1.6681,0.1784,0.0,78.3,0.4664,79
10,290,injector_drift,17286.5,0.7149,4288.0,71.5,107.14,929.4,341.06,96.44,28.079,464.71,1.7263,0.1904,0.0,77.72,0.4664,78
10,291,injector_drift,17162.5,0.7179,4387.0,69.8,105.86,923.56,334.41,99.8,28.036,475.36,1.8465,0.2024,0.0,88.16,0.4717,77
10,292,injector_drift,16967.9,0.7225,4231.0,73.2,105.33,926.64,349.0,102.48,28.418,459.54,1.9388,0.1783,0.0,87.54,0.4717,76
10,293,injector_drift,16703.1,0.7289,4279.0,72.5,106.08,948.81,331.75,101.56,28.298,462.16,1.9516,0.2236,0.0,89.76,0.4823,75
10,294,injector_drift,16436.2,0.7353,4286.0,68.3,105.08,923.39,337.34,98.66,27.953,484.57,1.7874,0.195,0.0,79.69,0.4847,74
10,295,injector_drift,16313.0,0.7383,4320.0,72.0,105.85,908.23,332.1,98.96,28.302,464.95,1.8595,0.2313,0.0,91.54,0.4976,73
10,296,injector_drift,16332.1,0.7379,4428.0,67.7,106.05,914.53,317.49,98.04,28.083,490.82,1.8483,0.1714,0.0,80.81,0.4976,72
10,297,injector_drift,15861.3,0.7494,4395.0,67.1,105.66,927.54,333.86,98.66,28.163,496.78,1.7489,0.2152,0.0,81.86,0.5071,71
10,298,injector_drift,15900.9,0.7484,4356.0,64.8,108.67,924.74,332.87,98.88,27.063,494.05,1.9518,0.1852,0.0,82.4,0.5099,70
10,299,injector_drift,15726.6,0.7527,4353.0,72.3,106.7,928.32,327.12,97.39,27.958,457.82,2.051,0.1922,0.0,83.14,0.5162,69
10,300,injector_drift,15096.3,0.7684,4349.0,67.3,105.42,927.49,324.33,99.57,27.221,478.47,1.9902,0.225,0.0,86.62,0.523,68
10,301,injector_drift,15137.0,0.7674,4432.0,60.9,107.69,920.09,321.03,101.23,27.629,537.29,1.9228,0.2035,0.0,83.23,0.527,67
10,302,injector_drift,14808.0,0.7756,4241.0,69.6,106.74,934.62,334.12,99.79,28.689,487.54,1.9705,0.2612,0.0,88.94,0.531,66
10,303,injector_drift,14526.8,0.7828,4396.0,66.6,110.73,942.44,321.47,101.16,28.232,501.65,2.0305,0.2212,0.0,75.22,0.5363,65
10,304,injector_drift,14667.2,0.7792,4320.0,66.9,108.99,947.46,319.21,104.17,27.683,489.71,2.1532,0.1999,0.0,90.29,0.5461,64
10,305,injector_drift,14414.6,0.7856,4380.0,67.0,106.58,947.27,317.08,104.59,28.133,497.04,2.0769,0.2242,0.0,83.7,0.5461,63
10,306,injector_drift,14177.3,0.7917,4380.0,66.6,110.03,929.19,317.31,101.1,28.099,499.57,2.1976,0.2137,0.0,87.2,0.5616,62
10,307,injector_drift,13768.1,0.8023,4394.0,75.6,109.36,941.54,310.85,103.02,28.603,447.47,2.1455,0.2356,0.0,87.45,0.5631,61
10,308,injector_drift,13754.7,0.8026,4445.0,72.3,108.98,938.58,315.04,101.02,27.806,454.89,2.1881,0.2144,0.0,95.82,0.5678,60
10,309,injector_drift,13317.7,0.814,4268.0,69.3,111.9,946.09,315.71,100.54,28.702,489.87,2.1231,0.2309,0.0,94.35,0.5758,59
10,310,injector_drift,13316.0,0.8141,4410.0,67.9,108.16,940.76,306.94,99.36,27.628,481.88,2.1569,0.2278,0.0,91.33,0.5795,58
10,311,injector_drift,12994.4,0.8225,4346.0,70.4,111.37,942.57,333.67,101.92,28.132,472.9,2.1392,0.2277,0.0,89.27,0.5871,57
10,312,injector_drift,13039.4,0.8213,4322.0,67.6,109.29,955.41,326.7,103.98,28.509,498.85,2.3009,0.248,0.0,97.08,0.5907,56
10,313,injector_drift,12614.6,0.8326,4472.0,69.2,110.15,947.78,306.45,99.49,28.111,480.5,2.2703,0.1944,0.0,103.13,0.6017,55
10,314,injector_drift,12490.2,0.8359,4392.0,68.3,109.18,948.69,313.76,101.56,28.257,489.27,2.0252,0.234,0.0,94.48,0.6069,54
10,315,injector_drift,12276.0,0.8417,4325.0,66.9,109.46,951.93,316.79,101.62,28.215,498.79,2.3794,0.2203,0.0,87.3,0.6143,53
10,316,injector_drift,12014.2,0.8487,4407.0,69.3,110.11,957.53,304.19,102.99,28.369,484.72,2.4589,0.2105,0.0,92.73,0.6249,52
10,317,injector_drift,11825.0,0.8539,4347.0,65.1,107.9,955.48,309.35,103.02,28.137,511.77,2.316,0.2207,0.0,99.04,0.6249,51
10,318,injector_drift,11637.6,0.859,4324.0,66.4,111.5,965.03,305.65,103.75,28.287,504.26,2.4529,0.2277,0.0,94.82,0.6337,50
10,319,injector_drift,11239.6,0.8699,4314.0,63.2,111.2,941.24,314.85,106.52,28.046,525.53,2.4067,0.2361,0.0,92.96,0.6361,49
10,320,injector_drift,11215.7,0.8706,4368.0,63.4,109.12,957.23,309.75,101.25,27.719,517.53,2.3064,0.2517,0.0,93.96,0.6497,48
10,321,injector_drift,11065.2,0.8747,4313.0,58.3,112.48,952.44,313.3,101.25,27.169,551.78,2.6529,0.2574,0.0,99.42,0.6551,47
10,322,injector_drift,10774.7,0.8828,4359.0,67.1,113.88,956.87,301.9,103.74,28.744,506.88,2.5087,0.2405,0.0,91.94,0.6624,46
10,323,injector_drift,10440.8,0.8922,4403.0,67.8,110.87,967.17,309.91,106.29,28.828,503.07,2.5674,0.2824,0.0,100.04,0.6691,45
10,324,injector_drift,10298.1,0.8962,4357.0,68.8,110.84,973.28,297.69,100.58,28.623,492.65,2.5252,0.2451,0.0,101.2,0.6751,44
10,325,injector_drift,9994.6,0.9048,4469.0,62.1,114.09,958.49,301.84,104.5,28.277,539.08,2.6174,0.2186,0.0,100.01,0.6918,43
10,326,injector_drift,9807.9,0.9101,4351.0,66.6,113.03,979.0,292.65,103.43,28.05,498.56,2.6544,0.2507,0.0,97.05,0.6919,42
10,327,injector_drift,9423.4,0.9211,4431.0,65.1,112.43,955.16,282.13,105.71,27.384,497.48,2.5915,0.261,0.0,108.11,0.7002,41
10,328,injector_drift,9583.6,0.9165,4409.0,67.2,113.94,973.12,302.6,105.33,28.397,499.82,2.8238,0.1956,0.0,96.65,0.7035,40
10,329,injector_drift,9441.4,0.9206,4442.0,62.9,113.47,962.16,290.27,104.44,27.529,517.54,2.8112,0.2893,0.0,105.42,0.7173,39
10,330,injector_drift,8819.2,0.9387,4468.0,63.8,115.32,965.62,287.22,105.42,28.427,527.53,2.805,0.2647,0.0,108.63,0.7221,38
10,331,injector_drift,8815.9,0.9388,4244.0,60.0,113.39,971.46,291.41,103.32,28.683,565.74,2.7916,0.2465,0.0,106.65,0.7317,37
10,332,injector_drift,8689.1,0.9425,4366.0,62.4,114.29,971.04,280.74,106.42,28.09,532.85,2.7805,0.2531,0.0,112.85,0.7411,36
10,333,injector_drift,8098.6,0.9599,4343.0,64.4,115.43,953.45,281.53,107.7,28.253,518.99,2.9447,0.2891,0.0,101.47,0.7461,35
10,334,injector_drift,7689.8,0.9721,4357.0,64.8,110.27,982.86,285.04,105.25,28.121,513.44,2.9379,0.2934,0.0,103.78,0.7526,34
10,335,injector_drift,8011.7,0.9625,4326.0,59.1,115.72,982.08,284.24,104.3,28.21,564.76,2.8709,0.2638,0.0,105.72,0.7558,33
10,336,injector_drift,7552.8,0.9763,4317.0,62.5,113.62,979.37,271.39,105.11,28.432,538.26,2.8754,0.2539,0.0,125.75,0.77,32
10,337,injector_drift,7245.9,0.9855,4284.0,64.4,115.32,981.35,293.5,107.13,28.178,517.77,2.868,0.2859,0.0,112.52,0.7775,31
10,338,injector_drift,7100.0,0.99,4356.0,68.0,117.25,983.66,275.95,105.61,29.193,507.88,3.0266,0.2917,0.0,114.1,0.7847,30
10,339,injector_drift,6806.0,0.999,4406.0,61.1,114.69,973.12,280.43,103.62,29.553,572.03,3.0745,0.3016,0.0,115.36,0.8011,29
10,340,injector_drift,7073.3,0.9908,4320.0,65.0,114.66,975.82,271.74,108.07,29.207,531.58,3.2207,0.2813,0.0,113.15,0.8084,28
10,341,injector_drift,6317.3,1.014,4330.0,61.7,115.26,995.23,276.34,104.21,28.491,546.09,3.2068,0.2902,0.0,118.03,0.8087,27
10,342,injector_drift,6213.1,1.0173,4308.0,62.0,113.54,1000.69,279.68,107.32,28.551,545.29,3.1949,0.2975,0.0,104.77,0.8236,26
10,343,injector_drift,6124.4,1.02,4290.0,60.5,119.16,997.58,278.65,102.86,28.331,553.77,3.2119,0.3182,0.0,116.06,0.8297,25
10,344,injector_drift,5889.9,1.0274,4336.0,59.9,116.11,998.31,267.48,107.06,28.33,559.53,3.1817,0.3293,0.0,117.95,0.8423,24
10,345,injector_drift,5626.9,1.0356,4371.0,61.5,118.79,1003.58,269.38,106.82,29.041,558.82,3.3838,0.3364,0.0,121.42,0.848,23
10,346,injector_drift,5164.0,1.0503,4425.0,65.9,116.08,1007.48,265.83,103.23,29.361,526.9,3.3391,0.3335,0.0,111.45,0.8581,22
10,347,injector_drift,4970.1,1.0565,4278.0,60.4,116.97,995.76,265.73,108.11,28.209,552.61,3.4541,0.3479,0.0,113.07,0.872,21
10,348,injector_drift,4431.3,1.0739,4348.0,59.8,118.56,1005.52,254.82,105.42,28.819,570.17,3.5406,0.3346,0.0,114.2,0.8811,20
10,349,injector_drift,4510.6,1.0713,4421.0,63.0,115.79,1005.56,252.02,108.02,29.352,550.93,3.454,0.306,0.0,122.96,0.8927,19
10,350,injector_drift,4290.6,1.0784,4279.0,62.3,117.4,1006.29,259.75,107.12,28.739,545.82,3.4535,0.3499,0.0,123.44,0.8973,18
10,351,injector_drift,4160.6,1.0827,4426.0,62.0,119.07,1018.84,253.75,105.11,28.795,549.94,3.745,0.2935,0.0,116.55,0.9034,17
10,352,injector_drift,4082.0,1.0852,4324.0,62.8,117.82,1026.49,265.2,106.32,29.268,551.5,3.6733,0.3734,0.0,132.41,0.9204,16
10,353,injector_drift,3682.4,1.0983,4393.0,58.9,117.65,995.37,255.83,106.68,29.08,584.4,3.6498,0.3096,0.0,125.17,0.9305,15
10,354,injector_drift,3499.1,1.1044,4337.0,59.1,120.28,1014.24,246.61,110.76,29.006,580.91,3.8142,0.3497,0.0,125.19,0.9397,14
10,355,injector_drift,3098.5,1.1177,4378.0,64.6,120.88,1017.93,259.39,110.59,29.289,536.4,3.7189,0.3626,0.0,124.09,0.9458,13
10,356,injector_drift,3056.0,1.1191,4447.0,61.1,121.34,1029.99,242.76,113.49,29.164,564.92,3.8135,0.3458,0.0,130.62,0.9552,12
10,357,injector_drift,2627.2,1.1336,4343.0,63.2,118.38,1013.51,249.71,108.39,29.077,544.52,3.8141,0.3001,0.0,129.29,0.9705,11
10,358,injector_drift,2558.5,1.1359,4410.0,65.0,118.68,1003.46,235.55,108.45,28.869,526.0,3.8881,0.3241,0.0,137.36,0.9768,10
10,359,injector_drift,2269.9,1.1457,4366.0,63.7,119.15,1036.05,238.39,110.06,28.661,532.57,3.9267,0.3539,0.0,122.97,0.9893,9
10,360,injector_drift,1969.7,1.1559,4303.0,56.9,121.44,1038.3,246.83,109.48,29.187,606.9,3.9867,0.3656,0.0,123.15,1.0097,8
10,361,injector_drift,1441.1,1.1742,4341.0,60.5,118.78,1020.04,231.86,109.2,29.24,571.53,4.1079,0.3519,0.0,127.95,1.0183,7
10,362,injector_drift,1597.6,1.1687,4338.0,63.9,119.05,1036.54,236.38,110.62,29.605,548.36,4.0716,0.3591,0.0,135.05,1.0254,6
10,363,injector_drift,1251.5,1.1808,4265.0,62.2,119.86,1050.43,241.26,112.05,29.014,551.95,4.2019,0.3303,0.0,130.76,1.0322,5
10,364,injector_drift,1061.3,1.1874,4378.0,61.1,119.8,1031.44,224.68,106.64,29.357,568.94,4.1859,0.3985,0.0,140.26,1.0433,4
10,365,injector_drift,764.1,1.1978,4389.0,55.5,122.91,1041.54,216.73,110.04,29.066,620.17,4.1501,0.3602,0.0,133.35,1.0591,3
10,366,injector_drift,550.9,1.2054,4399.0,58.4,123.17,1049.32,229.87,108.65,29.771,603.23,4.4062,0.3877,0.0,141.98,1.073,2
10,367,injector_drift,434.1,1.2095,4436.0,60.3,121.36,1036.04,238.74,111.26,29.736,583.24,4.4357,0.4017,0.0,132.92,1.0786,1
11,0,cooling_degradation,205.4,1.2177,4512.0,65.0,96.74,811.07,411.43,90.71,26.261,477.83,0.7505,0.0126,0.0,45.32,0.0237,185
11,1,cooling_degradation,390.7,1.2111,4406.0,63.1,94.58,806.27,414.2,91.7,25.434,476.96,0.7812,0.0311,0.0,36.09,0.0237,184
11,2,cooling_degradation,1024.2,1.1887,4421.0,59.3,98.79,806.7,423.35,91.13,25.906,516.6,0.797,0.0624,0.0,44.9,0.0244,183
11,3,cooling_degradation,1466.0,1.1733,4244.0,55.5,95.3,802.61,419.48,91.57,26.209,559.03,0.6889,0.0559,0.0,47.7,0.0244,182
11,4,cooling_degradation,1978.0,1.1557,4232.0,53.6,98.6,811.22,428.61,89.59,24.689,544.6,0.6892,0.0493,0.0,43.7,0.0244,181
11,5,cooling_degradation,2567.2,1.1356,4332.0,67.3,95.49,811.88,408.48,92.58,25.877,455.12,0.8852,0.0694,0.0,30.57,0.0244,180
11,6,cooling_degradation,2994.0,1.1212,4457.0,61.0,95.65,824.79,403.15,88.06,25.121,487.33,0.6746,0.0285,0.0,33.29,0.0244,179
11,7,cooling_degradation,3397.7,1.1078,4498.0,64.1,98.09,818.85,418.28,90.32,26.309,485.97,1.0138,0.0454,0.0,45.01,0.0244,178
11,8,cooling_degradation,3891.6,1.0915,4309.0,59.2,94.39,821.68,414.78,92.71,25.604,511.96,0.8059,0.0682,0.0,30.08,0.026,177
11,9,cooling_degradation,4072.3,1.0855,4315.0,61.4,95.85,802.9,410.07,90.21,25.614,493.99,0.7311,0.0448,0.0,45.39,0.026,176
11,10,cooling_degradation,4725.9,1.0643,4383.0,61.8,96.58,811.59,413.39,89.66,25.888,496.01,0.8471,0.0641,0.0,47.27,0.026,175
11,11,cooling_degradation,5034.7,1.0544,4338.0,63.5,96.38,818.57,423.49,95.1,25.679,478.5,0.6165,0.0349,0.0,48.02,0.026,174
11,12,cooling_degradation,5663.7,1.0345,4340.0,63.3,95.85,821.03,411.22,93.36,25.729,480.98,0.7869,0.0414,0.0,41.15,0.0262,173
11,13,cooling_degradation,6298.7,1.0146,4388.0,60.5,95.68,811.21,412.83,90.84,25.839,505.28,0.7985,0.0227,0.0,44.7,0.0279,172
11,14,cooling_degradation,6593.2,1.0055,4513.0,60.7,97.09,812.49,395.71,88.62,25.498,496.83,0.7136,0.0172,0.0,43.55,0.0279,171
11,15,cooling_degradation,6679.5,1.0029,4428.0,63.5,96.09,814.77,408.25,86.49,25.722,479.11,0.7644,0.0488,0.0,35.15,0.0279,170
11,16,cooling_degradation,7357.5,0.9822,4462.0,58.8,97.26,813.13,415.36,91.98,25.561,514.77,0.937,0.0674,0.0,46.24,0.0279,169
11,17,cooling_degradation,8058.6,0.9611,4239.0,61.8,96.41,834.35,415.81,93.09,25.842,494.85,0.8296,0.0561,0.0,49.46,0.0279,168
11,18,cooling_degradation,8345.2,0.9526,4414.0,64.1,96.8,820.67,404.12,91.35,26.181,483.73,0.8469,0.0816,0.0,45.96,0.0279,167
11,19,cooling_degradation,8995.8,0.9335,4293.0,65.9,97.6,820.01,412.7,87.19,26.297,471.89,0.7541,0.0513,0.0,40.23,0.0305,166
11,20,cooling_degradation,9146.8,0.9291,4451.0,69.5,95.44,811.4,405.82,90.93,25.677,437.18,0.7112,0.0168,0.0,46.45,0.0305,165
11,21,cooling_degradation,9832.1,0.9094,4431.0,63.8,97.55,808.74,415.02,89.64,26.498,491.47,0.7978,0.066,0.0,49.24,0.0305,164
11,22,cooling_degradation,10283.8,0.8966,4386.0,65.6,95.71,818.24,414.61,90.97,26.072,470.47,0.6222,0.0382,0.0,48.76,0.0325,163
11,23,cooling_degradation,10778.7,0.8827,4305.0,60.1,93.83,826.25,419.81,94.54,25.588,503.78,0.731,0.0623,0.0,48.06,0.0325,162
11,24,cooling_degradation,11000.0,0.8765,4321.0,66.9,95.45,819.04,415.77,92.23,25.769,455.51,0.7186,0.014,0.0,34.97,0.0325,161
11,25,cooling_degradation,11650.2,0.8586,4326.0,63.5,94.88,817.83,411.47,91.82,26.72,498.36,0.6564,0.0545,0.0,45.0,0.0334,160
11,26,cooling_degradation,12190.8,0.844,4396.0,65.5,96.55,814.28,406.93,90.59,26.992,487.8,0.872,0.0743,0.0,46.29,0.034,159
11,27,cooling_degradation,12052.1,0.8477,4374.0,68.1,95.61,808.02,414.9,91.55,26.956,468.67,0.8114,0.0724,0.0,48.43,0.036,158
11,28,cooling_degradation,12825.3,0.827,4435.0,68.4,96.23,825.62,418.8,89.27,26.28,454.55,0.7723,0.0558,0.0,45.82,0.036,157
11,29,cooling_degradation,12967.5,0.8232,4447.0,62.7,97.6,817.68,402.69,91.87,26.034,491.14,0.8773,0.0604,0.0,51.17,0.0379,156
11,30,cooling_degradation,13526.4,0.8086,4299.0,69.7,98.32,826.81,409.57,90.38,26.913,456.82,0.6923,0.0515,0.0,34.29,0.0381,155
11,31,cooling_degradation,13951.8,0.7975,4379.0,67.4,96.61,824.09,404.28,89.19,26.094,458.04,0.7196,0.0565,0.0,46.53,0.0416,154
11,32,cooling_degradation,14467.7,0.7843,4378.0,71.6,97.89,817.9,415.55,92.52,26.666,441.02,0.9196,0.0759,0.0,46.42,0.0447,153
11,33,cooling_degradation,14939.1,0.7723,4344.0,72.4,96.0,827.82,411.99,86.43,26.589,434.87,1.0128,0.0484,0.0,48.54,0.0447,152
11,34,cooling_degradation,15418.9,0.7603,4407.0,73.0,93.92,816.01,412.46,89.8,27.304,442.61,0.885,0.0504,0.0,51.73,0.0447,151
11,35,cooling_degradation,15718.9,0.7529,4379.0,64.1,94.48,823.64,407.43,92.12,26.579,490.5,0.868,0.0318,0.0,39.58,0.0447,150
11,36,cooling_degradation,16172.0,0.7418,4316.0,69.8,95.98,824.41,417.24,93.36,26.293,445.68,0.7845,0.0766,0.0,51.64,0.0455,149
11,37,cooling_degradation,16296.2,0.7387,4341.0,64.1,97.46,834.38,410.51,91.85,26.614,491.48,0.7863,0.0573,0.0,48.17,0.0455,148
11,38,cooling_degradation,16998.8,0.7218,4329.0,72.9,96.17,821.08,402.32,89.71,26.558,430.98,0.8567,0.0405,0.0,43.79,0.0525,147
11,39,cooling_degradation,16723.3,0.7284,4306.0,73.6,98.3,818.22,417.85,90.99,26.387,424.54,0.9509,0.0829,0.0,40.39,0.0548,146
11,40,cooling_degradation,17819.2,0.7024,4345.0,72.4,99.26,824.93,410.17,91.68,26.419,432.09,0.8752,0.0644,0.0,45.91,0.0548,145
11,41,cooling_degradation,18159.6,0.6944,4272.0,68.3,95.17,831.11,412.16,94.22,26.352,456.28,0.9177,0.0505,0.0,46.36,0.0548,144
11,42,cooling_degradation,18432.3,0.6881,4378.0,71.4,99.7,805.4,410.4,92.94,26.165,433.39,0.7678,0.0832,0.0,46.64,0.0548,143
11,43,cooling_degradation,19011.0,0.6749,4434.0,68.3,94.11,833.71,396.87,93.0,26.093,451.8,0.8929,0.0592,0.0,41.99,0.057,142
11,44,cooling_degradation,18757.7,0.6806,4353.0,70.2,99.34,825.98,412.18,91.27,25.836,435.33,0.7898,0.0346,0.0,48.17,0.057,141
11,45,cooling_degradation,19491.2,0.664,4407.0,70.1,96.56,818.81,403.04,89.03,26.082,440.31,0.8566,0.0857,0.0,43.25,0.0586,140
11,46,cooling_degradation,19735.0,0.6586,4359.0,64.6,96.25,822.23,408.05,88.36,26.173,479.72,0.8947,0.0497,0.0,51.36,0.0586,139
11,47,cooling_degradation,20086.2,0.6508,4289.0,68.3,96.59,821.12,419.35,90.57,26.721,462.91,0.8029,0.1269,0.0,53.83,0.0586,138
11,48,cooling_degradation,20204.0,0.6482,4470.0,77.7,95.42,821.96,407.28,92.57,27.235,414.64,0.764,0.0576,0.0,41.21,0.0586,137
11,49,cooling_degradation,20760.9,0.636,4205.0,70.8,98.91,813.27,415.27,90.21,26.634,445.01,0.8769,0.0268,0.0,45.77,0.0607,136
11,50,cooling_degradation,21071.0,0.6293,4351.0,71.7,95.62,835.08,408.43,92.36,25.905,427.33,0.8371,0.1022,0.0,50.33,0.0607,135
11,51,cooling_degradation,21226.5,0.626,4304.0,71.4,95.84,824.78,395.86,89.64,26.155,433.51,0.8598,0.0663,0.0,46.92,0.0616,134
11,52,cooling_degradation,21624.6,0.6175,4445.0,70.4,94.69,826.32,398.65,90.02,26.37,443.54,0.9054,0.0735,0.0,39.08,0.0649,133
11,53,cooling_degradation,21736.4,0.6151,4363.0,71.9,95.71,837.33,408.37,94.15,26.93,443.5,0.9595,0.0765,0.0,50.32,0.0666,132
11,54,cooling_degradation,22166.6,0.606,4503.0,70.7,95.76,830.43,395.77,92.87,26.251,439.51,0.908,0.0417,0.0,42.96,0.0666,131
11,55,cooling_degradation,22656.0,0.5959,4352.0,65.2,95.64,814.78,399.95,90.72,25.658,465.63,0.8975,0.0255,0.0,46.99,0.0666,130
11,56,cooling_degradation,22938.5,0.5901,4304.0,74.6,96.64,838.13,412.51,89.74,27.299,433.25,0.8196,0.1091,0.0,41.36,0.0703,129
11,57,cooling_degradation,23179.6,0.5851,4247.0,77.2,95.24,845.93,420.32,93.3,26.584,407.54,0.8319,0.0387,0.0,50.3,0.0703,128
11,58,cooling_degradation,23474.6,0.5791,4416.0,69.0,99.33,834.34,399.42,93.19,25.941,444.88,0.898,0.1032,0.0,44.36,0.0719,127
11,59,cooling_degradation,23736.1,0.5739,4300.0,71.4,96.71,824.59,414.82,92.72,26.626,441.33,0.8326,0.081,0.0,50.97,0.0719,126
11,60,cooling_degradation,23746.3,0.5737,4325.0,77.3,97.59,823.38,412.09,91.15,26.879,411.65,0.9019,0.0749,0.0,45.68,0.0751,125
11,61,cooling_degradation,24139.6,0.5658,4424.0,70.6,98.31,824.61,396.94,89.31,26.298,440.88,0.8006,0.0621,0.0,44.35,0.0751,124
11,62,cooling_degradation,24490.6,0.5589,4413.0,74.2,100.11,834.9,398.58,91.51,26.722,426.22,1.0229,0.1182,0.0,49.01,0.0772,123
11,63,cooling_degradation,24352.5,0.5616,4313.0,86.1,98.5,851.73,418.53,94.38,27.072,371.94,0.8858,0.0586,0.0,41.69,0.0784,122
11,64,cooling_degradation,24576.5,0.5572,4323.0,75.2,96.78,829.15,400.23,89.79,26.586,418.54,0.8829,0.0597,0.0,56.21,0.0802,121
11,65,cooling_degradation,24785.8,0.5531,4245.0,73.6,95.64,830.06,406.51,91.77,26.695,429.24,0.8391,0.0875,0.0,48.48,0.0839,120
11,66,cooling_degradation,24944.5,0.55,4227.0,76.2,97.76,844.7,422.86,94.95,26.048,404.8,1.0308,0.0606,0.0,44.72,0.0839,119
11,67,cooling_degradation,25257.9,0.544,4396.0,75.9,98.92,833.68,398.6,91.14,27.244,424.53,0.7821,0.0548,0.0,45.85,0.0872,118
11,68,cooling_degradation,25532.6,0.5387,4402.0,71.7,97.54,848.76,409.8,91.49,26.06,429.93,0.8261,0.0739,0.0,47.93,0.0872,117
11,69,cooling_degradation,26026.7,0.5293,4371.0,68.6,97.41,832.3,397.1,89.04,26.046,449.25,0.9507,0.0888,0.0,52.83,0.0872,116
11,70,cooling_degradation,25915.3,0.5314,4361.0,75.7,97.65,846.37,404.58,92.99,27.247,425.96,0.9015,0.1127,0.0,43.37,0.0872,115
11,71,cooling_degradation,25927.0,0.5312,4308.0,76.2,94.81,842.85,410.9,90.49,27.147,421.37,0.8528,0.1202,0.0,47.02,0.0985,114
11,72,cooling_degradation,26345.3,0.5233,4438.0,73.2,97.83,843.93,395.06,88.86,26.772,432.78,0.8551,0.0427,0.0,48.62,0.0985,113
11,73,cooling_degradation,26450.5,0.5213,4243.0,79.1,98.72,839.81,408.22,90.06,26.409,395.0,0.8757,0.0993,0.0,56.58,0.0985,112
11,74,cooling_degradation,26512.3,0.5202,4322.0,78.6,97.55,840.08,408.14,92.39,26.818,403.79,0.9071,0.0588,0.0,53.86,0.0985,111
11,75,cooling_degradation,26684.4,0.517,4360.0,76.7,99.45,844.67,395.3,88.93,26.879,414.91,1.0324,0.0616,0.0,57.36,0.1045,110
11,76,cooling_degradation,27068.1,0.5099,4350.0,73.6,99.54,846.6,414.28,89.36,26.73,429.92,0.9596,0.0701,0.0,49.74,0.1065,109
11,77,cooling_degradation,26824.2,0.5144,4350.0,68.2,97.08,842.11,406.76,93.28,26.928,467.19,0.9957,0.0693,0.0,56.9,0.1082,108
11,78,cooling_degradation,26905.6,0.5129,4319.0,74.0,98.51,826.67,399.95,92.02,27.618,441.53,0.8791,0.06,0.0,56.07,0.1082,107
11,79,cooling_degradation,27337.5,0.505,4382.0,69.1,98.02,841.39,396.7,90.42,26.786,458.75,0.9622,0.0362,0.0,53.62,0.1126,106
11,80,cooling_degradation,27279.5,0.5061,4277.0,67.6,94.91,833.32,414.84,91.61,26.236,459.35,0.7966,0.1117,0.0,54.02,0.1126,105
11,81,cooling_degradation,27700.6,0.4984,4341.0,76.7,97.77,839.46,397.44,95.79,27.491,424.41,0.9408,0.1017,0.0,47.46,0.1159,104
11,82,cooling_degradation,27532.9,0.5015,4376.0,78.3,96.55,848.67,394.7,94.92,26.873,406.26,0.9385,0.0839,0.0,59.73,0.1176,103
11,83,cooling_degradation,27621.4,0.4999,4330.0,69.0,98.37,854.71,406.07,92.21,25.512,437.85,1.0806,0.066,0.0,49.68,0.1211,102
11,84,cooling_degradation,27826.8,0.4962,4350.0,74.1,99.2,841.83,389.78,94.06,26.369,421.27,1.0595,0.11,0.0,53.7,0.1211,101
11,85,cooling_degradation,27522.4,0.5017,4363.0,74.8,98.1,862.07,395.26,92.87,26.0,411.21,0.9315,0.0871,0.0,55.2,0.1313,100
11,86,cooling_degradation,27880.2,0.4952,4244.0,74.0,97.13,837.56,401.8,89.12,26.755,427.69,0.8903,0.0775,0.0,45.14,0.1333,99
11,87,cooling_degradation,27823.1,0.4962,4250.0,70.8,98.82,854.57,396.79,88.76,26.643,445.35,0.8925,0.0561,0.0,51.74,0.1333,98
11,88,cooling_degradation,28072.3,0.4918,4358.0,78.9,102.22,852.8,385.76,90.9,26.575,398.36,0.9366,0.1005,0.0,53.24,0.1358,97
11,89,cooling_degradation,27853.5,0.4957,4313.0,70.9,95.28,847.01,397.79,89.56,26.389,440.34,1.0643,0.083,0.0,51.66,0.1358,96
11,90,cooling_degradation,28001.3,0.493,4317.0,69.1,98.99,856.49,400.53,93.35,26.069,446.21,1.0013,0.0963,0.0,52.43,0.1403,95
11,91,cooling_degradation,27937.1,0.4942,4384.0,70.9,97.83,841.2,388.97,91.71,26.692,445.72,1.0095,0.0944,0.0,60.09,0.1403,94
11,92,cooling_degradation,28060.9,0.492,4291.0,76.4,98.15,860.41,389.73,93.76,26.754,414.18,1.0422,0.1053,0.0,48.94,0.1453,93
11,93,cooling_degradation,27961.3,0.4938,4205.0,74.2,98.69,847.98,408.15,93.84,27.374,436.6,0.9025,0.0977,0.0,46.97,0.1479,92
11,94,cooling_degradation,28030.3,0.4925,4449.0,72.7,98.53,845.55,390.1,94.5,26.975,439.21,0.9407,0.0897,0.0,51.12,0.1561,91
11,95,cooling_degradation,28237.8,0.4888,4423.0,76.6,100.08,843.09,385.22,91.36,27.8,429.66,1.0483,0.1084,0.0,58.21,0.161,90
11,96,cooling_degradation,27907.7,0.4947,4422.0,76.0,98.9,866.85,392.33,94.32,26.952,419.84,0.9511,0.1173,0.0,59.01,0.1645,89
11,97,cooling_degradation,27978.7,0.4934,4283.0,68.0,96.05,859.75,394.87,91.42,27.522,478.74,0.895,0.1298,0.0,58.0,0.1664,88
11,98,cooling_degradation,28220.9,0.4891,4345.0,76.5,101.24,851.09,400.96,94.76,27.174,420.44,0.9312,0.0766,0.0,59.56,0.1667,87
11,99,cooling_degradation,27888.1,0.4951,4274.0,78.5,101.13,861.26,396.97,95.87,27.095,408.72,1.1111,0.1226,0.0,56.69,0.1712,86
11,100,cooling_degradation,27408.1,0.5037,4346.0,74.5,98.61,856.76,380.35,94.95,28.046,445.46,1.0042,0.0697,0.0,53.16,0.1749,85
11,101,cooling_degradation,27608.9,0.5001,4329.0,74.1,99.6,852.73,385.6,93.14,26.329,420.28,1.0522,0.1218,0.0,51.02,0.1749,84
11,102,cooling_degradation,27455.9,0.5029,4285.0,80.5,101.61,868.64,386.28,94.83,27.255,400.75,0.9719,0.0927,0.0,50.33,0.1849,83
11,103,cooling_degradation,27694.4,0.4985,4380.0,72.6,101.38,852.57,386.59,90.68,26.348,429.3,1.0902,0.1221,0.0,55.74,0.1875,82
11,104,cooling_degradation,27453.7,0.5029,4334.0,74.2,101.98,841.75,384.45,90.32,26.389,420.78,1.047,0.1364,0.0,61.2,0.1917,81
11,105,cooling_degradation,27531.1,0.5015,4453.0,75.7,100.51,862.08,373.56,94.77,26.383,412.7,1.1043,0.1111,0.0,58.44,0.1917,80
11,106,cooling_degradation,27359.2,0.5046,4355.0,74.8,101.28,861.74,387.42,96.6,27.429,434.24,1.0463,0.1088,0.0,58.05,0.1992,79
11,107,cooling_degradation,27246.5,0.5067,4197.0,73.7,102.39,857.27,396.71,91.64,26.61,427.12,1.1378,0.1096,0.0,53.19,0.2052,78
11,108,cooling_degradation,26852.1,0.5139,4241.0,74.8,99.8,855.68,387.64,94.16,27.106,429.13,1.0583,0.1026,0.0,71.49,0.2066,77
11,109,cooling_degradation,26983.8,0.5115,4476.0,79.1,101.06,853.2,377.24,95.07,27.838,416.37,1.1007,0.1354,0.0,54.74,0.2096,76
11,110,cooling_degradation,26977.7,0.5116,4328.0,76.8,97.23,862.05,377.17,93.0,27.532,424.44,1.0899,0.1113,0.0,59.65,0.2117,75
11,111,cooling_degradation,26412.5,0.5221,4364.0,74.0,98.18,857.57,377.24,93.64,27.365,437.38,1.1237,0.0713,0.0,64.47,0.2162,74
11,112,cooling_degradation,26431.2,0.5217,4351.0,71.6,101.54,873.18,376.45,95.74,27.571,455.75,1.1655,0.1354,0.0,60.53,0.2257,73
11,113,cooling_degradation,26373.6,0.5228,4435.0,71.9,101.86,870.58,377.79,94.81,27.761,456.89,1.1122,0.1355,0.0,56.62,0.2295,72
11,114,cooling_degradation,26169.1,0.5266,4236.0,76.9,100.44,866.14,385.05,94.91,26.932,414.66,1.1538,0.1212,0.0,65.15,0.2345,71
11,115,cooling_degradation,26196.4,0.5261,4430.0,69.1,100.35,872.64,369.94,92.93,27.199,465.56,1.2029,0.1077,0.0,55.35,0.245,70
11,116,cooling_degradation,25909.1,0.5315,4426.0,81.0,100.75,873.55,369.91,94.84,27.61,403.24,1.2286,0.1003,0.0,70.76,0.245,69
11,117,cooling_degradation,25672.3,0.536,4350.0,73.6,101.68,869.65,363.18,94.2,27.234,437.75,1.1938,0.1093,0.0,63.91,0.25,68
11,118,cooling_degradation,25538.2,0.5386,4375.0,69.5,98.21,871.85,381.31,94.54,26.48,451.02,1.1571,0.1324,0.0,62.27,0.2616,67
11,119,cooling_degradation,25327.0,0.5426,4328.0,74.1,102.39,888.74,361.52,94.15,27.146,433.82,1.235,0.0916,0.0,56.46,0.2616,66
11,120,cooling_degradation,25008.1,0.5488,4249.0,71.0,101.89,879.61,379.34,95.31,27.028,450.56,1.2977,0.1389,0.0,58.36,0.268,65
11,121,cooling_degradation,24731.0,0.5542,4385.0,72.0,102.34,873.72,369.32,93.73,27.849,457.62,1.1502,0.1334,0.0,64.32,0.2732,64
11,122,cooling_degradation,24708.0,0.5546,4365.0,68.6,102.0,883.45,366.95,95.66,26.642,459.43,1.1729,0.1603,0.0,74.82,0.2818,63
11,123,cooling_degradation,24216.1,0.5643,4366.0,72.3,100.11,885.01,368.43,94.91,26.371,431.55,1.2257,0.1486,0.0,66.52,0.2818,62
11,124,cooling_degradation,24077.8,0.567,4379.0,66.5,100.77,879.46,362.12,93.96,27.01,480.4,1.288,0.123,0.0,67.96,0.2914,61
11,125,cooling_degradation,23669.3,0.5752,4314.0,71.0,104.89,878.54,371.99,92.07,26.801,446.88,1.1463,0.1058,0.0,68.8,0.2986,60
11,126,cooling_degradation,23699.8,0.5746,4440.0,70.2,101.72,878.35,353.29,97.93,27.21,459.0,1.3768,0.1242,0.0,78.99,0.3019,59
11,127,cooling_degradation,23515.4,0.5783,4350.0,71.0,104.17,875.67,365.67,97.74,27.618,460.39,1.3447,0.1714,0.0,65.93,0.3126,58
11,128,cooling_degradation,22924.0,0.5904,4383.0,70.1,101.54,887.04,356.57,94.81,27.287,460.89,1.1932,0.1521,0.0,76.7,0.3208,57
11,129,cooling_degradation,22768.3,0.5936,4334.0,72.3,103.29,883.15,359.45,97.9,27.31,446.94,1.3085,0.16,0.0,67.41,0.3267,56
11,130,cooling_degradation,22439.9,0.6003,4413.0,74.7,102.93,888.19,353.64,94.71,27.603,437.16,1.4042,0.1388,0.0,66.88,0.3378,55
11,131,cooling_degradation,22387.2,0.6014,4356.0,73.0,103.18,895.94,357.78,96.15,27.903,452.41,1.2882,0.1612,0.0,70.06,0.3384,54
11,132,cooling_degradation,22146.1,0.6065,4345.0,75.6,103.36,908.03,360.51,95.91,27.297,427.04,1.5364,0.1242,0.0,70.96,0.3487,53
11,133,cooling_degradation,21563.0,0.6188,4422.0,70.1,106.21,896.4,352.05,96.57,27.744,468.41,1.4952,0.1756,0.0,74.87,0.3562,52
11,134,cooling_degradation,20866.2,0.6337,4247.0,72.4,107.08,894.95,365.64,98.53,27.209,444.74,1.5506,0.1354,0.0,60.94,0.3618,51
11,135,cooling_degradation,21191.7,0.6267,4333.0,72.4,104.85,898.27,359.82,96.67,27.89,456.19,1.4491,0.1227,0.0,74.38,0.3738,50
11,136,cooling_degradation,20708.4,0.6371,4313.0,74.5,104.01,909.84,355.4,96.91,27.183,431.55,1.5807,0.2091,0.0,71.15,0.3794,49
11,137,cooling_degradation,20385.9,0.6442,4372.0,68.7,102.72,901.77,354.0,99.15,27.682,476.67,1.5062,0.1677,0.0,70.87,0.3832,48
11,138,cooling_degradation,20194.1,0.6484,4369.0,73.1,102.99,905.55,359.65,98.07,27.737,448.99,1.5866,0.1714,0.0,69.3,0.3975,47
11,139,cooling_degradation,19660.2,0.6602,4349.0,68.0,107.37,904.64,339.13,96.86,27.526,479.13,1.645,0.1333,0.0,74.39,0.4024,46
11,140,cooling_degradation,19279.7,0.6688,4307.0,68.7,103.23,893.49,354.48,98.72,27.945,481.6,1.6399,0.186,0.0,74.47,0.4117,45
11,141,cooling_degradation,18974.9,0.6757,4349.0,69.1,105.0,910.3,353.56,100.41,27.292,467.29,1.7388,0.194,0.0,75.76,0.421,44
11,142,cooling_degradation,18750.1,0.6808,4369.0,71.4,106.2,903.98,343.66,100.78,27.788,460.8,1.7234,0.176,0.0,70.79,0.4332,43
11,143,cooling_degradation,18451.6,0.6877,4339.0,66.6,102.32,914.03,352.11,96.22,27.667,491.97,1.7084,0.2009,0.0,80.42,0.4436,42
11,144,cooling_degradation,18202.5,0.6934,4416.0,66.8,104.5,906.4,346.41,96.44,27.46,486.66,1.8319,0.2083,0.0,76.5,0.4495,41
11,145,cooling_degradation,17650.7,0.7063,4387.0,67.5,104.61,919.49,333.49,101.18,27.943,489.99,1.88,0.1983,0.0,73.15,0.4592,40
11,146,cooling_degradation,17196.0,0.7171,4351.0,69.4,105.73,915.48,334.91,98.7,27.917,476.27,1.8176,0.1458,0.0,79.0,0.4637,39
11,147,cooling_degradation,16973.2,0.7224,4209.0,66.2,107.47,909.11,344.18,95.16,27.414,489.97,1.9645,0.1704,0.0,79.15,0.478,38
11,148,cooling_degradation,16312.3,0.7383,4337.0,69.6,108.88,919.8,329.1,98.3,28.388,482.63,1.8714,0.2301,0.0,84.11,0.4878,37
11,149,cooling_degradation,16283.9,0.739,4388.0,67.5,106.7,941.92,343.96,99.17,28.035,491.26,1.929,0.2023,0.0,82.4,0.5023,36
11,150,cooling_degradation,15711.0,0.7531,4333.0,70.4,107.25,909.64,333.41,99.62,27.677,465.44,1.9727,0.2053,0.0,78.83,0.512,35
11,151,cooling_degradation,15248.8,0.7646,4368.0,68.4,107.98,930.1,325.62,101.95,27.584,477.42,1.9923,0.1896,0.0,82.43,0.5208,34
11,152,cooling_degradation,14737.3,0.7774,4337.0,73.2,107.32,926.33,315.83,98.85,28.18,455.41,2.0289,0.1979,0.0,79.56,0.5354,33
11,153,cooling_degradation,14571.7,0.7816,4364.0,68.1,109.42,945.3,322.45,102.8,28.179,489.55,2.0355,0.2378,0.0,94.87,0.5465,32
11,154,cooling_degradation,14026.5,0.7956,4434.0,63.9,109.58,939.69,309.5,101.59,26.876,497.89,2.0293,0.2453,0.0,96.08,0.551,31
11,155,cooling_degradation,13641.3,0.8056,4397.0,66.7,105.4,941.14,318.85,98.91,27.69,491.46,2.201,0.2382,0.0,98.77,0.5741,30
11,156,cooling_degradation,12987.7,0.8227,4272.0,67.2,110.75,949.91,303.33,101.09,27.851,490.79,2.3326,0.2369,0.0,89.82,0.5863,29
11,157,cooling_degradation,12752.3,0.8289,4251.0,64.1,110.2,945.0,326.12,102.9,27.357,504.75,2.3351,0.2411,0.0,100.07,0.5953,28
11,158,cooling_degradation,12307.7,0.8408,4377.0,71.2,110.78,949.87,306.3,102.28,27.998,465.43,2.3561,0.2316,0.0,96.95,0.6101,27
11,159,cooling_degradation,12027.6,0.8484,4420.0,65.5,112.44,944.66,294.49,103.19,28.159,508.92,2.4675,0.2124,0.0,91.82,0.6214,26
11,160,cooling_degradation,11493.1,0.8629,4250.0,64.2,108.23,948.1,311.27,101.45,27.868,513.35,2.4062,0.211,0.0,93.66,0.6312,25
11,161,cooling_degradation,10701.0,0.8849,4337.0,66.5,109.66,953.94,302.58,104.24,28.123,500.54,2.4226,0.2732,0.0,98.22,0.6564,24
11,162,cooling_degradation,10597.9,0.8878,4492.0,63.0,111.68,958.18,292.55,102.53,27.56,517.77,2.5127,0.2492,0.0,100.48,0.6664,23
11,163,cooling_degradation,10000.8,0.9046,4334.0,68.4,108.69,948.97,306.43,108.72,28.402,491.59,2.5952,0.264,0.0,103.14,0.6814,22
11,164,cooling_degradation,9618.4,0.9155,4502.0,67.5,112.13,974.37,290.04,101.21,27.874,488.47,2.6035,0.262,0.0,102.32,0.6926,21
11,165,cooling_degradation,9478.5,0.9195,4301.0,65.4,114.2,984.91,299.09,109.64,28.999,524.83,2.7713,0.2688,0.0,102.34,0.712,20
11,166,cooling_degradation,8624.9,0.9444,4311.0,66.5,113.73,968.2,290.85,102.5,29.209,519.56,2.8298,0.2729,0.0,111.56,0.72,19
11,167,cooling_degradation,8470.3,0.9489,4308.0,63.0,113.72,983.53,291.62,107.33,28.179,529.2,2.6951,0.2857,0.0,105.96,0.7392,18
11,168,cooling_degradation,7895.3,0.966,4273.0,59.8,113.73,975.64,279.49,106.82,27.791,550.32,2.9015,0.2621,0.0,107.39,0.7583,17
11,169,cooling_degradation,7409.5,0.9806,4249.0,63.0,113.75,976.27,287.89,103.6,28.822,541.0,2.733,0.3049,0.0,108.28,0.7707,16
11,170,cooling_degradation,6908.5,0.9958,4337.0,62.3,114.2,982.38,273.51,107.04,28.746,546.27,3.0492,0.2729,0.0,110.74,0.7922,15
11,171,cooling_degradation,6642.2,1.004,4359.0,57.4,115.65,987.09,282.1,105.16,29.022,598.12,3.1145,0.2971,0.0,105.88,0.8077,14
11,172,cooling_degradation,6196.0,1.0178,4307.0,60.1,113.42,985.79,274.1,107.05,29.351,577.84,3.3401,0.2738,0.0,109.24,0.825,13
11,173,cooling_degradation,5407.6,1.0426,4321.0,59.3,118.32,999.38,274.16,107.1,27.691,552.2,3.3828,0.2987,0.0,127.85,0.8403,12
11,174,cooling_degradation,5372.5,1.0437,4437.0,59.6,115.56,995.31,262.07,106.54,29.058,576.75,3.4358,0.2954,0.0,109.33,0.862,11
11,175,cooling_degradation,4554.1,1.0699,4408.0,66.5,118.11,999.48,268.54,106.84,29.002,515.85,3.3894,0.3161,0.0,121.05,0.8854,10
11,176,cooling_degradation,4321.0,1.0774,4334.0,63.8,117.73,1009.62,249.52,108.67,29.197,541.41,3.4481,0.3345,0.0,122.66,0.8994,9
11,177,cooling_degradation,3615.0,1.1006,4376.0,64.9,116.4,1009.35,252.39,106.6,29.427,536.38,3.5369,0.3276,0.0,127.88,0.9202,8
11,178,cooling_degradation,3251.7,1.1126,4252.0,63.3,120.58,1015.99,249.82,107.08,29.385,549.31,3.8418,0.3714,0.0,126.5,0.9407,7
11,179,cooling_degradation,2656.2,1.1326,4366.0,64.8,120.64,1022.2,234.87,111.02,29.631,541.37,3.7168,0.3526,0.0,135.46,0.9557,6
11,180,cooling_degradation,2295.3,1.1448,4346.0,61.4,117.26,1015.49,237.7,110.45,28.886,557.18,3.8721,0.3393,0.0,129.37,0.9797,5
11,181,cooling_degradation,1870.3,1.1593,4328.0,65.6,120.05,1044.67,247.97,107.41,29.056,524.46,3.9328,0.3486,0.0,136.83,1.001,4
11,182,cooling_degradation,1253.4,1.1807,4352.0,57.1,120.85,1038.78,236.66,108.33,29.458,610.87,3.9813,0.3627,0.0,136.73,1.017,3
11,183,cooling_degradation,998.0,1.1896,4342.0,60.3,118.22,1035.7,230.41,106.69,28.938,567.87,4.2603,0.3785,0.0,142.04,1.0481,2
11,184,cooling_degradation,542.3,1.2057,4271.0,57.2,118.58,1042.92,236.74,113.14,29.906,618.95,4.3333,0.3451,0.0,136.05,1.0658,1
12,0,bearing_wear,59.7,1.2229,4417.0,59.2,95.42,820.75,414.42,90.17,25.445,508.76,0.7248,0.0483,0.0041,44.16,0.0205,252
12,1,bearing_wear,293.7,1.2145,4353.0,59.2,95.62,814.8,409.34,92.35,25.608,512.12,0.7349,0.078,0.0041,42.75,0.0205,251
12,2,bearing_wear,722.0,1.1993,4273.0,65.9,95.72,813.75,421.46,90.3,26.017,467.49,0.8649,0.0526,0.0041,40.84,0.0205,250
12,3,bearing_wear,1079.2,1.1868,4408.0,63.5,95.71,813.73,409.32,90.66,25.777,480.13,0.7771,0.0513,0.0044,43.69,0.0212,249
12,4,bearing_wear,1084.1,1.1866,4384.0,60.3,96.23,826.63,403.95,90.61,25.971,509.32,0.8551,0.0433,0.0049,26.8,0.0226,248
12,5,bearing_wear,1722.7,1.1644,4308.0,59.7,95.52,821.81,413.97,91.76,25.355,502.9,0.777,0.0452,0.0049,47.17,0.0226,247
12,6,bearing_wear,2225.9,1.1472,4393.0,63.0,99.65,815.78,421.03,91.56,26.368,495.58,0.858,0.0683,0.0055,35.8,0.024,246
12,7,bearing_wear,2237.8,1.1468,4317.0,67.1,95.22,802.44,418.15,88.25,26.488,466.93,0.702,0.0359,0.0055,38.57,0.024,245
12,8,bearing_wear,2639.9,1.1331,4332.0,63.9,93.89,819.65,395.26,90.91,26.264,486.53,0.8558,0.0697,0.0055,35.16,0.024,244
12,9,bearing_wear,3308.4,1.1107,4318.0,56.5,93.6,803.56,413.23,91.56,25.211,527.89,0.6439,0.0793,0.0055,38.48,0.024,243
12,10,bearing_wear,3683.1,1.0983,4331.0,64.5,96.81,822.6,421.39,93.47,25.917,475.86,0.8887,0.0388,0.007,40.78,0.0276,242
12,11,bearing_wear,3734.6,1.0966,4404.0,65.2,93.45,813.12,410.38,88.55,26.299,477.55,0.8126,0.0749,0.0074,47.0,0.0284,241
12,12,bearing_wear,4199.3,1.0814,4243.0,68.8,94.03,815.79,423.39,91.64,26.149,449.58,0.8506,0.0717,0.0074,49.0,0.0284,240
12,13,bearing_wear,4506.3,1.0714,4416.0,61.7,93.8,811.98,409.21,89.87,25.52,489.68,0.8343,0.0681,0.0074,52.26,0.0284,239
12,14,bearing_wear,5038.7,1.0543,4361.0,63.0,96.52,825.92,415.47,90.95,25.585,480.45,0.6788,0.038,0.0074,43.07,0.0284,238
12,15,bearing_wear,5125.5,1.0515,4327.0,64.1,97.83,804.18,416.27,88.42,25.671,473.66,0.9246,0.0483,0.0074,41.46,0.0284,237
12,16,bearing_wear,5491.3,1.0399,4351.0,60.7,94.45,822.82,410.68,90.57,25.281,493.05,0.8433,0.0484,0.0081,46.59,0.0299,236
12,17,bearing_wear,6090.9,1.0211,4295.0,60.6,96.5,819.61,420.78,91.24,26.888,525.16,0.877,0.0926,0.0081,38.42,0.0299,235
12,18,bearing_wear,6080.1,1.0214,4252.0,64.5,91.92,818.26,428.71,88.66,25.196,462.03,0.7526,0.0506,0.0081,37.86,0.0299,234
12,19,bearing_wear,6495.7,1.0085,4297.0,58.9,94.75,812.43,419.57,93.5,25.246,507.32,0.8358,0.0471,0.0081,40.85,0.0299,233
12,20,bearing_wear,6929.1,0.9952,4236.0,59.8,96.77,820.34,420.93,87.51,25.928,513.54,0.7117,0.0278,0.0081,42.52,0.0299,232
12,21,bearing_wear,7475.5,0.9786,4269.0,66.3,95.51,817.12,412.89,91.75,25.826,460.78,0.832,0.0316,0.0102,32.72,0.034,231
12,22,bearing_wear,7404.5,0.9807,4253.0,65.6,97.47,816.66,424.38,85.82,25.912,467.76,0.7449,0.0374,0.0102,48.39,0.034,230
12,23,bearing_wear,7812.4,0.9685,4423.0,68.0,92.64,821.98,407.15,90.17,26.356,458.75,1.2206,0.0583,0.0102,44.26,0.034,229
12,24,bearing_wear,8342.0,0.9527,4273.0,65.8,94.88,834.14,421.1,91.64,26.48,476.18,0.8684,0.0226,0.0102,47.05,0.034,228
12,25,bearing_wear,8698.1,0.9422,4348.0,64.6,96.66,807.68,418.58,92.1,25.887,474.01,0.9265,0.0377,0.0102,35.2,0.034,227
12,26,bearing_wear,8949.4,0.9349,4417.0,68.6,96.65,825.8,416.46,90.47,26.606,458.69,0.8001,0.0138,0.0102,39.73,0.034,226
12,27,bearing_wear,9230.3,0.9267,4401.0,63.7,96.75,818.17,417.37,90.2,25.261,469.41,0.8519,0.0791,0.0102,39.48,0.034,225
12,28,bearing_wear,9596.0,0.9162,4332.0,64.1,96.29,817.77,420.59,91.81,25.724,474.7,0.8925,0.0532,0.0102,42.04,0.034,224
12,29,bearing_wear,9677.7,0.9138,4333.0,65.1,94.26,807.81,407.22,92.58,26.224,476.62,0.7342,0.0573,0.0102,42.89,0.034,223
12,30,bearing_wear,10244.8,0.8977,4361.0,66.8,94.81,806.84,408.19,93.44,26.918,476.66,0.7662,0.0293,0.0102,47.4,0.034,222
12,31,bearing_wear,10776.0,0.8828,4477.0,65.5,99.45,822.92,399.32,88.1,25.66,463.94,0.8978,0.0743,0.0102,43.55,0.034,221
12,32,bearing_wear,10678.2,0.8855,4375.0,61.4,94.12,808.29,403.77,90.3,25.349,488.81,0.8037,0.0812,0.0109,39.47,0.0353,220
12,33,bearing_wear,11079.4,0.8743,4390.0,65.2,93.89,828.49,420.8,86.32,26.172,475.05,0.7614,0.0525,0.0109,54.11,0.0353,219
12,34,bearing_wear,11456.5,0.8639,4486.0,66.1,97.03,812.67,400.94,87.97,26.109,467.63,0.7707,0.0416,0.0109,41.85,0.0353,218
12,35,bearing_wear,11783.2,0.855,4367.0,66.7,94.47,825.92,405.72,89.33,25.844,458.65,0.7251,0.0623,0.012,38.81,0.0372,217
12,36,bearing_wear,12424.9,0.8377,4419.0,65.2,98.83,816.88,408.93,92.54,25.565,464.3,0.6693,0.0662,0.014,34.22,0.0405,216
12,37,bearing_wear,12322.5,0.8404,4379.0,68.2,100.31,818.52,406.39,89.89,26.036,451.83,0.6926,0.0692,0.0155,44.3,0.0428,215
12,38,bearing_wear,12604.1,0.8329,4378.0,62.0,95.83,813.11,424.48,90.28,26.079,497.69,0.832,0.065,0.0155,47.31,0.0428,214
12,39,bearing_wear,13199.2,0.8171,4292.0,68.3,96.67,827.04,413.55,91.46,26.112,452.73,0.8821,0.071,0.0155,38.15,0.0428,213
12,40,bearing_wear,13294.1,0.8146,4282.0,72.6,93.48,831.42,418.35,89.51,26.971,439.94,1.0299,0.0379,0.0155,46.98,0.0428,212
12,41,bearing_wear,13814.8,0.8011,4319.0,65.5,97.75,819.65,409.15,86.87,26.026,470.11,0.825,0.07,0.0155,44.27,0.0428,211
12,42,bearing_wear,13970.4,0.797,4403.0,67.7,92.85,827.98,399.68,89.36,26.451,462.56,0.7259,0.0427,0.0155,34.99,0.0428,210
12,43,bearing_wear,14370.1,0.7868,4400.0,66.9,94.19,822.98,405.42,90.61,26.276,464.68,0.8261,0.0016,0.0155,46.98,0.0428,209
12,44,bearing_wear,14365.0,0.7869,4430.0,67.1,96.38,812.31,403.99,91.79,26.016,458.63,0.8846,0.0425,0.0155,42.53,0.0428,208
12,45,bearing_wear,14965.2,0.7717,4349.0,64.9,97.02,824.89,407.98,90.44,26.377,481.01,0.9108,0.0407,0.0155,38.22,0.0428,207
12,46,bearing_wear,15224.0,0.7652,4382.0,74.1,93.99,824.07,401.08,91.76,26.11,416.92,0.903,0.0566,0.0155,48.64,0.0428,206
12,47,bearing_wear,15445.0,0.7597,4383.0,69.5,95.4,803.23,411.49,92.71,26.096,444.66,0.8742,0.0685,0.0155,48.54,0.0428,205
12,48,bearing_wear,15588.1,0.7561,4344.0,66.4,93.82,820.48,409.8,93.19,25.986,462.88,0.8405,0.056,0.0185,38.51,0.0472,204
12,49,bearing_wear,16092.7,0.7437,4331.0,66.2,95.85,810.08,403.12,91.3,26.295,469.71,0.8923,0.0924,0.0189,45.77,0.0478,203
12,50,bearing_wear,16453.4,0.7349,4261.0,68.9,95.13,815.13,416.5,88.68,26.556,455.86,0.7386,0.0417,0.0189,45.32,0.0478,202
12,51,bearing_wear,16547.3,0.7326,4341.0,62.4,95.37,819.72,416.43,88.47,25.585,485.2,0.6728,0.0125,0.0189,43.96,0.0478,201
12,52,bearing_wear,16829.8,0.7258,4344.0,72.2,97.32,826.01,418.9,88.65,26.118,428.0,1.0009,0.0578,0.0189,41.72,0.0478,200
12,53,bearing_wear,17302.5,0.7145,4418.0,67.7,96.84,818.43,392.85,88.88,26.271,459.47,0.8334,0.0417,0.0214,43.87,0.0513,199
12,54,bearing_wear,17714.2,0.7048,4424.0,70.5,97.26,830.75,402.69,91.22,25.795,432.89,0.8798,0.0309,0.0214,49.31,0.0513,198
12,55,bearing_wear,17870.2,0.7012,4359.0,70.8,96.23,825.76,402.11,94.8,26.831,448.45,0.613,0.0467,0.0214,46.66,0.0513,197
12,56,bearing_wear,18032.5,0.6974,4474.0,72.5,97.56,824.69,400.23,91.5,26.451,431.54,0.9634,0.0372,0.0233,35.2,0.0537,196
12,57,bearing_wear,18227.6,0.6928,4361.0,71.3,96.43,827.8,418.09,90.91,25.996,431.71,0.9323,0.0392,0.0233,34.12,0.0537,195
12,58,bearing_wear,18523.1,0.686,4412.0,72.2,95.75,837.54,402.87,93.0,26.042,427.12,0.7146,0.0833,0.0233,35.55,0.0537,194
12,59,bearing_wear,18588.7,0.6845,4344.0,73.1,97.36,811.35,407.64,89.43,26.703,432.18,0.8153,0.0555,0.0239,38.11,0.0545,193
12,60,bearing_wear,19021.7,0.6746,4282.0,69.2,95.87,836.99,408.64,93.17,26.458,452.4,0.862,0.0477,0.0239,41.13,0.0545,192
12,61,bearing_wear,19467.2,0.6646,4324.0,76.8,96.02,825.45,421.22,93.03,26.491,408.24,0.7396,0.0849,0.0239,42.64,0.0545,191
12,62,bearing_wear,19556.6,0.6626,4438.0,71.5,98.2,822.31,391.33,91.28,26.45,437.58,0.8839,0.0475,0.0268,44.9,0.0581,190
12,63,bearing_wear,19705.2,0.6592,4334.0,70.5,98.05,824.82,407.0,95.35,25.983,436.02,0.9284,0.0288,0.0268,45.06,0.0581,189
12,64,bearing_wear,19936.6,0.6541,4322.0,68.2,96.14,819.79,405.76,93.39,26.193,454.41,0.8707,0.0269,0.0268,44.98,0.0581,188
12,65,bearing_wear,20281.7,0.6465,4350.0,70.2,97.9,819.57,399.24,91.25,27.008,455.0,0.7195,0.0518,0.0268,50.94,0.0581,187
12,66,bearing_wear,20340.3,0.6452,4327.0,72.2,94.68,835.65,417.33,90.87,27.387,448.9,0.7618,0.0206,0.0268,36.84,0.0581,186
12,67,bearing_wear,20625.0,0.639,4422.0,71.4,96.16,829.8,395.11,90.3,26.404,437.58,0.8351,0.03,0.027,46.91,0.0583,185
12,68,bearing_wear,21223.8,0.626,4463.0,76.7,95.48,815.84,401.1,90.9,26.98,416.13,0.825,0.0458,0.027,46.89,0.0583,184
12,69,bearing_wear,21067.8,0.6294,4350.0,70.2,96.65,833.8,408.62,91.01,26.581,448.1,0.8293,0.0764,0.0289,39.13,0.0605,183
12,70,bearing_wear,21329.0,0.6238,4382.0,73.5,97.8,834.61,402.73,90.6,25.94,417.5,0.8281,0.0798,0.0301,48.24,0.0619,182
12,71,bearing_wear,21715.6,0.6155,4408.0,68.2,97.53,815.95,395.46,90.82,25.852,448.38,0.7055,0.0672,0.0305,47.47,0.0623,181
12,72,bearing_wear,21825.0,0.6132,4357.0,78.3,97.36,834.45,407.32,88.88,25.991,392.95,0.9151,0.054,0.0311,45.46,0.063,180
12,73,bearing_wear,22120.5,0.607,4297.0,68.3,96.93,833.04,406.66,90.13,26.497,459.37,0.9012,0.0428,0.0314,33.61,0.0634,179
12,74,bearing_wear,22449.1,0.6002,4325.0,78.2,96.53,820.43,414.48,88.09,27.694,419.22,0.8941,0.0621,0.0323,50.62,0.0644,178
12,75,bearing_wear,22296.7,0.6033,4375.0,71.7,98.6,832.64,409.98,92.15,26.957,445.17,0.8886,0.0902,0.0338,47.07,0.066,177
12,76,bearing_wear,22847.4,0.5919,4374.0,65.5,94.46,821.86,418.6,91.48,26.177,473.14,0.8315,0.0574,0.0338,47.96,0.066,176
12,77,bearing_wear,22848.9,0.5919,4242.0,76.3,95.95,838.28,413.13,91.19,26.793,415.33,0.8129,0.0462,0.0392,29.5,0.0717,175
12,78,bearing_wear,23091.8,0.5869,4324.0,72.6,97.55,824.63,411.94,93.21,26.468,431.21,0.78,0.0523,0.0392,43.8,0.0717,174
12,79,bearing_wear,23617.8,0.5763,4306.0,71.1,99.23,839.68,407.15,89.71,26.943,448.22,0.9849,0.0501,0.0392,39.28,0.0717,173
12,80,bearing_wear,23310.3,0.5825,4403.0,74.5,96.44,831.24,414.59,90.03,26.811,425.75,0.8607,0.0666,0.0399,52.98,0.0724,172
12,81,bearing_wear,23796.9,0.5727,4308.0,74.7,96.57,828.35,409.13,88.49,26.76,423.98,0.7295,0.0403,0.0399,40.99,0.0724,171
12,82,bearing_wear,24061.3,0.5674,4322.0,74.0,95.14,828.23,406.87,93.59,26.272,419.9,0.8663,0.0646,0.0448,54.35,0.0772,170
12,83,bearing_wear,23969.8,0.5692,4320.0,76.3,96.27,842.16,410.81,92.76,27.089,420.16,0.7021,0.0678,0.0449,51.73,0.0774,169
12,84,bearing_wear,24148.6,0.5656,4397.0,73.7,98.14,828.11,399.83,94.21,26.636,427.42,0.8887,0.0633,0.0449,48.07,0.0774,168
12,85,bearing_wear,24366.1,0.5613,4408.0,75.0,99.52,843.58,399.71,94.76,26.94,424.91,0.8837,0.0352,0.0476,52.87,0.0799,167
12,86,bearing_wear,24486.8,0.559,4380.0,71.6,96.7,835.09,407.38,90.75,26.976,445.82,0.8289,0.0539,0.0476,42.47,0.0799,166
12,87,bearing_wear,24765.2,0.5535,4416.0,75.6,95.95,824.27,406.69,90.18,26.159,409.72,0.7971,0.0464,0.0476,43.37,0.0799,165
12,88,bearing_wear,25050.3,0.548,4424.0,71.8,97.34,834.48,404.84,88.08,26.482,436.51,0.9222,0.0562,0.0516,52.13,0.0835,164
12,89,bearing_wear,25019.2,0.5486,4241.0,70.1,94.81,833.78,409.92,89.47,26.32,444.59,0.8706,0.0443,0.0516,42.82,0.0835,163
12,90,bearing_wear,25366.4,0.5419,4386.0,72.9,99.09,823.48,404.81,91.02,26.455,429.48,0.7219,0.0825,0.0516,40.89,0.0835,162
12,91,bearing_wear,25586.8,0.5376,4328.0,72.8,95.47,835.56,411.23,87.62,26.223,426.48,0.9783,0.0621,0.0554,46.21,0.0869,161
12,92,bearing_wear,25586.8,0.5376,4275.0,76.5,97.81,841.81,401.46,89.59,26.603,411.77,0.8076,0.0261,0.0561,43.46,0.0875,160
12,93,bearing_wear,25742.6,0.5347,4331.0,69.4,97.8,843.22,405.01,91.61,26.034,444.02,0.779,0.0321,0.0574,57.31,0.0887,159
12,94,bearing_wear,25712.2,0.5353,4394.0,77.1,98.42,847.71,383.58,93.65,27.282,418.74,0.9996,0.0838,0.0627,52.26,0.0931,158
12,95,bearing_wear,25541.5,0.5385,4437.0,72.0,97.85,855.61,403.32,90.43,26.798,440.32,0.9757,0.0561,0.0627,45.5,0.0931,157
12,96,bearing_wear,26152.3,0.5269,4269.0,66.6,97.46,833.77,402.58,92.12,26.443,470.1,0.8573,0.0519,0.0627,43.37,0.0931,156
12,97,bearing_wear,26309.4,0.524,4387.0,70.4,98.18,840.68,396.39,95.64,25.788,433.46,0.7945,0.0829,0.0658,50.3,0.0957,155
12,98,bearing_wear,26347.8,0.5233,4468.0,73.2,98.79,832.78,396.15,88.3,27.505,444.84,0.8219,0.0573,0.0658,54.55,0.0957,154
12,99,bearing_wear,26565.2,0.5192,4460.0,75.5,100.24,853.86,401.0,94.08,26.701,418.57,0.8597,0.0364,0.0658,50.06,0.0957,153
12,100,bearing_wear,26459.7,0.5212,4143.0,73.8,95.96,831.47,426.97,92.73,27.472,440.42,0.9963,0.0384,0.0695,44.12,0.0986,152
12,101,bearing_wear,26728.9,0.5162,4481.0,70.6,94.89,852.12,386.08,94.54,26.89,450.43,1.0054,0.074,0.0718,41.85,0.1004,151
12,102,bearing_wear,26976.9,0.5116,4408.0,72.0,95.33,851.77,393.95,93.94,26.579,436.87,0.915,0.102,0.0718,47.14,0.1004,150
12,103,bearing_wear,26956.7,0.512,4212.0,70.8,94.95,831.37,410.09,90.7,27.42,458.27,0.9549,0.0784,0.0728,50.68,0.1011,149
12,104,bearing_wear,27154.9,0.5083,4304.0,75.2,95.88,848.14,399.74,92.03,27.094,426.29,0.8861,0.054,0.0728,46.75,0.1011,148
12,105,bearing_wear,27248.3,0.5066,4425.0,74.2,95.75,843.54,402.61,89.15,26.724,426.13,0.8368,0.0577,0.0759,54.36,0.1035,147
12,106,bearing_wear,26951.0,0.5121,4372.0,76.4,97.35,839.76,397.56,91.21,26.822,415.59,0.8016,0.0658,0.0889,52.81,0.113,146
12,107,bearing_wear,27326.1,0.5052,4316.0,69.3,99.25,838.42,406.69,92.32,26.965,460.67,0.9475,0.0245,0.0889,51.36,0.113,145
12,108,bearing_wear,27203.2,0.5075,4354.0,73.0,98.91,843.5,397.96,92.87,26.562,430.48,0.9937,0.0653,0.0889,52.71,0.113,144
12,109,bearing_wear,27207.4,0.5074,4383.0,80.8,97.05,848.13,401.28,93.84,27.089,397.0,0.8808,0.0766,0.0889,43.23,0.113,143
12,110,bearing_wear,27402.0,0.5038,4315.0,76.6,97.41,857.18,393.98,95.61,26.787,413.71,1.0319,0.1032,0.1025,48.52,0.1223,142
12,111,bearing_wear,27775.0,0.4971,4342.0,73.9,101.22,848.41,409.99,91.58,26.557,425.57,0.9061,0.0895,0.1025,45.81,0.1223,141
12,112,bearing_wear,27493.0,0.5022,4404.0,71.8,99.09,836.66,385.09,94.74,26.459,436.04,0.9436,0.1063,0.1025,52.93,0.1223,140
12,113,bearing_wear,27369.4,0.5044,4308.0,78.1,98.47,851.92,395.84,92.98,27.825,421.48,0.9192,0.1013,0.1025,45.88,0.1223,139
12,114,bearing_wear,27470.6,0.5026,4269.0,79.4,98.4,832.65,393.53,89.83,27.597,411.17,1.0358,0.0956,0.1025,51.42,0.1223,138
12,115,bearing_wear,27808.9,0.4965,4312.0,71.4,97.84,840.16,404.18,92.2,26.817,444.4,0.9812,0.0691,0.1069,50.45,0.1252,137
12,116,bearing_wear,27668.9,0.499,4297.0,71.7,101.28,841.08,403.37,92.74,26.522,437.63,0.9371,0.0755,0.1069,54.27,0.1252,136
12,117,bearing_wear,27517.5,0.5017,4314.0,75.7,98.15,852.07,390.83,90.96,26.784,418.49,0.9588,0.0373,0.1168,45.85,0.1315,135
12,118,bearing_wear,27650.1,0.4993,4246.0,76.0,98.7,861.44,407.23,90.58,26.881,418.35,0.8601,0.0739,0.1191,54.23,0.133,134
12,119,bearing_wear,27918.5,0.4945,4364.0,76.4,96.0,849.19,391.17,90.51,27.764,430.12,0.7765,0.0826,0.1191,46.62,0.133,133
12,120,bearing_wear,28038.6,0.4924,4402.0,80.5,97.53,846.61,395.79,91.57,27.411,403.03,0.9127,0.0656,0.1191,47.15,0.133,132
12,121,bearing_wear,27878.8,0.4952,4301.0,72.1,97.67,839.94,402.04,90.95,27.092,444.94,0.9416,0.0408,0.1209,51.35,0.1341,131
12,122,bearing_wear,28062.5,0.4919,4311.0,75.1,99.35,854.78,395.49,95.24,27.072,426.6,1.0081,0.105,0.1288,58.47,0.1389,130
12,123,bearing_wear,28117.7,0.491,4339.0,77.2,97.46,847.57,401.02,87.88,26.761,410.48,0.9526,0.0815,0.1288,48.29,0.1389,129
12,124,bearing_wear,27873.7,0.4953,4295.0,77.1,98.73,845.34,396.67,93.02,27.159,416.72,0.9301,0.1082,0.1307,43.71,0.14,128
12,125,bearing_wear,27979.6,0.4934,4409.0,73.1,97.95,856.83,392.33,94.03,26.473,428.84,0.7475,0.092,0.1455,48.65,0.1486,127
12,126,bearing_wear,27909.9,0.4947,4297.0,73.2,97.21,858.63,394.27,91.05,27.389,442.95,1.0255,0.1045,0.1455,51.45,0.1486,126
12,127,bearing_wear,28078.7,0.4917,4318.0,73.6,97.2,842.25,383.28,92.55,26.645,428.3,1.0037,0.1012,0.1489,62.89,0.1505,125
12,128,bearing_wear,27899.5,0.4949,4304.0,80.1,98.75,841.99,393.81,92.4,27.117,400.61,1.0587,0.0658,0.1554,55.81,0.1541,124
12,129,bearing_wear,27798.4,0.4967,4410.0,72.1,99.16,849.23,383.93,92.94,27.189,446.56,0.9965,0.0694,0.1561,50.14,0.1545,123
12,130,bearing_wear,27973.1,0.4935,4336.0,74.0,98.79,842.49,400.73,94.47,26.712,427.13,1.0914,0.0722,0.1612,53.45,0.1573,122
12,131,bearing_wear,28112.2,0.4911,4470.0,77.3,97.94,843.93,376.79,94.37,27.115,415.13,0.9634,0.0632,0.1687,62.38,0.1614,121
12,132,bearing_wear,27998.3,0.4931,4371.0,71.7,99.06,843.81,396.59,92.1,25.824,426.28,1.0112,0.1195,0.1756,53.65,0.165,120
12,133,bearing_wear,28044.5,0.4923,4420.0,75.7,98.83,862.89,385.46,90.32,26.997,421.96,1.0369,0.0858,0.1788,53.86,0.1666,119
12,134,bearing_wear,27998.7,0.4931,4331.0,69.2,97.88,857.69,392.42,93.77,26.994,461.46,1.0814,0.0967,0.1896,53.47,0.1722,118
12,135,bearing_wear,27830.3,0.4961,4293.0,75.5,99.58,875.28,383.56,92.13,26.881,421.44,1.0619,0.0609,0.1896,58.98,0.1722,117
12,136,bearing_wear,27693.1,0.4986,4348.0,75.0,102.17,850.26,387.26,92.39,27.329,430.99,1.0668,0.1039,0.1896,52.87,0.1722,116
12,137,bearing_wear,27606.7,0.5001,4309.0,75.4,99.41,867.75,385.79,94.03,27.142,426.28,1.0643,0.0828,0.2039,60.49,0.1792,115
12,138,bearing_wear,27449.3,0.503,4230.0,72.2,97.43,859.49,406.35,92.71,27.396,448.89,1.0274,0.1162,0.2039,61.45,0.1792,114
12,139,bearing_wear,27811.5,0.4964,4411.0,75.5,101.84,852.75,380.54,94.2,26.863,421.14,1.1151,0.0773,0.2041,59.21,0.1793,113
12,140,bearing_wear,27525.0,0.5016,4352.0,74.7,101.7,857.23,393.22,98.76,27.036,428.58,0.9242,0.1215,0.2194,55.68,0.1867,112
12,141,bearing_wear,27256.1,0.5065,4308.0,78.6,102.02,856.33,395.15,95.14,26.79,403.18,1.0118,0.1147,0.2235,49.98,0.1886,111
12,142,bearing_wear,27630.0,0.4997,4373.0,76.6,99.81,861.87,391.75,96.46,27.22,420.45,1.1895,0.0866,0.2235,55.86,0.1886,110
12,143,bearing_wear,27387.7,0.5041,4353.0,70.3,98.85,866.08,381.09,94.93,26.735,449.94,1.023,0.128,0.2385,54.26,0.1956,109
12,144,bearing_wear,27443.1,0.5031,4435.0,72.1,98.86,857.62,390.19,94.2,27.42,449.9,1.0849,0.1265,0.2535,54.31,0.2023,108
12,145,bearing_wear,27179.0,0.5079,4376.0,72.7,101.91,867.65,394.36,95.1,26.822,436.42,1.2021,0.1133,0.2535,57.01,0.2023,107
12,146,bearing_wear,27015.2,0.5109,4341.0,75.1,102.62,872.21,386.26,95.0,27.043,426.28,1.081,0.0836,0.2535,60.6,0.2023,106
12,147,bearing_wear,27112.8,0.5091,4392.0,74.0,98.82,873.44,378.72,95.77,26.877,429.93,1.0244,0.1195,0.2535,55.09,0.2023,105
12,148,bearing_wear,27032.8,0.5106,4348.0,73.9,96.76,855.03,376.12,94.43,27.201,435.48,1.2164,0.1129,0.2845,52.54,0.2157,104
12,149,bearing_wear,26814.9,0.5146,4361.0,82.8,100.53,868.48,383.45,91.7,28.521,407.44,1.0974,0.1126,0.2845,54.62,0.2157,103
12,150,bearing_wear,26953.1,0.512,4424.0,72.8,99.18,869.53,377.89,91.38,25.724,418.19,1.1029,0.1131,0.2845,67.86,0.2157,102
12,151,bearing_wear,26792.9,0.515,4280.0,78.4,99.6,858.95,384.98,95.32,27.458,414.21,0.972,0.1138,0.2951,62.55,0.2201,101
12,152,bearing_wear,26626.7,0.5181,4298.0,73.8,100.45,856.2,373.77,92.27,27.688,444.14,1.1343,0.1012,0.3102,55.58,0.2263,100
12,153,bearing_wear,26262.2,0.5249,4325.0,67.6,101.51,864.32,379.95,95.98,26.659,466.54,1.2089,0.091,0.3208,67.2,0.2306,99
12,154,bearing_wear,26123.8,0.5275,4334.0,74.7,99.74,864.75,386.18,97.29,27.498,435.81,1.1198,0.0869,0.3208,59.55,0.2306,98
12,155,bearing_wear,26369.8,0.5229,4419.0,77.4,101.21,868.77,379.32,94.24,27.933,427.15,1.0594,0.1296,0.3291,72.44,0.2339,97
12,156,bearing_wear,25736.2,0.5348,4265.0,75.9,100.91,866.5,378.93,97.18,27.274,425.46,1.1329,0.078,0.3395,62.72,0.2379,96
12,157,bearing_wear,25921.3,0.5313,4348.0,74.7,97.81,888.43,375.4,95.41,27.075,429.15,1.138,0.1458,0.3569,64.85,0.2447,95
12,158,bearing_wear,25823.3,0.5331,4317.0,73.9,102.15,867.67,368.32,95.0,27.674,443.2,1.1734,0.1434,0.3641,66.45,0.2474,94
12,159,bearing_wear,25590.3,0.5376,4452.0,72.3,100.73,875.89,365.85,95.15,27.41,448.88,1.1594,0.1295,0.372,69.96,0.2503,93
12,160,bearing_wear,25516.9,0.539,4403.0,76.4,99.66,878.71,369.18,93.46,27.454,425.47,1.3483,0.1606,0.388,60.87,0.2563,92
12,161,bearing_wear,25439.7,0.5405,4364.0,72.3,100.46,859.01,376.96,93.21,27.479,449.83,1.2393,0.1348,0.388,70.06,0.2563,91
12,162,bearing_wear,25139.0,0.5462,4408.0,71.6,102.02,885.38,365.52,91.97,27.6,456.23,1.0923,0.1537,0.4064,60.55,0.263,90
12,163,bearing_wear,25205.9,0.545,4271.0,74.7,101.88,880.98,369.76,93.86,27.392,434.16,1.2461,0.109,0.4165,62.18,0.2665,89
12,164,bearing_wear,25003.8,0.5489,4472.0,72.4,102.86,876.88,369.87,99.68,27.414,447.81,1.2457,0.1061,0.4262,64.34,0.27,88
12,165,bearing_wear,24728.2,0.5542,4299.0,77.1,102.65,887.23,370.72,92.49,27.793,426.58,1.3538,0.1494,0.4368,69.24,0.2737,87
12,166,bearing_wear,24466.2,0.5594,4425.0,74.6,100.37,878.34,360.93,93.23,27.267,432.7,1.2597,0.1672,0.4529,63.48,0.2792,86
12,167,bearing_wear,24407.8,0.5605,4383.0,70.7,97.75,884.38,372.53,94.02,27.706,463.44,1.2634,0.1798,0.4598,73.6,0.2816,85
12,168,bearing_wear,24565.3,0.5574,4366.0,69.6,102.72,864.89,368.68,94.4,26.797,455.93,1.4644,0.1701,0.503,73.27,0.296,84
12,169,bearing_wear,23958.7,0.5694,4423.0,71.2,103.5,887.36,361.74,96.47,27.256,453.18,1.2312,0.179,0.5046,66.88,0.2965,83
12,170,bearing_wear,24121.8,0.5662,4410.0,79.8,102.37,887.46,360.83,94.78,28.147,417.35,1.3907,0.1934,0.5165,62.21,0.3004,82
12,171,bearing_wear,23445.0,0.5797,4356.0,72.0,103.64,883.68,367.88,95.61,26.948,443.01,1.332,0.1752,0.5165,72.04,0.3004,81
12,172,bearing_wear,23391.6,0.5808,4325.0,74.9,101.24,877.54,369.81,94.38,27.904,441.04,1.2959,0.1927,0.5272,56.87,0.3038,80
12,173,bearing_wear,23248.1,0.5837,4357.0,68.6,102.39,880.95,364.91,95.27,27.279,470.73,1.3031,0.1652,0.5497,71.69,0.311,79
12,174,bearing_wear,23277.0,0.5831,4344.0,69.1,101.68,882.31,363.98,96.22,27.788,475.6,1.4796,0.1606,0.5688,64.41,0.3169,78
12,175,bearing_wear,22944.6,0.5899,4371.0,71.7,104.12,876.56,358.18,96.08,27.659,456.38,1.4092,0.1834,0.57,74.84,0.3173,77
12,176,bearing_wear,22930.8,0.5902,4411.0,77.3,102.0,893.72,354.57,100.53,27.721,424.49,1.4499,0.2207,0.6059,62.61,0.3283,76
12,177,bearing_wear,22478.8,0.5995,4378.0,68.2,106.61,900.45,357.21,96.65,27.358,474.75,1.4924,0.1984,0.6295,66.86,0.3353,75
12,178,bearing_wear,22311.6,0.603,4361.0,70.1,102.77,877.43,353.33,96.29,27.485,464.21,1.4486,0.2256,0.6295,72.37,0.3353,74
12,179,bearing_wear,22057.9,0.6083,4311.0,74.5,104.85,896.01,354.28,91.81,28.472,451.99,1.3497,0.1972,0.6456,73.61,0.34,73
12,180,bearing_wear,22195.2,0.6054,4369.0,76.5,103.22,892.31,355.14,97.52,27.856,430.89,1.3423,0.2193,0.6868,68.54,0.3519,72
12,181,bearing_wear,21503.9,0.62,4248.0,72.9,106.03,890.26,367.14,93.15,27.562,447.3,1.5998,0.2392,0.6974,70.28,0.3549,71
12,182,bearing_wear,21373.0,0.6228,4302.0,73.5,106.02,895.87,345.72,98.24,27.582,443.99,1.4988,0.2232,0.7042,76.88,0.3569,70
12,183,bearing_wear,21076.5,0.6292,4386.0,68.7,103.84,895.89,349.7,97.63,27.482,473.56,1.519,0.2389,0.7422,78.1,0.3674,69
12,184,bearing_wear,21079.9,0.6291,4403.0,67.3,104.78,896.36,352.51,98.98,26.875,472.74,1.6625,0.199,0.7489,71.48,0.3693,68
12,185,bearing_wear,20590.1,0.6397,4349.0,67.7,106.45,887.58,358.76,96.26,27.225,476.02,1.4535,0.2764,0.7747,70.83,0.3763,67
12,186,bearing_wear,20798.8,0.6352,4362.0,68.4,105.08,906.42,361.87,97.65,27.026,467.77,1.3466,0.2613,0.7871,67.32,0.3796,66
12,187,bearing_wear,20298.5,0.6461,4372.0,71.5,103.49,902.05,347.28,99.14,27.302,451.61,1.4321,0.2569,0.8233,76.3,0.3892,65
12,188,bearing_wear,20106.1,0.6503,4391.0,67.1,105.2,905.95,358.07,96.11,27.741,489.41,1.5623,0.3244,0.8587,79.92,0.3984,64
12,189,bearing_wear,19868.5,0.6556,4338.0,71.4,104.03,913.46,351.29,99.23,27.693,459.27,1.6198,0.2744,0.8659,76.78,0.4003,63
12,190,bearing_wear,19547.6,0.6628,4291.0,69.5,105.62,889.61,354.02,99.33,27.31,464.85,1.7516,0.293,0.9044,72.28,0.4101,62
12,191,bearing_wear,19317.5,0.6679,4373.0,68.7,104.32,910.56,337.83,98.02,27.51,474.22,1.7215,0.2901,0.9221,86.24,0.4145,61
12,192,bearing_wear,19057.5,0.6738,4467.0,72.9,106.32,908.51,340.43,101.65,27.759,450.89,1.4802,0.3454,0.9626,67.69,0.4245,60
12,193,bearing_wear,18865.4,0.6782,4295.0,67.2,103.12,915.61,351.37,99.56,27.546,485.18,1.9158,0.355,0.9713,82.79,0.4267,59
12,194,bearing_wear,18403.8,0.6888,4342.0,74.2,104.45,907.41,337.12,95.44,27.39,436.65,1.6997,0.3717,1.0248,80.64,0.4396,58
12,195,bearing_wear,18115.2,0.6955,4327.0,72.3,105.05,921.28,325.62,100.86,27.454,449.52,1.8446,0.378,1.0431,82.29,0.4439,57
12,196,bearing_wear,18121.2,0.6953,4495.0,66.7,106.13,903.82,332.72,97.68,26.997,479.21,1.8085,0.3482,1.0676,76.53,0.4497,56
12,197,bearing_wear,17729.0,0.7045,4292.0,73.1,104.3,920.3,339.34,100.73,27.626,447.21,1.7889,0.4048,1.0989,80.36,0.4569,55
12,198,bearing_wear,17156.7,0.718,4340.0,66.0,105.36,916.93,345.39,99.83,27.29,489.12,1.7859,0.3753,1.1209,83.05,0.462,54
12,199,bearing_wear,17112.2,0.7191,4328.0,73.1,108.04,918.53,333.4,94.1,27.614,447.14,1.7396,0.3598,1.1527,81.8,0.4692,53
12,200,bearing_wear,17136.0,0.7185,4275.0,70.1,108.46,912.18,333.29,100.79,28.186,476.14,1.7583,0.3981,1.1968,74.15,0.4791,52
12,201,bearing_wear,16602.9,0.7313,4271.0,64.2,103.39,915.26,330.06,99.2,28.275,521.44,1.8589,0.4186,1.2116,91.98,0.4824,51
12,202,bearing_wear,16265.2,0.7395,4384.0,64.9,106.55,928.05,325.96,98.92,27.944,509.79,1.7932,0.4151,1.2552,87.53,0.492,50
12,203,bearing_wear,15835.9,0.75,4393.0,67.4,109.52,935.35,344.08,99.13,27.563,484.04,2.0594,0.4427,1.287,85.07,0.4989,49
12,204,bearing_wear,15687.8,0.7537,4316.0,71.1,108.51,943.67,320.1,101.81,28.137,468.64,1.9781,0.4724,1.3459,86.52,0.5114,48
12,205,bearing_wear,15308.8,0.7631,4435.0,67.8,108.74,932.42,314.23,98.55,27.859,486.4,2.166,0.4846,1.385,95.18,0.5196,47
12,206,bearing_wear,15255.7,0.7644,4215.0,67.6,109.23,932.38,331.04,102.83,27.664,484.65,1.9997,0.5083,1.4349,83.98,0.5299,46
12,207,bearing_wear,14904.3,0.7732,4274.0,68.1,107.04,935.02,339.58,97.63,28.483,494.97,1.9999,0.4983,1.4526,83.18,0.5336,45
12,208,bearing_wear,14545.7,0.7823,4301.0,61.8,108.96,945.3,329.6,101.41,28.405,543.63,2.1195,0.5008,1.4877,92.91,0.5407,44
12,209,bearing_wear,14186.9,0.7915,4349.0,70.1,109.53,939.66,330.81,102.49,27.536,464.64,2.0752,0.4987,1.5211,91.58,0.5474,43
12,210,bearing_wear,14229.0,0.7904,4323.0,71.5,109.34,939.98,317.98,102.72,28.832,477.09,2.2241,0.5538,1.5921,85.48,0.5614,42
12,211,bearing_wear,13590.8,0.8069,4338.0,69.7,108.89,938.88,308.98,101.84,27.954,474.6,2.3059,0.5696,1.6557,97.08,0.5738,41
12,212,bearing_wear,13285.9,0.8148,4379.0,65.9,109.52,938.94,311.72,101.16,27.874,500.54,2.2959,0.5875,1.6801,93.54,0.5785,40
12,213,bearing_wear,13047.1,0.8211,4437.0,64.4,108.12,944.64,309.03,100.66,28.032,515.5,2.3522,0.5683,1.7305,88.44,0.5881,39
12,214,bearing_wear,12758.4,0.8288,4398.0,63.6,110.98,937.21,310.13,99.5,28.526,530.81,2.3428,0.5991,1.7801,96.21,0.5974,38
12,215,bearing_wear,12534.6,0.8347,4353.0,63.3,108.17,940.32,309.16,100.78,28.036,524.34,2.272,0.6619,1.8359,96.4,0.6077,37
12,216,bearing_wear,12288.3,0.8414,4345.0,73.3,109.41,952.46,312.25,100.47,28.732,463.86,2.452,0.6453,1.9014,95.33,0.6196,36
12,217,bearing_wear,11961.6,0.8502,4416.0,66.1,111.96,948.54,298.61,100.39,28.52,510.6,2.4646,0.7027,1.9717,98.83,0.6323,35
12,218,bearing_wear,11880.5,0.8524,4463.0,68.9,111.52,959.58,293.94,106.37,28.771,494.29,2.3814,0.7032,2.0042,100.55,0.638,34
12,219,bearing_wear,10943.0,0.8781,4388.0,68.5,110.62,962.32,294.14,99.53,28.587,493.53,2.4316,0.7261,2.0633,102.93,0.6484,33
12,220,bearing_wear,10910.8,0.879,4321.0,66.3,108.97,959.63,304.56,105.38,28.679,512.27,2.4943,0.7645,2.1089,99.61,0.6564,32
12,221,bearing_wear,10475.6,0.8912,4366.0,62.9,111.74,962.15,299.75,100.87,27.868,524.66,2.6331,0.7897,2.1724,98.7,0.6673,31
12,222,bearing_wear,10531.0,0.8896,4385.0,67.0,111.14,963.6,302.78,101.51,27.701,489.02,2.5954,0.8262,2.2352,102.21,0.6779,30
12,223,bearing_wear,9930.2,0.9066,4317.0,62.1,113.05,932.06,307.1,101.68,28.862,550.38,2.6258,0.8186,2.2956,107.88,0.688,29
12,224,bearing_wear,9272.1,0.9255,4402.0,66.9,111.87,960.58,284.06,101.79,28.053,495.97,2.6635,0.8549,2.3713,106.2,0.7005,28
12,225,bearing_wear,9312.9,0.9243,4366.0,61.8,110.33,973.49,290.97,106.11,27.993,535.68,2.6992,0.9283,2.4492,102.56,0.7132,27
12,226,bearing_wear,8957.7,0.9346,4420.0,63.5,111.12,964.07,285.15,105.64,28.206,525.92,2.6738,0.9271,2.5094,105.34,0.7229,26
12,227,bearing_wear,8699.7,0.9422,4291.0,63.3,112.82,979.85,281.69,104.2,28.163,526.63,2.8737,0.9674,2.5756,114.34,0.7335,25
12,228,bearing_wear,8144.6,0.9586,4246.0,68.6,113.96,985.81,287.7,110.34,28.439,490.48,2.7822,0.9859,2.6582,110.92,0.7464,24
12,229,bearing_wear,7968.1,0.9638,4326.0,56.9,112.25,972.47,294.66,105.07,28.245,587.03,2.9051,1.0293,2.714,108.72,0.7551,23
12,230,bearing_wear,7543.0,0.9766,4351.0,71.1,113.32,980.76,277.08,105.57,29.157,485.61,2.94,1.0204,2.8278,115.23,0.7725,22
12,231,bearing_wear,7146.2,0.9886,4242.0,61.5,115.84,982.67,280.0,104.25,28.67,552.01,3.0707,1.1185,2.8852,107.59,0.7812,21
12,232,bearing_wear,6960.6,0.9942,4313.0,63.3,116.58,985.44,279.05,104.22,28.793,538.04,3.0259,1.117,2.954,112.88,0.7915,20
12,233,bearing_wear,6593.3,1.0055,4427.0,64.8,115.77,995.39,275.99,105.11,28.551,521.74,3.0482,1.1543,3.073,122.19,0.809,19
12,234,bearing_wear,6388.1,1.0119,4382.0,64.3,115.25,974.3,268.59,108.15,28.569,525.65,3.2645,1.1986,3.163,117.26,0.8221,18
12,235,bearing_wear,5893.8,1.0272,4358.0,65.7,114.98,989.82,270.75,107.76,29.298,527.84,3.1586,1.243,3.2257,122.91,0.8311,17
12,236,bearing_wear,5638.7,1.0353,4287.0,64.8,117.16,991.07,256.65,109.56,28.651,523.22,3.3153,1.3032,3.351,115.98,0.8489,16
12,237,bearing_wear,5024.4,1.0548,4425.0,68.9,116.23,984.06,264.43,105.82,28.936,497.01,3.4652,1.3528,3.4481,115.24,0.8625,15
12,238,bearing_wear,5071.3,1.0533,4325.0,64.8,118.52,1002.11,264.12,108.79,29.341,535.85,3.3846,1.3859,3.5772,125.03,0.8803,14
12,239,bearing_wear,4401.4,1.0748,4356.0,62.1,118.77,994.32,265.24,108.36,28.823,549.57,3.4679,1.4523,3.6313,110.75,0.8877,13
12,240,bearing_wear,4308.6,1.0778,4374.0,60.6,118.3,1005.72,245.14,108.92,28.591,558.56,3.5087,1.4756,3.7406,122.12,0.9024,12
12,241,bearing_wear,3867.2,1.0923,4360.0,60.3,117.25,1007.6,252.94,106.58,28.624,561.63,3.6122,1.5197,3.8365,127.52,0.9152,11
12,242,bearing_wear,3502.1,1.1043,4440.0,65.7,117.83,1021.8,253.34,106.59,29.66,533.9,3.6792,1.5914,3.9732,126.8,0.9332,10
12,243,bearing_wear,3249.1,1.1127,4385.0,66.9,116.33,1019.72,244.55,110.01,29.564,522.63,3.8207,1.6585,4.0766,114.68,0.9466,9
12,244,bearing_wear,2466.9,1.139,4370.0,64.5,119.17,1010.96,245.64,111.04,29.341,538.3,3.7824,1.7125,4.2182,120.09,0.9647,8
12,245,bearing_wear,2354.3,1.1428,4345.0,51.8,119.37,1023.36,242.15,108.28,28.058,640.84,3.9866,1.7448,4.3061,127.25,0.9758,7
12,246,bearing_wear,2204.4,1.1479,4376.0,54.4,117.9,1045.27,237.44,111.1,28.839,627.6,4.1005,1.8206,4.453,131.85,0.9942,6
12,247,bearing_wear,2032.5,1.1538,4337.0,60.9,123.87,1040.8,246.2,112.56,29.097,565.32,4.0587,1.906,4.5645,133.28,1.0079,5
12,248,bearing_wear,1392.0,1.1759,4361.0,60.2,121.44,1039.79,227.42,109.66,28.817,566.05,4.0297,1.9483,4.6572,131.7,1.0193,4
12,249,bearing_wear,681.3,1.2008,4329.0,60.6,119.94,1038.22,232.97,107.98,29.047,567.06,4.2056,2.0323,4.8548,137.53,1.0431,3
12,250,bearing_wear,650.5,1.2019,4320.0,64.1,124.52,1039.71,233.54,108.42,29.81,550.12,4.2458,2.0679,4.935,136.92,1.0526,2
12,251,bearing_wear,340.0,1.2129,4295.0,63.8,121.24,1043.76,235.0,110.13,30.085,558.1,4.5049,2.2036,5.1195,136.04,1.0743,1
13,0,injector_drift,0.0,1.225,4256.0,58.0,94.87,822.99,413.65,94.82,25.048,511.29,0.744,0.0508,0.0,39.11,0.022,383
13,1,injector_drift,325.2,1.2134,4389.0,56.6,96.48,813.41,414.37,90.77,25.381,530.55,0.8079,0.0655,0.0,42.49,0.022,382
13,2,injector_drift,332.3,1.2131,4418.0,59.1,97.84,815.68,405.42,88.78,25.036,501.75,0.9,0.0519,0.0,44.63,0.022,381
13,3,injector_drift,762.1,1.1979,4391.0,57.1,94.07,812.48,413.29,92.77,25.251,523.16,0.7514,0.0132,0.0,38.82,0.022,380
13,4,injector_drift,988.0,1.19,4339.0,59.1,95.06,811.5,421.06,91.09,25.887,518.22,0.8293,0.0684,0.0,54.01,0.0268,379
13,5,injector_drift,1103.2,1.1859,4295.0,57.7,95.63,822.58,421.27,89.48,26.101,535.27,0.6779,0.0777,0.0,34.8,0.0268,378
13,6,injector_drift,1472.7,1.1731,4296.0,59.8,96.84,815.7,424.21,88.59,26.111,517.11,0.75,0.0795,0.0,35.14,0.0268,377
13,7,injector_drift,1838.2,1.1604,4339.0,59.9,95.84,822.49,413.93,89.72,25.647,506.57,0.6182,0.0349,0.0,34.41,0.0268,376
13,8,injector_drift,1683.1,1.1658,4328.0,61.4,95.6,823.83,421.74,90.92,26.007,501.06,0.9927,0.0702,0.0,42.43,0.0268,375
13,9,injector_drift,2208.3,1.1478,4317.0,60.5,93.47,827.45,412.7,92.33,26.046,509.61,0.8299,0.0887,0.0,44.77,0.0268,374
13,10,injector_drift,2457.1,1.1393,4423.0,58.5,94.09,818.52,408.79,91.1,26.505,535.98,0.8273,0.1086,0.0,40.76,0.0268,373
13,11,injector_drift,2491.9,1.1381,4405.0,65.0,96.09,806.3,413.2,91.44,25.752,468.88,0.8568,0.0676,0.0,44.76,0.0268,372
13,12,injector_drift,2871.8,1.1253,4426.0,62.7,95.02,814.67,416.48,89.87,26.458,499.52,1.0166,0.0777,0.0,44.69,0.0268,371
13,13,injector_drift,2941.9,1.123,4303.0,60.0,95.28,815.67,414.26,92.25,25.255,498.43,0.7792,0.0382,0.0,40.61,0.0268,370
13,14,injector_drift,3396.8,1.1078,4295.0,59.1,95.69,815.52,422.12,90.12,26.109,523.17,0.7356,0.0356,0.0,44.55,0.0268,369
13,15,injector_drift,3025.6,1.1202,4355.0,57.4,99.3,825.16,416.34,94.21,25.292,521.09,0.974,0.0778,0.0,41.43,0.0268,368
13,16,injector_drift,3881.0,1.0918,4375.0,57.3,95.04,823.65,415.96,89.23,25.261,521.34,0.7155,0.0173,0.0,40.36,0.0268,367
13,17,injector_drift,3725.0,1.0969,4354.0,65.2,97.88,817.34,409.84,91.33,25.893,469.79,0.9179,0.0611,0.0,39.92,0.0268,366
13,18,injector_drift,4132.6,1.0836,4371.0,65.0,97.77,837.84,411.83,94.91,25.685,467.42,0.8081,0.0866,0.0,43.57,0.0268,365
13,19,injector_drift,4224.0,1.0806,4445.0,60.6,97.03,813.66,409.64,92.64,25.903,506.05,0.8497,0.0727,0.0,48.61,0.028,364
13,20,injector_drift,4797.4,1.062,4337.0,66.5,94.57,817.32,417.61,92.05,26.582,472.71,0.7002,0.0726,0.0,36.51,0.0281,363
13,21,injector_drift,4764.9,1.0631,4398.0,64.4,96.04,809.66,407.67,91.16,25.119,461.44,1.0226,0.0575,0.0,40.13,0.0281,362
13,22,injector_drift,4944.1,1.0573,4381.0,63.3,95.24,805.37,405.63,90.67,25.827,482.83,0.7845,0.0502,0.0,43.35,0.0281,361
13,23,injector_drift,5419.2,1.0422,4356.0,65.4,98.86,809.45,401.85,90.22,25.588,463.03,0.759,0.1015,0.0,51.32,0.0281,360
13,24,injector_drift,5586.4,1.0369,4396.0,64.8,96.45,826.69,417.13,89.44,26.348,481.27,0.859,0.0831,0.0,44.69,0.0281,359
13,25,injector_drift,5651.6,1.0349,4304.0,63.5,95.51,823.88,422.9,87.49,26.478,493.34,0.7635,0.0754,0.0,38.47,0.0281,358
13,26,injector_drift,5777.6,1.0309,4292.0,62.5,98.53,810.56,405.61,91.86,25.779,488.48,0.8498,0.0593,0.0,38.0,0.0291,357
13,27,injector_drift,5981.7,1.0245,4376.0,63.0,95.32,818.69,413.92,87.51,25.599,481.07,0.715,0.047,0.0,47.54,0.0291,356
13,28,injector_drift,6565.7,1.0064,4252.0,58.6,96.67,822.15,417.41,91.88,24.971,504.37,0.8275,0.0803,0.0,41.05,0.0291,355
13,29,injector_drift,6660.7,1.0034,4381.0,61.1,96.9,800.7,420.53,89.96,26.549,513.96,0.7676,0.0526,0.0,36.46,0.0291,354
13,30,injector_drift,6846.9,0.9977,4282.0,69.1,96.45,835.67,416.42,88.72,26.782,458.97,0.7554,0.0611,0.0,47.92,0.0317,353
13,31,injector_drift,7117.2,0.9895,4441.0,61.3,95.75,826.03,413.02,93.44,24.997,482.65,0.7427,0.0718,0.0,44.39,0.0317,352
13,32,injector_drift,6973.1,0.9939,4326.0,58.3,97.16,822.62,412.94,87.74,25.873,524.84,0.8889,0.0637,0.0,36.88,0.0317,351
13,33,injector_drift,7438.3,0.9797,4437.0,66.7,94.98,829.94,405.82,89.3,25.669,455.29,0.79,0.0905,0.0,36.15,0.0317,350
13,34,injector_drift,7663.3,0.9729,4337.0,64.9,97.59,803.07,419.54,89.49,25.8,470.63,0.8033,0.0331,0.0,32.01,0.0317,349
13,35,injector_drift,8075.8,0.9606,4335.0,65.2,95.51,817.89,421.46,90.94,25.523,463.53,0.8526,0.061,0.0,39.78,0.0321,348
13,36,injector_drift,7928.2,0.965,4402.0,63.9,97.94,829.07,404.01,89.42,25.146,465.75,0.9096,0.1024,0.0,44.41,0.0321,347
13,37,injector_drift,8526.1,0.9473,4368.0,67.2,97.53,820.85,420.01,93.59,26.131,460.07,0.7455,0.0779,0.0,47.79,0.0332,346
13,38,injector_drift,8856.1,0.9376,4346.0,69.2,96.79,827.83,408.38,87.92,27.026,462.25,0.837,0.056,0.0,45.11,0.0332,345
13,39,injector_drift,8547.4,0.9467,4326.0,63.2,95.82,830.46,401.25,98.83,25.535,478.5,0.7465,0.0759,0.0,36.46,0.0332,344
13,40,injector_drift,9025.5,0.9327,4326.0,66.7,97.63,826.43,415.17,88.56,26.479,469.57,0.8032,0.0592,0.0,41.62,0.0338,343
13,41,injector_drift,9315.0,0.9243,4491.0,68.3,96.84,819.52,409.89,96.59,26.636,461.48,0.9051,0.0895,0.0,50.19,0.0338,342
13,42,injector_drift,9587.5,0.9164,4249.0,63.3,91.15,823.7,409.85,92.86,26.207,489.7,0.6322,0.0766,0.0,40.48,0.0338,341
13,43,injector_drift,9347.7,0.9233,4278.0,69.7,94.76,808.92,405.63,90.45,27.099,460.05,0.746,0.0428,0.0,46.88,0.0338,340
13,44,injector_drift,9938.3,0.9064,4421.0,68.6,96.23,825.67,407.42,91.13,26.619,458.92,0.8014,0.0649,0.0,46.27,0.0338,339
13,45,injector_drift,10069.4,0.9027,4416.0,61.7,96.4,824.36,406.77,89.93,26.543,509.22,0.8507,0.0686,0.0,46.88,0.0342,338
13,46,injector_drift,10273.5,0.8969,4295.0,70.3,97.06,823.89,424.83,91.38,25.88,435.59,0.9178,0.0696,0.0,45.23,0.0342,337
13,47,injector_drift,10839.6,0.881,4245.0,62.1,98.3,827.85,419.18,89.21,26.142,498.41,0.6844,0.0666,0.0,46.86,0.0342,336
13,48,injector_drift,10709.3,0.8846,4426.0,63.7,96.86,821.6,414.44,92.1,26.546,493.23,0.9335,0.0716,0.0,35.67,0.0342,335
13,49,injector_drift,11020.9,0.876,4287.0,67.9,92.94,823.28,417.73,91.1,25.896,451.22,0.8645,0.0695,0.0,50.91,0.037,334
13,50,injector_drift,11146.3,0.8725,4321.0,69.1,96.36,837.36,424.22,88.76,24.881,426.1,0.8036,0.0467,0.0,34.3,0.037,333
13,51,injector_drift,11410.8,0.8652,4356.0,66.4,97.88,813.68,407.7,91.6,25.606,456.44,0.7053,0.052,0.0,44.89,0.037,332
13,52,injector_drift,11667.0,0.8582,4286.0,64.3,96.26,831.74,415.78,91.5,25.703,472.95,0.7783,0.0564,0.0,43.21,0.0384,331
13,53,injector_drift,11926.8,0.8511,4405.0,65.5,96.4,831.71,400.9,89.33,26.291,474.75,0.9061,0.0634,0.0,40.33,0.0384,330
13,54,injector_drift,11884.2,0.8523,4351.0,65.3,95.35,827.85,417.9,89.91,25.825,468.08,0.8262,0.0565,0.0,38.58,0.0384,329
13,55,injector_drift,12230.7,0.8429,4297.0,69.1,97.52,819.74,422.42,91.79,26.279,450.31,0.8096,0.0836,0.0,46.2,0.0384,328
13,56,injector_drift,12442.3,0.8372,4302.0,65.4,95.56,823.9,420.71,92.95,25.819,466.96,0.7463,0.0423,0.0,47.46,0.0384,327
13,57,injector_drift,12372.4,0.8391,4428.0,64.8,96.98,814.41,408.45,90.48,25.971,474.27,0.8828,0.0268,0.0,42.94,0.0384,326
13,58,injector_drift,12681.1,0.8308,4333.0,62.4,96.73,815.16,404.99,92.63,25.854,490.03,0.8121,0.1008,0.0,42.01,0.0384,325
13,59,injector_drift,13161.5,0.8181,4387.0,65.2,96.25,822.76,410.19,93.16,25.804,468.38,0.808,0.0461,0.0,50.13,0.0414,324
13,60,injector_drift,13161.5,0.8181,4349.0,66.7,96.89,815.4,408.51,93.43,26.477,469.55,0.8193,0.0844,0.0,41.62,0.0414,323
13,61,injector_drift,13824.5,0.8008,4245.0,63.8,96.46,819.14,423.35,91.66,26.525,491.98,0.7753,0.0746,0.0,43.51,0.0414,322
13,62,injector_drift,13778.2,0.802,4395.0,62.1,98.07,811.32,407.75,89.02,25.409,484.46,0.7617,0.0468,0.0,42.71,0.0414,321
13,63,injector_drift,13901.7,0.7988,4414.0,70.4,97.19,829.5,406.64,92.61,26.453,444.99,0.7054,0.0598,0.0,56.08,0.0414,320
13,64,injector_drift,14259.7,0.7896,4461.0,64.5,97.72,834.44,420.07,90.44,25.444,466.72,0.7774,0.0568,0.0,39.53,0.0414,319
13,65,injector_drift,14347.3,0.7874,4236.0,63.7,95.02,838.53,423.05,91.84,25.266,469.42,0.6829,0.0695,0.0,47.88,0.0414,318
13,66,injector_drift,14456.4,0.7846,4160.0,72.4,94.94,817.06,428.48,89.57,26.906,439.56,0.8658,0.0471,0.0,35.23,0.0414,317
13,67,injector_drift,14412.9,0.7857,4388.0,70.4,96.27,817.43,407.56,89.63,27.171,456.86,0.7735,0.0589,0.0,38.94,0.0414,316
13,68,injector_drift,14920.2,0.7728,4314.0,71.0,97.3,824.21,407.75,89.42,26.274,437.85,0.7956,0.0617,0.0,42.18,0.0414,315
13,69,injector_drift,15224.3,0.7652,4264.0,69.6,97.0,830.68,423.07,88.2,27.055,460.3,0.8249,0.0847,0.0,43.16,0.0423,314
13,70,injector_drift,15119.2,0.7678,4356.0,72.1,95.08,824.62,421.01,89.67,26.214,430.38,0.7637,0.0545,0.0,42.44,0.0423,313
13,71,injector_drift,15126.6,0.7676,4323.0,70.9,97.42,833.78,405.69,88.82,26.315,439.23,0.7357,0.0437,0.0,43.47,0.0441,312
13,72,injector_drift,15431.4,0.76,4273.0,67.3,95.3,828.54,412.78,92.02,26.861,472.19,0.8474,0.0523,0.0,40.53,0.0441,311
13,73,injector_drift,16045.9,0.7448,4345.0,65.3,97.24,809.11,406.82,88.75,25.705,466.14,0.9808,0.0706,0.0,50.41,0.0441,310
13,74,injector_drift,15983.2,0.7464,4384.0,64.7,96.71,823.8,412.93,89.58,26.41,483.01,0.9042,0.0283,0.0,39.13,0.0459,309
13,75,injector_drift,16378.2,0.7367,4360.0,68.2,96.01,815.78,417.27,90.98,26.125,453.07,0.9365,0.0885,0.0,48.08,0.0484,308
13,76,injector_drift,16349.2,0.7374,4361.0,65.5,95.54,819.78,408.52,94.59,25.809,466.61,0.7302,0.0649,0.0,47.75,0.0484,307
13,77,injector_drift,16457.7,0.7348,4377.0,66.5,96.54,821.5,407.72,89.58,25.954,462.13,0.8188,0.0732,0.0,39.62,0.0484,306
13,78,injector_drift,17037.2,0.7209,4249.0,68.5,96.47,831.74,404.61,88.2,25.412,439.04,0.8183,0.0689,0.0,42.52,0.0484,305
13,79,injector_drift,16845.0,0.7255,4347.0,73.2,94.79,827.95,405.71,88.35,27.069,437.34,0.9484,0.0512,0.0,44.35,0.0484,304
13,80,injector_drift,17045.9,0.7207,4364.0,64.6,97.24,820.14,419.6,89.25,26.137,478.67,0.9075,0.0429,0.0,52.74,0.0484,303
13,81,injector_drift,17333.7,0.7138,4327.0,69.3,98.08,843.0,415.37,89.66,26.271,448.38,0.821,0.0505,0.0,42.51,0.0484,302
13,82,injector_drift,17401.4,0.7122,4300.0,65.6,97.63,817.21,419.33,95.58,25.828,466.0,0.6511,0.0344,0.0,62.48,0.0484,301
13,83,injector_drift,17740.7,0.7042,4305.0,67.8,96.82,827.75,411.33,92.9,26.361,460.31,0.7414,0.0715,0.0,48.2,0.0484,300
13,84,injector_drift,17868.7,0.7012,4332.0,72.3,95.69,833.18,410.42,90.35,26.864,439.57,0.8853,0.0614,0.0,46.13,0.049,299
13,85,injector_drift,18051.3,0.6969,4405.0,67.1,96.59,826.89,408.28,94.72,26.092,460.28,0.8107,0.0345,0.0,48.97,0.0505,298
13,86,injector_drift,18061.5,0.6967,4442.0,68.9,96.2,819.28,408.27,89.78,26.698,458.34,0.8275,0.0528,0.0,35.95,0.0505,297
13,87,injector_drift,18078.8,0.6963,4429.0,70.2,96.59,819.53,415.2,90.19,26.501,446.49,0.8854,0.0782,0.0,50.4,0.0505,296
13,88,injector_drift,18376.4,0.6894,4256.0,72.0,97.81,832.97,411.56,90.07,26.46,434.83,0.9269,0.091,0.0,37.93,0.0505,295
13,89,injector_drift,18561.4,0.6851,4294.0,68.4,96.24,834.54,412.9,93.06,26.643,461.24,0.774,0.0395,0.0,48.89,0.0505,294
13,90,injector_drift,18887.4,0.6777,4389.0,73.9,93.71,828.99,403.79,90.91,26.414,423.12,0.886,0.109,0.0,41.78,0.0527,293
13,91,injector_drift,18890.5,0.6776,4428.0,68.9,97.65,816.36,394.81,94.07,25.815,443.72,0.9676,0.0466,0.0,40.74,0.0527,292
13,92,injector_drift,18960.9,0.676,4292.0,71.7,97.06,828.45,418.92,91.92,26.467,436.68,0.9531,0.0317,0.0,53.61,0.0528,291
13,93,injector_drift,19175.4,0.6711,4361.0,69.8,96.8,840.57,419.57,92.97,26.403,447.69,0.8018,0.1024,0.0,44.68,0.0576,290
13,94,injector_drift,19570.9,0.6622,4282.0,72.7,94.82,821.85,417.62,87.52,26.473,431.08,0.8678,0.0465,0.0,37.53,0.0576,289
13,95,injector_drift,19779.9,0.6576,4367.0,76.6,95.34,829.33,410.19,87.75,27.275,421.25,0.9043,0.0978,0.0,50.06,0.0576,288
13,96,injector_drift,19763.6,0.6579,4311.0,69.8,95.51,828.92,422.69,87.82,26.589,450.84,0.8458,0.054,0.0,39.08,0.0576,287
13,97,injector_drift,19940.9,0.654,4361.0,70.7,95.71,837.59,411.84,90.3,26.396,442.04,0.8243,0.0614,0.0,51.99,0.0576,286
13,98,injector_drift,20253.1,0.6471,4277.0,69.5,95.84,824.07,418.09,88.07,26.37,448.99,0.7058,0.0412,0.0,45.1,0.0576,285
13,99,injector_drift,20344.5,0.6451,4252.0,69.1,94.82,832.08,415.31,93.64,26.383,451.66,0.7755,0.0929,0.0,38.85,0.058,284
13,100,injector_drift,20654.9,0.6383,4536.0,68.9,99.82,839.21,402.03,90.76,26.546,456.14,0.7891,0.0902,0.0,49.33,0.058,283
13,101,injector_drift,20609.3,0.6393,4354.0,71.0,98.91,817.84,408.1,92.44,26.493,441.6,0.7467,0.0549,0.0,48.05,0.0605,282
13,102,injector_drift,20662.8,0.6381,4478.0,68.8,97.07,818.11,407.7,90.23,26.278,451.98,0.8564,0.0667,0.0,34.83,0.0605,281
13,103,injector_drift,21103.7,0.6286,4441.0,69.0,96.6,827.94,398.03,92.86,25.817,442.93,0.917,0.0814,0.0,45.13,0.0605,280
13,104,injector_drift,21045.8,0.6298,4252.0,61.8,99.38,832.94,416.53,87.28,25.636,490.89,0.8141,0.0587,0.0,46.94,0.0605,279
13,105,injector_drift,21124.5,0.6281,4372.0,75.5,99.12,834.78,402.78,91.13,26.857,420.78,0.6721,0.0956,0.0,46.71,0.0612,278
13,106,injector_drift,21525.6,0.6196,4272.0,76.4,95.57,841.1,415.93,92.23,26.873,416.31,0.839,0.0662,0.0,44.58,0.0612,277
13,107,injector_drift,21756.6,0.6147,4332.0,73.5,97.05,817.47,424.24,92.39,26.029,419.18,0.8704,0.058,0.0,49.23,0.0612,276
13,108,injector_drift,21712.7,0.6156,4237.0,69.0,96.44,832.0,418.52,90.62,26.135,448.28,0.8671,0.0372,0.0,48.51,0.063,275
13,109,injector_drift,21679.1,0.6163,4256.0,67.9,96.31,805.95,420.4,87.84,25.923,451.79,0.7931,0.0431,0.0,45.84,0.0631,274
13,110,injector_drift,22203.1,0.6053,4299.0,67.1,96.58,839.95,415.78,93.38,26.808,472.96,0.7601,0.0821,0.0,44.92,0.0678,273
13,111,injector_drift,22171.0,0.6059,4317.0,73.8,96.71,842.19,395.48,90.57,26.764,429.38,0.9274,0.075,0.0,46.84,0.0678,272
13,112,injector_drift,22287.6,0.6035,4352.0,75.7,97.16,831.03,406.89,90.75,26.953,421.25,0.8846,0.0867,0.0,43.08,0.0678,271
13,113,injector_drift,22332.6,0.6026,4288.0,72.5,97.16,813.57,413.59,95.79,26.56,433.58,0.802,0.0591,0.0,40.99,0.0678,270
13,114,injector_drift,22699.8,0.595,4359.0,74.6,99.0,831.45,394.82,91.55,26.465,419.59,0.7364,0.0375,0.0,40.48,0.0678,269
13,115,injector_drift,22499.7,0.5991,4418.0,73.5,95.63,841.47,402.69,90.32,26.468,426.29,0.8743,0.0604,0.0,45.6,0.0678,268
13,116,injector_drift,22619.5,0.5966,4366.0,69.9,98.34,834.55,406.1,90.24,26.636,450.95,0.7875,0.1118,0.0,42.01,0.07,267
13,117,injector_drift,23216.8,0.5844,4346.0,75.3,95.29,848.74,400.21,92.69,26.66,418.92,0.8899,0.0517,0.0,45.51,0.07,266
13,118,injector_drift,22934.2,0.5901,4370.0,75.2,97.29,831.81,400.31,89.79,26.963,424.36,0.8737,0.0707,0.0,53.08,0.0714,265
13,119,injector_drift,23337.0,0.5819,4264.0,69.5,98.49,847.56,419.48,92.45,26.474,451.1,1.0272,0.0231,0.0,45.39,0.0714,264
13,120,injector_drift,23527.7,0.5781,4407.0,74.9,97.79,817.87,382.81,93.63,26.863,424.36,0.8548,0.061,0.0,47.12,0.0714,263
13,121,injector_drift,23478.8,0.5791,4278.0,72.1,96.53,827.2,411.86,91.31,26.726,438.56,1.0248,0.064,0.0,45.54,0.0743,262
13,122,injector_drift,23439.9,0.5798,4443.0,71.8,97.44,822.88,408.88,93.47,26.362,434.23,0.8719,0.0791,0.0,53.26,0.0747,261
13,123,injector_drift,23789.6,0.5728,4396.0,73.9,99.49,840.14,404.07,91.36,26.569,425.67,0.812,0.0661,0.0,55.01,0.0747,260
13,124,injector_drift,24025.5,0.5681,4383.0,73.8,96.13,824.54,413.33,90.12,27.055,433.63,0.7809,0.042,0.0,44.38,0.0747,259
13,125,injector_drift,23988.1,0.5688,4386.0,75.5,97.88,843.24,402.08,88.18,27.523,431.48,0.7959,0.0593,0.0,50.42,0.0753,258
13,126,injector_drift,23943.1,0.5697,4350.0,70.3,98.47,838.1,401.02,92.06,26.851,451.76,0.9004,0.0685,0.0,57.23,0.0753,257
13,127,injector_drift,24217.7,0.5643,4303.0,74.6,96.45,836.2,408.75,92.1,25.627,406.28,0.8764,0.0527,0.0,40.97,0.0753,256
13,128,injector_drift,24079.2,0.567,4293.0,69.5,99.62,831.29,406.98,93.47,26.132,444.78,0.719,0.0556,0.0,51.68,0.0753,255
13,129,injector_drift,24254.3,0.5635,4455.0,72.5,100.16,825.46,397.61,93.29,26.665,435.04,0.9489,0.0929,0.0,38.15,0.0761,254
13,130,injector_drift,24473.4,0.5592,4356.0,72.8,98.81,839.85,404.06,95.75,26.211,426.12,0.9917,0.0618,0.0,47.42,0.0808,253
13,131,injector_drift,24631.6,0.5561,4283.0,76.1,98.82,832.67,404.0,90.46,26.392,410.42,0.726,0.0831,0.0,46.6,0.0811,252
13,132,injector_drift,24550.6,0.5577,4381.0,73.3,94.58,841.44,398.83,92.33,26.513,428.19,0.9548,0.0708,0.0,38.76,0.0811,251
13,133,injector_drift,24875.2,0.5514,4371.0,72.5,95.24,847.34,397.28,90.29,26.78,437.02,1.0113,0.0503,0.0,52.92,0.0831,250
13,134,injector_drift,25021.2,0.5485,4330.0,77.6,97.11,835.45,408.53,93.52,27.196,414.54,0.733,0.0683,0.0,48.22,0.0831,249
13,135,injector_drift,25014.3,0.5487,4296.0,72.1,96.24,845.73,401.74,89.81,26.472,434.32,0.8393,0.0807,0.0,42.84,0.0831,248
13,136,injector_drift,24824.6,0.5523,4394.0,72.1,98.16,836.65,395.38,93.49,26.437,434.17,0.8087,0.1097,0.0,49.12,0.0831,247
13,137,injector_drift,25264.1,0.5438,4407.0,67.9,92.95,837.89,395.71,90.2,26.028,453.67,0.955,0.0596,0.0,52.03,0.0834,246
13,138,injector_drift,25619.1,0.537,4369.0,72.9,98.24,825.74,404.69,93.26,26.881,436.22,0.8483,0.0743,0.0,38.95,0.0865,245
13,139,injector_drift,25512.3,0.5391,4354.0,70.8,97.05,829.85,408.15,94.15,26.729,446.71,0.8457,0.0943,0.0,32.08,0.0869,244
13,140,injector_drift,25541.0,0.5385,4303.0,72.9,96.57,831.35,410.77,88.68,27.051,438.96,0.9191,0.102,0.0,47.83,0.0893,243
13,141,injector_drift,25576.1,0.5378,4379.0,74.5,100.24,848.46,403.77,89.09,26.832,426.5,1.0102,0.0638,0.0,44.2,0.0893,242
13,142,injector_drift,25810.1,0.5334,4312.0,70.5,96.91,832.92,409.04,92.26,26.02,436.62,0.8805,0.0737,0.0,54.73,0.0893,241
13,143,injector_drift,25844.6,0.5327,4274.0,71.4,94.95,841.17,407.41,92.04,26.455,438.73,0.8478,0.0991,0.0,46.19,0.0893,240
13,144,injector_drift,26007.6,0.5297,4418.0,69.1,98.11,834.86,402.9,91.24,26.807,459.26,0.8657,0.0877,0.0,49.78,0.0914,239
13,145,injector_drift,25823.4,0.5331,4288.0,72.4,98.15,835.54,408.23,90.99,25.99,424.86,0.9496,0.0998,0.0,47.81,0.0972,238
13,146,injector_drift,26090.6,0.5281,4236.0,71.1,97.31,825.99,403.81,90.23,26.574,442.11,0.7905,0.1026,0.0,41.02,0.0972,237
13,147,injector_drift,26086.1,0.5282,4429.0,80.4,101.12,827.15,392.12,92.61,27.281,401.34,0.8957,0.0902,0.0,48.9,0.0972,236
13,148,injector_drift,26292.2,0.5243,4245.0,78.6,97.9,838.77,415.85,90.02,27.856,419.58,0.822,0.082,0.0,42.12,0.0972,235
13,149,injector_drift,26023.9,0.5293,4327.0,78.1,99.11,839.02,404.42,92.68,26.787,405.78,0.8008,0.0657,0.0,41.87,0.0972,234
13,150,injector_drift,26334.4,0.5235,4284.0,70.3,98.06,830.3,412.1,90.8,26.507,446.5,0.7414,0.0743,0.0,43.26,0.0972,233
13,151,injector_drift,26550.5,0.5195,4307.0,73.6,99.48,840.18,398.07,91.1,27.434,440.83,0.8558,0.0756,0.0,42.82,0.0972,232
13,152,injector_drift,26648.7,0.5177,4483.0,70.6,97.16,854.0,392.75,94.45,26.354,441.7,0.9887,0.1042,0.0,48.02,0.1008,231
13,153,injector_drift,26610.8,0.5184,4344.0,79.8,96.08,854.82,393.9,93.92,27.57,408.93,0.7437,0.0838,0.0,47.11,0.1008,230
13,154,injector_drift,26361.7,0.523,4372.0,76.8,98.82,841.24,404.66,90.02,27.117,417.91,0.9458,0.0839,0.0,50.49,0.1008,229
13,155,injector_drift,26850.6,0.5139,4397.0,71.2,98.11,838.72,395.8,90.27,26.535,441.2,0.8505,0.0604,0.0,41.2,0.1008,228
13,156,injector_drift,27058.9,0.5101,4311.0,75.5,98.86,845.52,400.47,93.57,27.062,424.32,0.8173,0.1043,0.0,47.81,0.1008,227
13,157,injector_drift,26760.5,0.5156,4415.0,70.0,96.87,840.76,409.43,89.25,26.509,448.46,0.938,0.0665,0.0,47.14,0.106,226
13,158,injector_drift,26885.6,0.5133,4373.0,74.0,98.58,846.53,403.33,95.08,27.725,443.22,1.0193,0.0769,0.0,50.78,0.1086,225
13,159,injector_drift,27131.9,0.5088,4395.0,73.9,95.47,843.54,402.12,92.44,25.99,415.96,1.0343,0.1088,0.0,51.02,0.1086,224
13,160,injector_drift,27195.5,0.5076,4307.0,76.7,97.15,843.48,395.42,91.01,26.87,414.48,0.9372,0.1003,0.0,50.55,0.1086,223
13,161,injector_drift,27292.9,0.5058,4377.0,77.5,96.81,837.9,387.98,92.19,26.929,411.22,0.9088,0.0656,0.0,44.82,0.1086,222
13,162,injector_drift,27336.5,0.505,4349.0,74.6,98.61,844.52,406.27,94.9,26.805,425.08,0.9461,0.0611,0.0,49.91,0.1088,221
13,163,injector_drift,27008.5,0.511,4418.0,73.9,97.16,823.33,383.46,87.93,27.251,436.27,1.1141,0.0788,0.0,47.29,0.1095,220
13,164,injector_drift,27218.8,0.5072,4318.0,64.9,95.81,839.04,398.91,94.24,26.099,475.81,0.8925,0.0713,0.0,56.42,0.1095,219
13,165,injector_drift,27435.1,0.5032,4472.0,79.3,97.2,828.96,388.21,94.7,27.362,408.16,1.0167,0.0554,0.0,50.96,0.1157,218
13,166,injector_drift,27376.8,0.5043,4370.0,72.7,98.94,844.3,392.61,91.67,26.859,437.22,0.8785,0.0696,0.0,50.81,0.1157,217
13,167,injector_drift,27491.4,0.5022,4342.0,75.0,98.24,835.5,396.91,92.17,27.241,429.8,0.8595,0.0297,0.0,44.01,0.1157,216
13,168,injector_drift,27461.9,0.5027,4335.0,81.5,96.94,856.86,393.52,92.59,27.241,395.56,1.0679,0.1029,0.0,47.49,0.116,215
13,169,injector_drift,27459.1,0.5028,4350.0,71.2,99.3,842.19,391.85,93.79,26.805,445.76,0.9266,0.1016,0.0,51.73,0.116,214
13,170,injector_drift,27529.4,0.5015,4312.0,74.8,100.44,843.66,402.26,90.89,26.852,424.65,0.9469,0.1134,0.0,50.18,0.1175,213
13,171,injector_drift,27436.8,0.5032,4390.0,76.3,99.45,847.62,403.25,92.32,26.594,412.59,0.9727,0.0923,0.0,50.13,0.1175,212
13,172,injector_drift,27534.1,0.5014,4349.0,78.1,94.63,838.36,388.47,92.15,27.736,420.35,0.8575,0.0763,0.0,41.81,0.1175,211
13,173,injector_drift,27668.2,0.499,4467.0,74.8,98.48,852.93,393.94,93.74,26.601,420.69,0.8961,0.1061,0.0,46.63,0.1189,210
13,174,injector_drift,27704.7,0.4984,4324.0,78.4,97.98,851.84,402.68,97.78,26.936,406.74,0.8842,0.0724,0.0,49.56,0.1215,209
13,175,injector_drift,27829.1,0.4961,4343.0,73.6,95.13,839.51,401.17,90.96,26.499,426.0,0.9621,0.0599,0.0,56.94,0.1215,208
13,176,injector_drift,27731.2,0.4979,4324.0,76.5,96.32,837.49,397.62,92.64,27.186,420.51,0.9694,0.0843,0.0,41.72,0.1242,207
13,177,injector_drift,28053.6,0.4921,4462.0,76.1,99.49,842.67,388.24,90.99,26.816,416.82,0.8941,0.0958,0.0,46.07,0.1254,206
13,178,injector_drift,28013.0,0.4928,4263.0,74.6,98.63,844.65,405.82,91.59,27.533,436.57,1.109,0.0722,0.0,42.04,0.1282,205
13,179,injector_drift,27777.6,0.497,4356.0,75.9,98.56,838.21,398.05,90.48,27.227,424.58,0.9505,0.0685,0.0,53.47,0.1315,204
13,180,injector_drift,27905.2,0.4948,4369.0,72.3,97.57,842.46,383.18,89.66,26.705,437.05,0.9691,0.0825,0.0,58.19,0.1362,203
13,181,injector_drift,28078.1,0.4917,4282.0,74.0,100.18,842.25,397.54,95.09,26.556,424.41,1.0683,0.0991,0.0,54.06,0.1362,202
13,182,injector_drift,27818.9,0.4963,4509.0,71.1,96.7,843.89,387.89,93.44,26.698,444.42,0.8908,0.0879,0.0,55.14,0.1362,201
13,183,injector_drift,27819.8,0.4963,4294.0,73.6,97.25,845.46,391.53,92.93,27.107,435.62,0.921,0.1439,0.0,47.19,0.1372,200
13,184,injector_drift,28141.9,0.4905,4352.0,78.4,98.2,854.08,393.09,91.07,27.178,410.32,0.992,0.0895,0.0,54.52,0.1408,199
13,185,injector_drift,28063.9,0.4919,4451.0,76.2,96.39,849.36,392.54,92.67,27.011,419.28,0.8511,0.1073,0.0,48.81,0.1408,198
13,186,injector_drift,28132.6,0.4907,4327.0,75.9,97.35,852.16,390.81,90.5,26.639,415.31,0.9502,0.0633,0.0,52.98,0.1408,197
13,187,injector_drift,28028.2,0.4926,4359.0,70.2,100.25,848.07,395.61,92.76,27.602,465.36,1.1332,0.104,0.0,55.19,0.1408,196
13,188,injector_drift,27950.2,0.494,4329.0,76.0,97.41,847.4,389.74,93.48,26.97,420.21,1.1155,0.083,0.0,51.22,0.1408,195
13,189,injector_drift,27792.8,0.4968,4347.0,74.8,99.95,854.79,386.62,91.82,26.447,418.37,1.0486,0.0933,0.0,57.16,0.1451,194
13,190,injector_drift,28018.4,0.4927,4415.0,76.6,99.85,829.34,393.46,91.49,26.691,412.31,1.0804,0.1287,0.0,52.68,0.1499,193
13,191,injector_drift,28184.6,0.4898,4325.0,79.1,98.65,849.69,401.32,92.01,27.136,405.73,1.0253,0.0875,0.0,54.86,0.1499,192
13,192,injector_drift,28186.3,0.4897,4191.0,73.8,96.77,845.31,393.87,94.63,27.729,444.82,0.9513,0.0688,0.0,62.95,0.1499,191
13,193,injector_drift,28158.5,0.4902,4348.0,74.1,99.0,851.04,398.77,93.41,26.901,429.9,1.1179,0.072,0.0,56.01,0.1503,190
13,194,injector_drift,28112.2,0.4911,4354.0,77.8,95.81,847.43,392.22,89.84,27.05,411.72,0.9153,0.0993,0.0,50.01,0.1529,189
13,195,injector_drift,28320.1,0.4874,4362.0,73.2,98.22,855.0,378.3,94.54,27.27,440.98,1.0721,0.0988,0.0,51.51,0.1546,188
13,196,injector_drift,27748.2,0.4976,4339.0,75.3,99.49,858.37,383.36,94.26,27.438,431.5,0.9618,0.0992,0.0,58.66,0.1588,187
13,197,injector_drift,28006.2,0.493,4298.0,69.0,100.41,838.36,397.65,93.55,26.959,462.41,0.9666,0.0719,0.0,59.51,0.1588,186
13,198,injector_drift,27819.7,0.4963,4335.0,74.1,98.89,853.78,382.38,96.47,27.08,432.75,1.0459,0.1382,0.0,54.12,0.1589,185
13,199,injector_drift,28179.9,0.4899,4456.0,78.9,98.22,844.16,382.38,93.23,26.848,402.76,1.1655,0.127,0.0,46.67,0.1589,184
13,200,injector_drift,27849.1,0.4958,4347.0,76.0,98.17,857.43,390.51,94.1,26.824,417.86,1.1226,0.1012,0.0,49.81,0.1618,183
13,201,injector_drift,28066.3,0.4919,4389.0,77.7,98.51,850.83,391.49,94.19,26.591,405.25,1.0366,0.0683,0.0,55.52,0.1624,182
13,202,injector_drift,27828.8,0.4961,4288.0,77.8,100.15,848.21,394.97,95.0,27.148,412.88,1.0145,0.1304,0.0,57.52,0.1624,181
13,203,injector_drift,27938.6,0.4942,4333.0,79.0,99.91,843.04,399.82,92.94,27.161,406.98,1.0854,0.1235,0.0,60.26,0.1693,180
13,204,injector_drift,27836.7,0.496,4290.0,73.9,99.44,854.23,386.99,92.17,26.826,429.71,1.1392,0.1039,0.0,45.4,0.1729,179
13,205,injector_drift,27826.4,0.4962,4428.0,77.7,100.42,847.63,385.6,95.4,27.381,416.84,0.8891,0.1258,0.0,59.91,0.1729,178
13,206,injector_drift,27852.2,0.4957,4257.0,81.6,99.49,847.0,396.25,95.3,27.241,394.89,1.02,0.092,0.0,62.7,0.1729,177
13,207,injector_drift,27911.9,0.4946,4372.0,74.8,97.56,857.68,391.42,96.08,26.969,426.68,0.9528,0.0837,0.0,43.9,0.1763,176
13,208,injector_drift,27727.5,0.4979,4370.0,70.9,97.88,862.0,393.55,94.36,26.677,445.25,1.0195,0.106,0.0,55.84,0.1763,175
13,209,injector_drift,27845.7,0.4958,4367.0,73.1,100.5,858.84,384.53,90.26,26.994,437.24,0.9397,0.0723,0.0,59.81,0.178,174
13,210,injector_drift,27833.9,0.496,4209.0,76.2,97.56,845.97,398.79,93.9,27.345,424.5,0.8971,0.0814,0.0,49.02,0.1786,173
13,211,injector_drift,27580.0,0.5006,4229.0,69.8,99.06,853.31,388.2,93.66,26.28,445.42,0.9378,0.1147,0.0,53.66,0.1795,172
13,212,injector_drift,27887.9,0.4951,4357.0,72.5,99.59,862.31,385.95,96.15,27.178,443.61,1.0096,0.1102,0.0,59.42,0.1846,171
13,213,injector_drift,27677.5,0.4988,4295.0,73.8,98.26,856.83,392.2,95.85,27.185,436.06,1.1047,0.0783,0.0,54.17,0.1865,170
13,214,injector_drift,27459.8,0.5028,4311.0,75.1,97.39,861.87,393.64,95.02,27.336,430.91,0.9993,0.0987,0.0,55.25,0.1897,169
13,215,injector_drift,27573.5,0.5007,4325.0,80.1,98.14,858.29,390.55,89.65,27.524,406.59,0.9951,0.0801,0.0,58.18,0.1897,168
13,216,injector_drift,27592.3,0.5004,4287.0,76.8,97.18,857.04,389.56,92.14,27.414,422.65,1.096,0.0971,0.0,51.22,0.1897,167
13,217,injector_drift,27478.2,0.5025,4276.0,71.3,100.97,853.55,387.88,93.2,26.8,444.63,1.101,0.0969,0.0,52.32,0.1962,166
13,218,injector_drift,27371.4,0.5044,4350.0,86.2,100.67,871.18,387.98,93.24,28.039,384.72,1.2143,0.1287,0.0,60.0,0.1962,165
13,219,injector_drift,26773.0,0.5154,4236.0,74.6,98.91,865.85,403.54,94.26,27.619,438.31,1.1529,0.1057,0.0,62.4,0.1962,164
13,220,injector_drift,27093.3,0.5095,4320.0,69.6,98.02,853.77,391.11,96.91,26.666,453.73,0.9986,0.1044,0.0,59.76,0.1974,163
13,221,injector_drift,27286.0,0.5059,4310.0,71.4,101.83,865.2,388.76,95.51,26.794,443.81,1.0271,0.1014,0.0,64.57,0.1974,162
13,222,injector_drift,26980.2,0.5115,4349.0,71.4,100.87,848.87,375.4,92.21,27.247,451.39,1.1515,0.0764,0.0,60.33,0.2026,161
13,223,injector_drift,27147.6,0.5085,4493.0,70.5,99.39,859.45,370.47,92.49,26.731,448.98,1.0309,0.1102,0.0,67.88,0.2072,160
13,224,injector_drift,27143.6,0.5085,4291.0,76.0,102.11,852.76,383.7,92.31,26.998,420.35,1.0759,0.1218,0.0,58.98,0.2072,159
13,225,injector_drift,26932.6,0.5124,4374.0,66.4,100.68,851.18,385.78,94.04,26.903,479.22,0.9793,0.1187,0.0,60.5,0.2137,158
13,226,injector_drift,26621.6,0.5182,4363.0,77.4,101.02,855.21,374.89,95.93,27.224,416.52,1.0161,0.1286,0.0,61.43,0.2157,157
13,227,injector_drift,26710.8,0.5165,4384.0,76.8,99.01,860.85,383.16,96.26,27.856,429.18,1.2237,0.1299,0.0,56.37,0.2168,156
13,228,injector_drift,26857.1,0.5138,4337.0,73.0,98.29,869.13,382.34,93.58,26.95,437.12,1.1364,0.159,0.0,55.63,0.2168,155
13,229,injector_drift,26874.3,0.5135,4436.0,77.0,98.37,866.94,377.68,94.4,27.075,415.89,1.0865,0.0943,0.0,55.56,0.2229,154
13,230,injector_drift,26303.1,0.5241,4391.0,71.0,103.84,859.86,376.52,97.81,27.037,450.78,1.0977,0.1216,0.0,57.29,0.2229,153
13,231,injector_drift,26555.2,0.5194,4392.0,71.7,99.61,864.68,373.23,91.6,27.275,450.22,1.2862,0.1254,0.0,70.9,0.2283,152
13,232,injector_drift,26249.0,0.5251,4265.0,75.8,100.96,851.69,377.31,95.84,27.477,428.82,1.0965,0.1121,0.0,69.65,0.2283,151
13,233,injector_drift,26406.9,0.5222,4356.0,73.5,101.54,871.55,382.29,95.63,27.425,441.51,1.1869,0.1058,0.0,58.91,0.2283,150
13,234,injector_drift,26292.2,0.5243,4319.0,72.2,100.88,848.87,379.56,94.02,26.919,441.1,1.2241,0.1292,0.0,58.65,0.2306,149
13,235,injector_drift,26590.5,0.5187,4298.0,73.7,100.68,861.94,374.61,94.58,27.684,444.45,1.27,0.1272,0.0,50.02,0.2306,148
13,236,injector_drift,26074.5,0.5284,4312.0,78.0,100.66,869.09,381.71,95.45,26.823,407.13,1.0863,0.0981,0.0,55.78,0.2306,147
13,237,injector_drift,26229.8,0.5255,4347.0,77.8,101.64,873.2,399.2,94.02,27.163,413.15,1.0424,0.0832,0.0,56.71,0.2306,146
13,238,injector_drift,26139.2,0.5272,4377.0,75.2,99.82,874.3,372.59,93.71,27.399,431.18,1.1094,0.1149,0.0,60.21,0.249,145
13,239,injector_drift,25872.2,0.5322,4409.0,72.8,100.71,870.8,382.15,93.55,26.961,438.22,1.2562,0.1112,0.0,59.56,0.249,144
13,240,injector_drift,25831.2,0.533,4406.0,75.4,97.92,884.14,356.86,98.71,27.271,428.07,1.357,0.1368,0.0,63.49,0.249,143
13,241,injector_drift,25723.6,0.535,4368.0,71.2,98.59,886.61,372.58,94.11,26.752,444.7,1.2602,0.1064,0.0,66.33,0.2495,142
13,242,injector_drift,25520.4,0.5389,4353.0,77.2,99.45,873.57,380.65,95.39,27.424,420.19,1.1461,0.1213,0.0,58.82,0.2495,141
13,243,injector_drift,25414.1,0.5409,4331.0,76.5,102.67,872.36,376.15,96.56,27.651,427.56,1.2939,0.0907,0.0,69.64,0.2495,140
13,244,injector_drift,25382.1,0.5416,4335.0,79.4,100.99,873.33,371.97,94.57,27.425,408.63,1.1614,0.0938,0.0,64.19,0.2495,139
13,245,injector_drift,25176.1,0.5455,4303.0,71.2,102.67,867.74,375.51,95.26,26.826,446.06,1.1559,0.1124,0.0,67.78,0.2593,138
13,246,injector_drift,25173.4,0.5456,4324.0,70.7,102.2,875.42,380.53,96.19,26.968,451.11,1.1959,0.1228,0.0,61.14,0.2593,137
13,247,injector_drift,25119.0,0.5466,4371.0,75.1,102.18,886.21,383.96,93.62,27.879,439.17,1.192,0.1133,0.0,66.65,0.2658,136
13,248,injector_drift,25070.8,0.5476,4442.0,72.6,100.39,854.98,373.82,92.25,27.726,451.98,1.1838,0.1328,0.0,66.24,0.2664,135
13,249,injector_drift,25009.5,0.5488,4341.0,76.4,102.01,876.15,368.88,93.93,27.334,423.63,1.3459,0.0969,0.0,71.61,0.2697,134
13,250,injector_drift,24808.3,0.5527,4302.0,77.3,102.31,890.13,372.27,98.87,27.787,425.63,1.2099,0.127,0.0,67.64,0.2709,133
13,251,injector_drift,24615.6,0.5564,4408.0,78.4,105.31,882.66,366.37,94.34,27.654,417.66,1.1327,0.1282,0.0,68.95,0.2743,132
13,252,injector_drift,24686.2,0.555,4230.0,73.4,101.51,880.56,371.25,95.77,27.879,449.71,1.3091,0.1036,0.0,62.13,0.2753,131
13,253,injector_drift,24630.9,0.5561,4413.0,75.8,103.21,866.35,365.81,92.92,27.598,431.03,1.194,0.1381,0.0,71.05,0.2785,130
13,254,injector_drift,24327.5,0.5621,4264.0,71.5,101.97,883.1,372.15,98.3,27.193,449.95,1.2018,0.0908,0.0,58.87,0.2806,129
13,255,injector_drift,24139.5,0.5658,4389.0,73.7,101.38,889.01,358.38,95.23,28.08,451.11,1.3594,0.1237,0.0,63.36,0.2914,128
13,256,injector_drift,24104.9,0.5665,4321.0,72.8,103.73,882.1,374.01,94.92,27.018,439.26,1.2453,0.1532,0.0,67.63,0.2914,127
13,257,injector_drift,24027.8,0.568,4369.0,72.6,105.27,875.14,369.11,95.56,27.501,448.5,1.2671,0.0929,0.0,60.46,0.2914,126
13,258,injector_drift,24108.5,0.5664,4475.0,78.3,102.97,887.97,356.49,100.96,28.283,427.49,1.3206,0.1524,0.0,62.09,0.2967,125
13,259,injector_drift,23920.8,0.5702,4300.0,68.7,101.53,871.35,369.99,96.82,27.429,472.27,1.2944,0.1157,0.0,62.09,0.2967,124
13,260,injector_drift,23694.7,0.5747,4290.0,72.7,103.4,873.44,362.84,95.73,27.113,441.48,1.297,0.1288,0.0,69.08,0.3021,123
13,261,injector_drift,23857.1,0.5715,4355.0,72.8,103.18,889.82,361.63,90.33,27.107,440.71,1.1505,0.1695,0.0,66.62,0.3046,122
13,262,injector_drift,23442.1,0.5798,4442.0,74.5,106.3,894.89,363.2,98.97,27.002,428.98,1.3467,0.1314,0.0,72.99,0.3131,121
13,263,injector_drift,23533.0,0.578,4361.0,69.2,104.08,877.53,365.94,94.87,27.841,476.11,1.4896,0.1762,0.0,77.58,0.3131,120
13,264,injector_drift,23376.2,0.5811,4353.0,71.5,101.68,876.3,359.63,94.65,26.95,445.89,1.423,0.1392,0.0,69.93,0.3176,119
13,265,injector_drift,23236.2,0.584,4360.0,70.6,105.07,878.78,363.66,94.88,27.641,463.55,1.3507,0.1445,0.0,66.29,0.3205,118
13,266,injector_drift,22980.8,0.5892,4290.0,65.5,104.31,884.87,364.87,99.34,26.483,478.27,1.4184,0.163,0.0,70.69,0.3205,117
13,267,injector_drift,22817.6,0.5925,4361.0,75.7,104.7,880.19,354.85,96.43,28.705,448.74,1.445,0.1586,0.0,64.83,0.3257,116
13,268,injector_drift,22666.7,0.5956,4326.0,67.7,103.96,895.92,361.45,93.48,26.665,465.89,1.329,0.151,0.0,69.05,0.3263,115
13,269,injector_drift,22657.9,0.5958,4429.0,67.3,104.86,882.15,359.52,96.16,27.202,478.61,1.5027,0.1392,0.0,81.86,0.3284,114
13,270,injector_drift,22274.8,0.6038,4398.0,74.8,104.11,893.36,359.71,94.97,28.137,444.93,1.4248,0.1185,0.0,68.85,0.3319,113
13,271,injector_drift,22215.2,0.605,4271.0,70.9,103.3,884.64,352.35,97.55,27.169,453.38,1.4135,0.1224,0.0,72.25,0.3415,112
13,272,injector_drift,22364.5,0.6019,4333.0,70.9,104.11,897.25,358.76,96.24,27.709,462.21,1.5912,0.1814,0.0,70.74,0.3505,111
13,273,injector_drift,22066.4,0.6081,4382.0,70.9,103.73,897.9,355.48,93.87,27.37,456.67,1.2985,0.1891,0.0,69.5,0.3505,110
13,274,injector_drift,21972.9,0.6101,4291.0,74.9,104.42,881.15,348.47,96.84,27.877,440.36,1.3699,0.1577,0.0,73.95,0.3505,109
13,275,injector_drift,21502.0,0.6201,4285.0,70.0,104.12,887.51,354.6,96.97,27.87,471.44,1.5265,0.1208,0.0,65.54,0.3544,108
13,276,injector_drift,21474.4,0.6207,4322.0,73.3,103.56,893.64,360.33,94.6,27.473,443.4,1.5325,0.1412,0.0,71.17,0.3556,107
13,277,injector_drift,21441.8,0.6214,4371.0,68.0,103.99,890.15,361.55,93.38,27.959,486.32,1.6378,0.1431,0.0,66.08,0.3652,106
13,278,injector_drift,21236.6,0.6257,4412.0,72.4,104.42,904.85,340.21,97.99,27.783,454.32,1.3435,0.1503,0.0,81.14,0.3713,105
13,279,injector_drift,20908.7,0.6328,4364.0,74.0,101.76,893.91,358.34,96.86,28.519,456.04,1.5927,0.1437,0.0,78.35,0.3713,104
13,280,injector_drift,21054.7,0.6296,4498.0,75.4,106.13,906.51,333.36,97.12,27.515,431.67,1.4429,0.1737,0.0,70.14,0.3776,103
13,281,injector_drift,20949.2,0.6319,4309.0,66.5,105.1,900.2,362.44,99.04,27.054,481.54,1.5761,0.1682,0.0,64.71,0.3776,102
13,282,injector_drift,20590.2,0.6397,4394.0,70.2,103.66,897.29,348.38,93.68,27.439,462.8,1.5374,0.1949,0.0,76.44,0.3776,101
13,283,injector_drift,20596.4,0.6396,4283.0,75.8,105.63,908.38,349.95,97.8,27.404,428.05,1.629,0.1574,0.0,74.33,0.3839,100
13,284,injector_drift,20624.1,0.639,4447.0,73.7,104.16,890.52,346.93,99.14,28.158,452.44,1.5633,0.1713,0.0,86.4,0.3909,99
13,285,injector_drift,20389.8,0.6441,4432.0,70.2,104.18,900.86,339.57,97.48,27.554,464.48,1.6665,0.1824,0.0,82.29,0.3921,98
13,286,injector_drift,19964.9,0.6535,4393.0,70.7,105.67,896.89,349.19,95.14,27.181,454.8,1.5394,0.19,0.0,79.06,0.3987,97
13,287,injector_drift,19674.0,0.6599,4246.0,71.5,107.32,903.2,352.22,96.71,27.367,452.84,1.6071,0.1457,0.0,73.48,0.4013,96
13,288,injector_drift,19711.3,0.6591,4392.0,69.4,105.78,900.92,321.43,97.28,27.249,464.5,1.6522,0.1808,0.0,75.5,0.4089,95
13,289,injector_drift,19864.8,0.6557,4301.0,72.1,104.25,906.88,343.66,95.06,28.133,461.8,1.7764,0.1761,0.0,78.47,0.4107,94
13,290,injector_drift,19548.1,0.6628,4377.0,71.8,105.07,907.96,344.54,99.1,27.956,460.55,1.7315,0.1815,0.0,79.4,0.418,93
13,291,injector_drift,19179.8,0.671,4263.0,66.9,106.86,906.54,355.52,98.37,27.426,484.93,1.6812,0.1766,0.0,74.08,0.418,92
13,292,injector_drift,19247.1,0.6695,4366.0,68.7,106.28,908.52,345.3,97.14,27.452,472.78,1.727,0.2107,0.0,71.12,0.4215,91
13,293,injector_drift,19018.8,0.6747,4329.0,68.7,107.24,912.8,350.58,100.5,27.521,473.86,1.7784,0.1602,0.0,88.03,0.4266,90
13,294,injector_drift,18388.1,0.6891,4303.0,69.2,106.44,898.82,339.84,97.53,28.366,484.85,1.7275,0.1595,0.0,78.73,0.4285,89
13,295,injector_drift,18660.5,0.6829,4386.0,70.7,107.11,914.6,344.73,101.61,27.664,462.92,1.6283,0.1633,0.0,81.05,0.4326,88
13,296,injector_drift,18346.0,0.6901,4347.0,70.4,109.19,900.16,345.19,98.29,28.109,472.79,1.7884,0.1766,0.0,75.43,0.4413,87
13,297,injector_drift,18024.0,0.6976,4338.0,67.6,104.28,889.72,330.41,97.03,27.486,481.42,1.7533,0.1899,0.0,87.04,0.4468,86
13,298,injector_drift,17992.2,0.6983,4394.0,73.7,110.0,931.56,343.43,97.15,28.666,460.61,1.737,0.1758,0.0,85.68,0.4498,85
13,299,injector_drift,17864.0,0.7013,4464.0,69.6,107.98,907.88,333.93,99.33,27.286,464.28,1.7269,0.2073,0.0,81.46,0.4573,84
13,300,injector_drift,17504.8,0.7098,4367.0,73.8,110.52,913.95,335.16,97.01,28.353,454.47,1.836,0.1871,0.0,82.21,0.4573,83
13,301,injector_drift,17426.9,0.7116,4242.0,73.7,105.24,903.69,340.36,99.54,27.735,445.56,1.8477,0.1868,0.0,83.06,0.4626,82
13,302,injector_drift,17215.0,0.7166,4257.0,66.1,107.33,911.72,334.73,98.5,28.477,510.07,1.7385,0.1629,0.0,82.35,0.4651,81
13,303,injector_drift,17202.5,0.7169,4354.0,67.7,107.22,919.76,338.27,98.63,27.999,489.57,1.7556,0.2286,0.0,85.45,0.474,80
13,304,injector_drift,16855.5,0.7252,4412.0,67.8,108.46,921.44,332.34,99.52,27.067,472.42,2.0154,0.193,0.0,85.08,0.48,79
13,305,injector_drift,16462.0,0.7347,4358.0,69.9,108.03,912.56,335.33,101.76,27.528,466.08,1.9582,0.229,0.0,83.0,0.4876,78
13,306,injector_drift,16465.1,0.7346,4381.0,71.0,107.87,919.23,331.18,98.67,28.243,470.51,1.8963,0.1838,0.0,78.04,0.4876,77
13,307,injector_drift,16204.4,0.741,4346.0,69.2,108.68,926.42,332.34,100.27,28.147,481.37,1.9624,0.2151,0.0,84.41,0.4949,76
13,308,injector_drift,15965.2,0.7468,4408.0,67.0,107.55,926.12,324.76,100.95,28.015,494.8,1.9049,0.1897,0.0,89.04,0.5032,75
13,309,injector_drift,16148.2,0.7423,4387.0,73.5,106.95,928.49,334.03,97.64,28.235,454.54,1.9285,0.2373,0.0,88.65,0.5032,74
13,310,injector_drift,15902.5,0.7484,4289.0,67.1,108.46,930.92,335.66,101.16,27.671,487.74,1.9526,0.2241,0.0,92.08,0.5057,73
13,311,injector_drift,15446.7,0.7596,4377.0,70.6,107.12,926.7,327.83,101.84,28.456,477.14,2.0439,0.2201,0.0,93.02,0.5104,72
13,312,injector_drift,15210.1,0.7655,4257.0,68.1,108.0,940.06,329.85,102.37,27.57,478.83,1.8941,0.1921,0.0,90.49,0.5221,71
13,313,injector_drift,15192.7,0.766,4377.0,68.0,106.06,926.8,313.82,98.25,27.931,486.43,1.9304,0.2452,0.0,88.05,0.5235,70
13,314,injector_drift,14816.3,0.7754,4333.0,70.1,108.54,937.76,313.07,98.57,27.82,469.89,1.9459,0.2505,0.0,89.65,0.5326,69
13,315,injector_drift,14784.1,0.7763,4360.0,72.6,107.15,940.07,320.81,100.61,27.951,455.81,2.1244,0.2032,0.0,85.38,0.5361,68
13,316,injector_drift,14635.6,0.78,4369.0,68.7,108.78,921.78,328.04,100.73,27.859,479.55,2.0893,0.2176,0.0,93.3,0.5478,67
13,317,injector_drift,14474.4,0.7841,4367.0,66.3,107.26,937.76,315.84,101.05,27.608,493.07,2.0336,0.2337,0.0,96.16,0.5505,66
13,318,injector_drift,14282.4,0.789,4435.0,72.1,108.9,932.23,312.5,100.32,28.474,467.59,2.0926,0.176,0.0,94.84,0.5514,65
13,319,injector_drift,13916.0,0.7984,4352.0,69.0,110.46,929.35,313.49,101.55,27.505,471.75,2.086,0.2405,0.0,93.07,0.5588,64
13,320,injector_drift,13844.5,0.8003,4361.0,67.9,108.44,935.5,309.47,96.25,28.235,491.96,2.0547,0.2408,0.0,89.91,0.5679,63
13,321,injector_drift,13825.9,0.8008,4430.0,70.4,107.95,941.51,308.24,102.68,27.958,470.07,2.2716,0.2092,0.0,89.36,0.5683,62
13,322,injector_drift,13118.1,0.8193,4464.0,68.2,110.83,929.39,311.4,104.56,28.135,488.48,2.2053,0.1805,0.0,91.49,0.581,61
13,323,injector_drift,13279.6,0.815,4349.0,74.5,111.09,945.66,312.2,100.55,28.441,452.03,2.3263,0.2315,0.0,88.8,0.5828,60
13,324,injector_drift,12851.1,0.8263,4319.0,67.0,110.57,942.01,311.74,102.25,27.892,492.77,2.142,0.205,0.0,94.66,0.5921,59
13,325,injector_drift,13034.7,0.8215,4322.0,70.3,109.32,954.42,310.48,105.27,28.788,484.48,2.31,0.1968,0.0,79.59,0.5953,58
13,326,injector_drift,12742.1,0.8292,4377.0,68.1,109.2,941.09,311.97,102.08,28.039,487.35,2.1738,0.2376,0.0,91.35,0.6005,57
13,327,injector_drift,12531.9,0.8348,4338.0,68.0,109.8,956.9,313.81,102.74,28.482,495.92,2.5066,0.2583,0.0,94.91,0.6064,56
13,328,injector_drift,12079.8,0.847,4245.0,65.5,110.54,952.22,302.43,106.08,28.384,513.19,2.2239,0.2316,0.0,108.31,0.62,55
13,329,injector_drift,12040.3,0.848,4417.0,65.4,108.05,948.9,300.4,106.48,27.984,506.7,2.5073,0.2598,0.0,95.86,0.6204,54
13,330,injector_drift,11849.1,0.8532,4399.0,67.8,109.59,964.24,302.35,100.62,27.795,485.1,2.4254,0.2544,0.0,97.54,0.637,53
13,331,injector_drift,11228.4,0.8702,4419.0,63.6,112.93,967.33,304.53,101.92,27.693,515.28,2.4124,0.2136,0.0,93.17,0.637,52
13,332,injector_drift,11396.6,0.8656,4431.0,64.4,111.4,950.97,301.81,104.56,28.608,525.98,2.4798,0.2305,0.0,106.06,0.6385,51
13,333,injector_drift,11256.4,0.8695,4361.0,66.0,113.05,948.56,308.62,103.85,28.409,509.19,2.375,0.2645,0.0,93.8,0.643,50
13,334,injector_drift,10741.3,0.8837,4366.0,69.6,113.12,963.05,292.26,104.58,28.535,485.26,2.5719,0.2362,0.0,109.41,0.6583,49
13,335,injector_drift,10832.0,0.8812,4410.0,66.0,111.18,947.0,300.52,97.97,28.046,502.92,2.5878,0.2646,0.0,95.78,0.6609,48
13,336,injector_drift,10544.1,0.8893,4277.0,65.8,111.46,950.1,315.2,99.51,28.991,521.13,2.5593,0.2431,0.0,105.09,0.6709,47
13,337,injector_drift,10523.2,0.8899,4329.0,62.4,113.63,971.75,298.52,107.22,27.782,527.31,2.6238,0.2691,0.0,101.13,0.6824,46
13,338,injector_drift,10040.2,0.9035,4346.0,70.5,113.39,970.42,297.5,105.24,28.682,481.46,2.7666,0.2639,0.0,98.79,0.6845,45
13,339,injector_drift,9914.3,0.9071,4405.0,68.6,113.89,959.39,296.03,104.52,28.735,495.58,2.6889,0.2522,0.0,107.21,0.6907,44
13,340,injector_drift,9723.6,0.9125,4318.0,68.8,112.63,993.63,292.24,101.53,28.06,482.38,2.6139,0.274,0.0,109.69,0.7006,43
13,341,injector_drift,9035.4,0.9324,4307.0,60.7,113.0,954.76,289.26,103.3,27.812,542.17,2.7609,0.2188,0.0,102.67,0.7066,42
13,342,injector_drift,9186.9,0.928,4324.0,66.0,112.44,973.68,294.23,105.3,28.255,506.59,2.6626,0.2406,0.0,103.58,0.7078,41
13,343,injector_drift,9035.9,0.9324,4378.0,62.0,113.12,963.72,278.51,101.7,28.597,545.68,2.709,0.2577,0.0,103.01,0.7231,40
13,344,injector_drift,8451.8,0.9495,4346.0,67.0,112.27,987.59,291.81,103.12,28.39,501.21,2.8225,0.2914,0.0,106.5,0.7265,39
13,345,injector_drift,8688.1,0.9425,4263.0,65.6,113.49,971.09,294.74,105.53,27.946,504.41,2.7517,0.2427,0.0,101.03,0.7389,38
13,346,injector_drift,8380.9,0.9516,4275.0,66.0,113.48,974.31,280.31,106.05,27.952,500.9,2.8552,0.2724,0.0,93.45,0.7435,37
13,347,injector_drift,8160.6,0.9581,4358.0,62.2,113.27,962.37,284.97,104.02,28.063,533.8,2.9462,0.2823,0.0,98.45,0.7533,36
13,348,injector_drift,8036.7,0.9618,4360.0,61.1,115.23,993.76,281.94,107.1,27.721,536.68,3.0602,0.282,0.0,107.02,0.757,35
13,349,injector_drift,7646.4,0.9735,4352.0,62.2,112.03,973.59,291.8,107.12,28.704,546.06,2.9756,0.2763,0.0,103.14,0.761,34
13,350,injector_drift,7493.5,0.9781,4322.0,64.9,115.02,986.88,289.71,101.92,28.933,527.3,2.867,0.2702,0.0,109.19,0.7753,33
13,351,injector_drift,7395.2,0.981,4397.0,63.2,113.36,984.25,281.45,108.97,28.539,534.69,2.9192,0.2805,0.0,108.06,0.7847,32
13,352,injector_drift,7051.7,0.9915,4372.0,64.5,113.56,981.28,284.27,108.1,28.526,523.12,3.1777,0.306,0.0,107.41,0.7883,31
13,353,injector_drift,6544.3,1.007,4370.0,60.6,113.92,967.95,273.23,106.37,28.723,561.09,3.0289,0.2755,0.0,108.54,0.7976,30
13,354,injector_drift,6605.6,1.0051,4372.0,63.5,115.83,985.93,276.45,105.73,28.891,538.31,2.9683,0.2468,0.0,116.83,0.8,29
13,355,injector_drift,6384.0,1.012,4446.0,67.6,112.11,990.84,267.06,107.87,28.513,499.15,3.0724,0.3037,0.0,114.49,0.8146,28
13,356,injector_drift,6285.7,1.015,4289.0,64.3,115.88,995.07,269.51,107.47,28.388,522.54,3.2392,0.3259,0.0,121.62,0.8199,27
13,357,injector_drift,5874.8,1.0278,4325.0,64.4,116.04,1012.79,271.67,106.13,29.063,534.4,3.2456,0.2791,0.0,115.56,0.8339,26
13,358,injector_drift,5555.0,1.0379,4330.0,64.3,114.72,1002.54,268.94,110.05,28.911,532.41,3.3244,0.3298,0.0,106.23,0.842,25
13,359,injector_drift,5330.4,1.045,4425.0,61.4,116.64,1004.56,262.03,102.79,28.902,557.08,3.3047,0.3154,0.0,111.27,0.8499,24
13,360,injector_drift,5467.6,1.0407,4328.0,67.7,114.88,1001.22,265.47,105.93,28.725,502.06,3.2762,0.2857,0.0,118.22,0.8628,23
13,361,injector_drift,5068.8,1.0533,4302.0,63.8,116.78,992.45,266.41,108.27,28.565,530.16,3.2472,0.2965,0.0,119.38,0.8685,22
13,362,injector_drift,5008.0,1.0553,4344.0,63.1,115.19,1002.37,267.7,107.45,29.043,544.67,3.3636,0.2983,0.0,116.04,0.8775,21
13,363,injector_drift,4803.3,1.0618,4356.0,64.5,120.38,1001.54,256.5,109.14,28.703,526.54,3.4834,0.3195,0.0,115.86,0.8871,20
13,364,injector_drift,4234.6,1.0802,4422.0,65.2,118.76,1008.78,247.87,105.08,28.429,516.4,3.4088,0.3145,0.0,117.39,0.8937,19
13,365,injector_drift,3996.1,1.088,4327.0,58.5,118.18,1005.0,261.8,107.65,28.419,575.2,3.6464,0.3445,0.0,120.98,0.9078,18
13,366,injector_drift,3872.6,1.0921,4309.0,62.3,116.48,998.25,263.12,110.53,28.844,548.31,3.5051,0.3405,0.0,121.8,0.9116,17
13,367,injector_drift,3756.4,1.0959,4295.0,68.7,117.85,1028.01,258.34,105.52,30.039,517.69,3.5156,0.2967,0.0,117.78,0.9252,16
13,368,injector_drift,3226.2,1.1135,4329.0,66.8,118.21,1018.48,245.49,108.26,28.954,512.89,3.7038,0.3028,0.0,125.59,0.9373,15
13,369,injector_drift,3276.6,1.1118,4504.0,61.4,118.99,1014.94,242.26,107.75,28.951,558.0,3.7788,0.3444,0.0,125.82,0.9403,14
13,370,injector_drift,3040.7,1.1197,4373.0,63.8,119.46,1011.9,249.69,109.71,29.967,556.02,3.8792,0.3245,0.0,124.89,0.9493,13
13,371,injector_drift,2582.8,1.1351,4386.0,60.5,119.46,1017.69,238.96,109.99,28.553,558.57,3.682,0.3346,0.0,122.96,0.9602,12
13,372,injector_drift,2359.4,1.1426,4350.0,62.4,120.11,1019.66,239.21,109.77,29.435,558.13,4.0132,0.3546,0.0,131.46,0.9789,11
13,373,injector_drift,2360.8,1.1426,4358.0,59.9,119.41,1016.38,241.98,109.06,28.743,568.31,3.9281,0.3617,0.0,134.98,0.9818,10
13,374,injector_drift,2376.1,1.1421,4397.0,59.7,120.39,1029.03,246.47,109.93,29.208,579.18,3.9043,0.3225,0.0,126.89,0.9904,9
13,375,injector_drift,1791.8,1.162,4384.0,59.2,119.3,1027.07,238.67,109.78,30.006,599.74,4.0811,0.3072,0.0,127.36,1.0055,8
13,376,injector_drift,1656.3,1.1667,4371.0,65.9,118.71,1040.44,234.29,110.07,29.795,534.99,4.1412,0.3498,0.0,132.94,1.0068,7
13,377,injector_drift,1286.7,1.1795,4351.0,59.3,123.46,1031.78,234.64,113.37,29.198,582.73,3.9756,0.3397,0.0,126.2,1.0228,6
13,378,injector_drift,1183.5,1.1831,4329.0,64.0,121.77,1041.88,229.74,108.41,29.104,537.83,4.1626,0.3635,0.0,127.28,1.0406,5
13,379,injector_drift,824.7,1.1957,4375.0,59.2,123.94,1040.06,228.26,111.57,29.137,582.49,4.172,0.3616,0.0,130.75,1.0444,4
13,380,injector_drift,650.1,1.2019,4355.0,58.7,121.14,1045.09,233.73,109.27,28.999,584.33,4.33,0.3477,0.0,136.72,1.0575,3
13,381,injector_drift,826.7,1.1956,4478.0,61.4,125.5,1039.44,209.43,115.32,28.851,555.94,4.46,0.4128,0.0,131.92,1.0703,2
13,382,injector_drift,245.7,1.2162,4413.0,56.2,122.27,1053.24,230.07,111.81,28.307,595.8,4.4049,0.3748,0.0,137.24,1.0815,1
14,0,cooling_degradation,0.0,1.225,4438.0,58.2,94.13,809.13,417.49,88.43,26.066,529.86,0.7453,0.0487,0.0,37.27,0.0201,206
14,1,cooling_degradation,519.5,1.2065,4307.0,62.0,94.65,821.57,422.42,90.31,25.275,482.64,0.8409,0.0881,0.0,45.04,0.0203,205
14,2,cooling_degradation,1070.0,1.1871,4330.0,59.0,98.01,824.37,415.77,88.86,25.485,511.48,0.814,0.077,0.0,47.02,0.0203,204
14,3,cooling_degradation,1144.1,1.1845,4265.0,65.4,96.64,807.51,411.64,92.43,25.485,461.08,0.8132,0.0414,0.0,47.16,0.0227,203
14,4,cooling_degradation,1773.6,1.1627,4329.0,61.5,97.83,827.99,409.76,90.61,25.866,497.4,0.8464,0.0313,0.0,50.38,0.0227,202
14,5,cooling_degradation,2101.8,1.1514,4298.0,64.8,98.36,811.17,420.0,90.41,26.384,481.69,0.8,0.0687,0.0,39.05,0.0227,201
14,6,cooling_degradation,2574.4,1.1353,4442.0,62.9,94.71,821.81,407.24,87.97,25.025,470.64,0.8785,0.0478,0.0,39.58,0.0227,200
14,7,cooling_degradation,2946.5,1.1228,4430.0,63.3,96.92,839.07,408.52,91.95,26.141,488.47,0.6967,0.044,0.0,40.97,0.0227,199
14,8,cooling_degradation,3362.1,1.1089,4354.0,59.6,94.33,802.06,415.28,92.21,26.306,522.62,0.9103,0.0613,0.0,36.47,0.0227,198
14,9,cooling_degradation,3706.1,1.0976,4378.0,65.6,97.25,821.81,412.04,88.92,26.064,470.53,0.7379,0.0712,0.0,44.74,0.0227,197
14,10,cooling_degradation,4089.7,1.085,4314.0,62.9,96.94,814.01,407.18,90.77,25.586,481.19,0.6802,0.0727,0.0,45.44,0.023,196
14,11,cooling_degradation,4840.0,1.0607,4198.0,59.6,92.65,819.55,414.59,91.73,25.661,509.17,0.7519,0.0595,0.0,45.32,0.0279,195
14,12,cooling_degradation,4843.7,1.0606,4304.0,56.4,96.42,809.4,409.42,94.99,25.264,530.1,0.787,0.0125,0.0,43.26,0.0279,194
14,13,cooling_degradation,5512.1,1.0393,4395.0,63.4,94.54,798.0,408.36,91.34,26.686,498.33,0.7562,0.0775,0.0,47.54,0.0279,193
14,14,cooling_degradation,5923.2,1.0263,4376.0,67.7,95.38,814.44,413.81,90.6,26.501,463.25,0.7395,0.0429,0.0,45.58,0.0301,192
14,15,cooling_degradation,6342.4,1.0133,4326.0,60.7,94.88,819.73,416.05,90.29,26.106,509.15,0.8975,0.0652,0.0,39.7,0.0301,191
14,16,cooling_degradation,6864.3,0.9972,4394.0,60.8,97.24,827.81,419.49,90.41,26.615,518.04,0.747,0.0566,0.0,27.96,0.0301,190
14,17,cooling_degradation,7122.6,0.9893,4322.0,62.9,94.85,821.31,407.55,92.14,26.417,497.05,0.6361,0.1039,0.0,41.05,0.0301,189
14,18,cooling_degradation,7688.0,0.9722,4282.0,67.4,93.99,832.25,419.71,88.85,26.102,458.51,0.7893,0.1004,0.0,42.97,0.0308,188
14,19,cooling_degradation,8298.1,0.954,4394.0,58.8,94.68,812.22,407.51,92.48,25.645,516.35,0.981,0.0501,0.0,43.01,0.0308,187
14,20,cooling_degradation,8385.6,0.9514,4313.0,62.6,95.57,813.46,428.14,87.53,26.805,507.11,0.7322,0.0324,0.0,41.88,0.0308,186
14,21,cooling_degradation,8510.0,0.9478,4412.0,61.7,96.51,820.38,410.73,91.95,25.515,489.34,0.7454,0.0339,0.0,40.09,0.0308,185
14,22,cooling_degradation,9197.6,0.9277,4230.0,66.6,97.7,817.1,417.07,92.51,26.037,462.48,0.785,0.0647,0.0,38.54,0.0308,184
14,23,cooling_degradation,9585.0,0.9165,4316.0,64.7,96.85,829.75,416.48,92.38,25.612,468.28,0.9474,0.0507,0.0,38.27,0.0382,183
14,24,cooling_degradation,10081.3,0.9023,4386.0,64.3,96.96,809.32,412.52,91.3,25.266,464.81,0.7951,0.0392,0.0,45.61,0.0382,182
14,25,cooling_degradation,10119.5,0.9012,4380.0,65.0,97.19,827.83,409.36,91.55,25.684,467.33,0.742,0.051,0.0,48.88,0.0382,181
14,26,cooling_degradation,10862.4,0.8804,4337.0,68.1,97.32,832.14,417.35,89.96,25.878,449.4,0.8529,0.0705,0.0,37.18,0.0382,180
14,27,cooling_degradation,11143.1,0.8726,4367.0,69.4,97.64,826.01,421.32,88.51,26.046,444.34,0.847,0.0599,0.0,43.13,0.0382,179
14,28,cooling_degradation,11716.7,0.8568,4358.0,69.3,99.85,830.35,418.21,91.26,26.536,453.24,0.8628,0.0518,0.0,47.38,0.0382,178
14,29,cooling_degradation,11905.8,0.8517,4261.0,68.1,97.29,817.28,416.7,90.9,26.218,455.3,0.7389,0.0543,0.0,42.49,0.0382,177
14,30,cooling_degradation,12498.3,0.8357,4328.0,70.8,96.53,817.14,424.88,92.61,26.785,447.85,0.7787,0.0582,0.0,47.02,0.0382,176
14,31,cooling_degradation,12523.2,0.8351,4364.0,64.0,95.39,823.24,415.33,90.48,26.036,481.17,0.9139,0.0659,0.0,48.83,0.0382,175
14,32,cooling_degradation,13131.1,0.8189,4380.0,68.2,96.66,817.67,404.25,91.17,26.312,456.6,0.8607,0.0684,0.0,45.8,0.0425,174
14,33,cooling_degradation,13358.3,0.813,4346.0,74.3,97.94,828.89,412.88,91.42,26.489,422.02,0.8927,0.0298,0.0,41.35,0.0425,173
14,34,cooling_degradation,13803.3,0.8014,4317.0,61.9,94.36,822.72,412.71,91.99,26.643,509.18,0.8237,0.0661,0.0,50.4,0.0425,172
14,35,cooling_degradation,14653.8,0.7796,4270.0,66.0,98.08,821.82,413.11,92.75,25.941,464.94,0.9125,0.0555,0.0,42.49,0.0425,171
14,36,cooling_degradation,14469.3,0.7842,4395.0,64.7,95.6,824.36,411.65,88.98,26.405,482.82,0.8533,0.043,0.0,42.65,0.0443,170
14,37,cooling_degradation,14918.4,0.7729,4389.0,68.9,95.9,829.27,398.82,92.29,25.815,443.48,0.7879,0.0558,0.0,46.56,0.0443,169
14,38,cooling_degradation,15161.8,0.7667,4409.0,72.5,97.04,825.21,418.68,90.52,26.409,430.92,0.8895,0.0864,0.0,42.48,0.0443,168
14,39,cooling_degradation,15642.8,0.7548,4285.0,70.0,95.46,820.94,418.93,92.17,27.159,459.04,0.7598,0.0795,0.0,42.87,0.0443,167
14,40,cooling_degradation,16018.2,0.7455,4357.0,67.9,96.93,830.3,400.61,93.84,26.506,461.69,0.9533,0.0652,0.0,42.12,0.0443,166
14,41,cooling_degradation,16278.6,0.7392,4308.0,70.4,94.52,827.14,417.7,86.67,25.82,433.94,0.9105,0.0453,0.0,43.08,0.0443,165
14,42,cooling_degradation,16969.6,0.7225,4353.0,68.1,97.59,827.67,414.33,93.34,25.832,448.94,0.8076,0.0365,0.0,45.08,0.0455,164
14,43,cooling_degradation,17246.8,0.7159,4524.0,69.7,96.57,829.54,411.88,90.67,26.984,457.96,0.8163,0.0448,0.0,34.23,0.0455,163
14,44,cooling_degradation,17268.0,0.7154,4404.0,71.2,96.36,827.55,418.82,89.27,26.478,440.2,0.8452,0.0649,0.0,43.92,0.0489,162
14,45,cooling_degradation,17864.9,0.7013,4305.0,74.8,96.79,825.4,424.81,90.1,26.547,420.21,0.8208,0.0653,0.0,35.58,0.0489,161
14,46,cooling_degradation,17998.6,0.6982,4335.0,71.0,96.36,821.57,410.1,88.94,26.125,435.27,0.9412,0.052,0.0,42.46,0.05,160
14,47,cooling_degradation,18210.3,0.6932,4328.0,70.5,97.05,825.54,415.34,92.01,26.278,441.07,0.7926,0.0825,0.0,46.19,0.05,159
14,48,cooling_degradation,18606.8,0.6841,4357.0,76.1,96.09,832.91,407.75,88.93,27.308,424.49,0.7155,0.0727,0.0,42.86,0.05,158
14,49,cooling_degradation,18841.5,0.6787,4259.0,64.3,95.94,827.38,421.45,93.41,25.754,473.81,0.815,0.012,0.0,48.01,0.05,157
14,50,cooling_degradation,19482.1,0.6642,4369.0,70.1,93.85,828.19,396.25,92.47,26.155,441.65,0.9009,0.0685,0.0,46.64,0.0545,156
14,51,cooling_degradation,19516.0,0.6635,4223.0,68.3,98.67,830.08,407.97,91.65,26.547,459.96,0.9277,0.083,0.0,34.58,0.0596,155
14,52,cooling_degradation,20142.6,0.6495,4250.0,70.0,94.89,819.26,411.69,87.12,25.991,439.59,0.8557,0.0719,0.0,51.35,0.0596,154
14,53,cooling_degradation,20267.8,0.6468,4470.0,72.7,99.06,825.73,402.9,88.55,26.194,426.64,0.7959,0.0795,0.0,46.61,0.0596,153
14,54,cooling_degradation,20478.7,0.6422,4328.0,73.9,96.27,835.45,411.33,91.03,26.648,426.48,0.843,0.0626,0.0,42.52,0.0596,152
14,55,cooling_degradation,20751.8,0.6362,4436.0,69.6,98.46,821.24,412.64,91.14,26.397,448.86,0.7942,0.0666,0.0,43.02,0.0596,151
14,56,cooling_degradation,21373.0,0.6228,4301.0,73.3,98.29,831.68,407.16,93.14,26.296,424.46,0.6664,0.0681,0.0,35.26,0.0632,150
14,57,cooling_degradation,21389.7,0.6225,4224.0,68.8,98.16,828.69,407.18,85.44,26.536,456.68,0.7826,0.0726,0.0,46.77,0.0632,149
14,58,cooling_degradation,21585.6,0.6183,4287.0,67.8,96.8,826.96,409.38,89.75,26.376,460.64,0.8922,0.0575,0.0,48.98,0.0636,148
14,59,cooling_degradation,22057.3,0.6083,4511.0,72.0,95.02,836.1,396.28,93.01,25.762,423.67,0.8336,0.0919,0.0,42.61,0.0668,147
14,60,cooling_degradation,22280.0,0.6037,4265.0,71.2,96.56,832.27,415.42,90.67,26.822,445.61,0.8313,0.0987,0.0,41.54,0.0674,146
14,61,cooling_degradation,22301.8,0.6032,4457.0,76.5,96.37,823.5,411.68,90.41,26.598,411.47,0.9446,0.0596,0.0,46.77,0.0674,145
14,62,cooling_degradation,22703.4,0.5949,4371.0,78.5,96.69,838.24,415.44,88.12,27.271,410.88,0.7789,0.0469,0.0,52.04,0.0674,144
14,63,cooling_degradation,22678.6,0.5954,4357.0,70.5,94.98,826.01,414.04,93.47,27.296,458.4,0.7867,0.0433,0.0,51.52,0.0674,143
14,64,cooling_degradation,23186.8,0.585,4305.0,67.0,96.47,818.16,406.08,90.45,26.24,463.56,0.8868,0.0793,0.0,50.52,0.0708,142
14,65,cooling_degradation,23475.5,0.5791,4296.0,68.4,92.52,835.74,408.99,93.6,26.097,451.19,0.8033,0.083,0.0,56.47,0.0708,141
14,66,cooling_degradation,23726.6,0.5741,4384.0,70.2,96.52,821.68,407.7,94.39,27.017,455.67,0.8059,0.0801,0.0,51.2,0.0731,140
14,67,cooling_degradation,23735.2,0.5739,4429.0,73.4,97.25,830.72,397.64,94.17,26.337,424.54,0.9917,0.0829,0.0,52.67,0.0766,139
14,68,cooling_degradation,23994.3,0.5687,4362.0,72.1,95.89,835.26,401.56,91.47,27.353,448.78,0.782,0.0616,0.0,47.33,0.0766,138
14,69,cooling_degradation,24356.7,0.5615,4394.0,69.3,96.65,830.89,406.25,90.56,26.238,448.37,0.8092,0.0332,0.0,45.16,0.0766,137
14,70,cooling_degradation,24715.9,0.5545,4324.0,78.5,97.34,831.36,399.1,90.45,26.731,403.0,0.9045,0.0634,0.0,52.67,0.0777,136
14,71,cooling_degradation,24745.2,0.5539,4480.0,75.2,98.7,827.58,405.38,95.56,27.745,436.42,0.8704,0.1075,0.0,42.42,0.0814,135
14,72,cooling_degradation,24845.1,0.5519,4364.0,78.6,98.78,831.23,402.15,91.21,27.149,408.61,0.765,0.0798,0.0,49.48,0.0818,134
14,73,cooling_degradation,25265.8,0.5438,4472.0,68.1,97.64,823.41,402.42,93.74,27.018,469.84,1.0176,0.083,0.0,44.32,0.0818,133
14,74,cooling_degradation,25325.4,0.5427,4292.0,77.4,97.28,836.78,408.5,92.7,26.936,411.98,0.8184,0.0942,0.0,49.51,0.0869,132
14,75,cooling_degradation,25512.6,0.5391,4347.0,73.2,97.97,832.38,411.19,91.01,26.674,431.2,0.869,0.0607,0.0,49.58,0.0915,131
14,76,cooling_degradation,25779.3,0.534,4414.0,72.6,100.13,825.39,387.54,91.32,25.505,415.91,0.9236,0.0819,0.0,49.05,0.0915,130
14,77,cooling_degradation,25813.1,0.5333,4359.0,73.9,98.19,834.78,410.66,94.2,27.16,434.88,1.0616,0.0877,0.0,48.15,0.0915,129
14,78,cooling_degradation,25849.5,0.5326,4381.0,71.8,97.82,830.9,409.4,91.89,26.784,441.31,0.8558,0.0588,0.0,50.9,0.0915,128
14,79,cooling_degradation,26122.2,0.5275,4291.0,73.6,99.07,839.25,408.0,90.94,26.693,429.34,0.8163,0.085,0.0,51.78,0.0924,127
14,80,cooling_degradation,26461.9,0.5211,4326.0,76.9,97.68,842.95,406.68,90.35,27.196,418.38,0.9382,0.1054,0.0,41.84,0.0982,126
14,81,cooling_degradation,26722.7,0.5163,4297.0,68.3,96.31,846.47,408.54,92.6,26.455,458.56,1.0655,0.0714,0.0,48.61,0.0982,125
14,82,cooling_degradation,26393.5,0.5224,4345.0,78.7,98.3,846.14,397.18,90.93,26.69,401.19,0.9093,0.045,0.0,46.74,0.0982,124
14,83,cooling_degradation,26953.2,0.512,4339.0,75.5,97.87,830.7,403.17,93.16,27.019,423.59,0.876,0.083,0.0,49.83,0.0985,123
14,84,cooling_degradation,26777.7,0.5153,4318.0,74.0,97.28,821.3,409.21,97.06,26.711,426.92,0.9302,0.0664,0.0,46.78,0.0985,122
14,85,cooling_degradation,26954.7,0.512,4388.0,77.2,98.68,830.3,387.88,93.2,27.31,418.4,0.748,0.0861,0.0,56.12,0.1083,121
14,86,cooling_degradation,27319.2,0.5053,4286.0,75.6,95.14,837.6,406.53,95.77,26.802,419.61,0.8648,0.0656,0.0,49.41,0.1083,120
14,87,cooling_degradation,27109.1,0.5092,4221.0,73.1,97.04,827.52,407.48,90.74,26.579,430.19,0.768,0.0837,0.0,54.68,0.1083,119
14,88,cooling_degradation,27229.4,0.507,4316.0,72.3,96.6,835.58,405.54,93.58,26.507,433.94,0.8892,0.1078,0.0,45.21,0.1108,118
14,89,cooling_degradation,27267.8,0.5063,4479.0,79.2,96.8,844.54,385.7,94.76,26.789,400.5,0.8794,0.0831,0.0,48.7,0.1123,117
14,90,cooling_degradation,27457.2,0.5028,4381.0,70.3,97.72,835.33,393.8,95.01,26.4,444.62,0.7094,0.0507,0.0,47.03,0.1123,116
14,91,cooling_degradation,27579.2,0.5006,4299.0,74.2,96.6,844.13,393.86,94.81,27.017,431.14,0.9356,0.0914,0.0,52.12,0.1128,115
14,92,cooling_degradation,27503.9,0.502,4377.0,70.6,100.63,836.54,388.85,92.41,26.349,441.94,0.9804,0.086,0.0,44.76,0.1187,114
14,93,cooling_degradation,27892.6,0.495,4342.0,76.3,98.86,838.68,403.6,94.2,26.531,411.56,0.9193,0.0906,0.0,42.35,0.121,113
14,94,cooling_degradation,27624.6,0.4998,4373.0,74.6,97.06,858.24,392.97,90.45,27.224,432.06,0.8175,0.1067,0.0,48.04,0.124,112
14,95,cooling_degradation,27866.6,0.4954,4403.0,71.1,95.82,844.26,389.69,95.85,26.674,443.73,1.054,0.079,0.0,54.65,0.1316,111
14,96,cooling_degradation,27844.6,0.4958,4362.0,72.3,97.56,846.0,402.27,90.73,27.106,443.64,1.1046,0.0837,0.0,47.8,0.1316,110
14,97,cooling_degradation,28069.4,0.4918,4357.0,75.1,97.95,853.24,393.89,95.14,26.877,423.69,0.9848,0.0689,0.0,53.17,0.1316,109
14,98,cooling_degradation,27798.0,0.4967,4439.0,75.8,97.56,854.46,397.15,94.77,26.79,418.2,0.9291,0.0941,0.0,48.85,0.1343,108
14,99,cooling_degradation,28033.8,0.4925,4382.0,69.2,102.31,841.19,387.92,94.76,25.922,443.57,0.9301,0.0936,0.0,43.32,0.1343,107
14,100,cooling_degradation,28333.9,0.4871,4362.0,72.9,96.16,855.58,392.16,96.93,26.41,428.91,1.0021,0.0868,0.0,56.85,0.1399,106
14,101,cooling_degradation,27770.7,0.4972,4353.0,75.5,98.73,844.94,389.24,94.9,26.669,418.17,0.9748,0.1069,0.0,55.84,0.14,105
14,102,cooling_degradation,27861.7,0.4955,4316.0,78.6,98.6,859.48,398.77,90.26,27.34,411.49,1.0127,0.073,0.0,52.91,0.1456,104
14,103,cooling_degradation,28312.6,0.4875,4275.0,77.5,98.46,841.28,395.99,94.12,27.123,414.07,1.0168,0.0967,0.0,53.47,0.1472,103
14,104,cooling_degradation,27976.6,0.4935,4390.0,73.6,95.99,847.42,395.33,89.23,26.534,426.45,0.9273,0.1071,0.0,52.49,0.1503,102
14,105,cooling_degradation,28004.0,0.493,4427.0,78.0,98.98,854.99,389.1,92.93,26.111,396.22,0.9304,0.0858,0.0,48.83,0.1555,101
14,106,cooling_degradation,27920.9,0.4945,4376.0,74.0,99.39,854.85,378.45,92.33,27.183,434.5,0.9802,0.0702,0.0,60.83,0.1588,100
14,107,cooling_degradation,28196.0,0.4896,4384.0,65.6,100.34,842.53,386.87,94.59,26.868,484.66,1.0535,0.0658,0.0,54.42,0.1658,99
14,108,cooling_degradation,27676.6,0.4989,4297.0,79.3,100.03,842.93,383.6,91.67,27.723,413.83,0.8913,0.1029,0.0,56.73,0.1658,98
14,109,cooling_degradation,28068.4,0.4918,4314.0,76.3,101.13,858.32,394.02,91.73,26.773,415.2,0.9978,0.1336,0.0,52.43,0.1658,97
14,110,cooling_degradation,27619.0,0.4999,4273.0,75.5,96.27,852.91,397.04,94.35,27.525,431.57,1.0163,0.088,0.0,57.28,0.1674,96
14,111,cooling_degradation,27556.8,0.501,4335.0,74.9,99.14,852.54,393.44,95.82,27.329,431.73,0.9926,0.1111,0.0,61.35,0.1737,95
14,112,cooling_degradation,27573.6,0.5007,4409.0,75.8,103.42,870.8,383.84,93.61,27.402,428.0,1.1574,0.0556,0.0,57.07,0.1804,94
14,113,cooling_degradation,27655.8,0.4992,4308.0,74.8,101.29,855.12,379.54,98.29,26.884,425.07,1.1471,0.1121,0.0,58.18,0.182,93
14,114,cooling_degradation,27499.8,0.5021,4346.0,73.9,97.52,852.87,388.72,92.95,27.019,432.56,1.0817,0.0828,0.0,60.77,0.182,92
14,115,cooling_degradation,27416.4,0.5036,4392.0,72.8,99.98,843.34,386.51,95.12,27.758,451.29,1.2023,0.0985,0.0,60.45,0.1879,91
14,116,cooling_degradation,27312.4,0.5055,4422.0,74.9,98.35,850.8,380.92,94.5,27.835,439.58,1.1371,0.1088,0.0,62.4,0.1909,90
14,117,cooling_degradation,27227.7,0.507,4251.0,72.0,99.42,866.37,389.98,93.26,26.991,443.55,1.0907,0.0759,0.0,59.34,0.1971,89
14,118,cooling_degradation,27130.6,0.5088,4321.0,71.2,103.11,853.49,374.35,96.6,27.043,449.6,1.0452,0.1725,0.0,59.48,0.1987,88
14,119,cooling_degradation,27205.8,0.5074,4306.0,75.4,101.65,867.24,386.18,92.27,26.352,413.8,1.0598,0.0986,0.0,59.41,0.2024,87
14,120,cooling_degradation,26968.9,0.5118,4297.0,77.4,97.94,852.91,385.54,89.9,27.836,425.4,1.1219,0.1229,0.0,62.54,0.2024,86
14,121,cooling_degradation,26551.9,0.5195,4327.0,72.0,99.3,855.71,375.72,93.99,27.363,449.45,1.0826,0.1434,0.0,56.92,0.212,85
14,122,cooling_degradation,26827.2,0.5144,4233.0,72.5,100.45,855.73,390.85,93.73,27.23,444.44,0.991,0.1195,0.0,61.73,0.212,84
14,123,cooling_degradation,26820.1,0.5145,4328.0,69.2,100.2,866.42,378.87,96.49,26.676,456.07,1.0957,0.0909,0.0,71.12,0.2182,83
14,124,cooling_degradation,26534.5,0.5198,4352.0,70.3,101.12,861.97,381.57,91.91,27.016,454.86,1.2136,0.1182,0.0,61.64,0.2205,82
14,125,cooling_degradation,26249.7,0.5251,4287.0,70.3,99.6,855.72,385.61,95.54,27.592,464.3,0.9349,0.0807,0.0,54.24,0.2247,81
14,126,cooling_degradation,26406.9,0.5222,4321.0,77.0,100.42,875.42,381.53,95.46,27.58,423.83,1.2715,0.1132,0.0,59.49,0.2327,80
14,127,cooling_degradation,25939.5,0.5309,4351.0,68.8,99.85,870.16,369.51,95.36,28.005,481.73,1.2116,0.1542,0.0,64.3,0.2355,79
14,128,cooling_degradation,25941.3,0.5309,4357.0,75.3,100.49,872.18,374.95,96.8,27.667,434.82,1.147,0.0924,0.0,57.84,0.2355,78
14,129,cooling_degradation,25824.3,0.5331,4252.0,73.0,102.31,872.62,393.72,94.84,26.87,435.35,1.2093,0.1068,0.0,57.09,0.2442,77
14,130,cooling_degradation,25821.5,0.5332,4392.0,75.6,101.81,865.61,381.55,95.07,27.239,426.61,1.2732,0.1616,0.0,55.47,0.2485,76
14,131,cooling_degradation,25572.5,0.5379,4393.0,77.2,100.56,885.47,376.34,96.07,27.249,417.98,1.2228,0.124,0.0,62.21,0.2583,75
14,132,cooling_degradation,25341.8,0.5423,4305.0,73.5,103.3,872.75,377.38,94.96,27.655,445.48,1.296,0.1096,0.0,71.31,0.2583,74
14,133,cooling_degradation,25259.9,0.5439,4451.0,76.9,103.51,880.05,360.37,92.7,28.019,431.43,1.3179,0.1389,0.0,61.68,0.2704,73
14,134,cooling_degradation,24755.1,0.5537,4377.0,78.0,101.96,881.99,368.63,94.63,28.32,429.65,1.2689,0.1223,0.0,68.89,0.2724,72
14,135,cooling_degradation,24968.4,0.5495,4369.0,77.3,101.62,871.42,367.17,94.97,27.464,420.53,1.1707,0.078,0.0,63.29,0.2743,71
14,136,cooling_degradation,24068.6,0.5672,4391.0,71.1,104.77,892.16,367.18,94.46,27.432,456.44,1.2643,0.1066,0.0,63.19,0.2792,70
14,137,cooling_degradation,24533.7,0.558,4288.0,67.1,104.65,875.84,363.29,95.05,27.534,485.46,1.1212,0.1764,0.0,68.15,0.2841,69
14,138,cooling_degradation,23978.9,0.569,4329.0,72.5,100.19,880.9,374.13,96.21,27.996,456.74,1.342,0.1443,0.0,58.66,0.2925,68
14,139,cooling_degradation,23942.1,0.5698,4387.0,73.3,104.31,878.25,348.94,95.35,26.94,434.76,1.279,0.1678,0.0,74.89,0.2949,67
14,140,cooling_degradation,23876.7,0.5711,4302.0,66.8,105.29,889.22,373.04,97.76,27.317,483.84,1.2839,0.1203,0.0,69.94,0.3028,66
14,141,cooling_degradation,23512.5,0.5784,4329.0,72.7,103.78,893.18,371.27,97.86,26.957,438.61,1.3936,0.1406,0.0,72.78,0.3058,65
14,142,cooling_degradation,23247.7,0.5837,4386.0,64.7,102.36,883.42,375.05,91.59,26.752,489.28,1.2703,0.1418,0.0,67.27,0.3173,64
14,143,cooling_degradation,23079.8,0.5872,4369.0,76.9,102.68,877.54,359.64,93.57,27.22,418.71,1.3932,0.1356,0.0,71.45,0.3218,63
14,144,cooling_degradation,22480.6,0.5995,4351.0,73.6,105.87,887.25,358.1,91.71,27.309,439.14,1.369,0.1521,0.0,74.02,0.3262,62
14,145,cooling_degradation,22250.5,0.6043,4354.0,69.6,104.73,887.6,360.54,96.12,26.761,455.21,1.4014,0.1277,0.0,69.54,0.3333,61
14,146,cooling_degradation,22232.9,0.6047,4340.0,72.3,104.43,886.99,362.95,96.1,27.048,442.92,1.453,0.1757,0.0,66.1,0.3385,60
14,147,cooling_degradation,21899.6,0.6116,4401.0,72.5,107.35,884.99,354.22,97.27,27.207,444.11,1.6034,0.1638,0.0,66.62,0.3482,59
14,148,cooling_degradation,21614.3,0.6177,4475.0,73.1,102.39,881.16,343.58,98.69,27.731,449.22,1.4954,0.1516,0.0,69.41,0.3503,58
14,149,cooling_degradation,21573.9,0.6185,4368.0,71.7,104.1,907.62,357.0,97.19,27.587,455.54,1.6106,0.1618,0.0,73.87,0.3637,57
14,150,cooling_degradation,21282.8,0.6247,4427.0,74.1,104.65,904.1,349.8,96.17,27.081,432.25,1.6278,0.1545,0.0,72.36,0.3686,56
14,151,cooling_degradation,20689.0,0.6376,4324.0,67.4,104.17,896.23,347.95,97.47,28.447,499.82,1.5934,0.1277,0.0,71.21,0.374,55
14,152,cooling_degradation,20605.6,0.6394,4309.0,70.6,101.99,894.69,343.1,96.7,27.387,458.97,1.4153,0.1455,0.0,77.99,0.3844,54
14,153,cooling_degradation,20012.0,0.6524,4303.0,76.2,106.44,907.08,366.74,94.87,27.41,425.66,1.5642,0.1638,0.0,72.92,0.3913,53
14,154,cooling_degradation,19711.1,0.6591,4295.0,69.6,103.88,903.28,356.7,99.81,27.792,472.35,1.5062,0.1614,0.0,72.53,0.3947,52
14,155,cooling_degradation,19513.5,0.6635,4332.0,71.2,104.23,902.52,350.52,99.04,27.707,460.2,1.8678,0.1858,0.0,81.56,0.4096,51
14,156,cooling_degradation,19333.0,0.6676,4403.0,67.4,104.83,906.91,342.93,101.09,27.151,476.9,1.5584,0.1841,0.0,79.61,0.4096,50
14,157,cooling_degradation,18932.0,0.6767,4410.0,76.7,105.43,915.92,344.64,96.03,28.244,435.98,1.5667,0.1663,0.0,72.12,0.425,49
14,158,cooling_degradation,18782.2,0.6801,4319.0,70.9,105.7,915.42,337.91,95.36,27.487,458.92,1.479,0.1597,0.0,72.0,0.4295,48
14,159,cooling_degradation,18392.4,0.689,4331.0,66.1,107.61,903.03,342.72,96.96,27.391,490.56,1.6554,0.1975,0.0,74.18,0.4414,47
14,160,cooling_degradation,18237.8,0.6926,4350.0,73.0,108.18,919.21,340.23,99.82,28.543,463.03,1.78,0.1892,0.0,80.46,0.4513,46
14,161,cooling_degradation,17824.2,0.7022,4364.0,66.3,106.11,922.55,331.33,100.81,27.617,493.07,1.8674,0.1739,0.0,86.79,0.4545,45
14,162,cooling_degradation,17254.2,0.7157,4385.0,71.4,105.83,920.04,334.18,99.84,28.151,466.73,1.7243,0.1662,0.0,88.96,0.4635,44
14,163,cooling_degradation,17208.6,0.7168,4326.0,72.2,106.82,938.23,333.27,99.78,27.787,455.23,1.9405,0.1789,0.0,86.48,0.4747,43
14,164,cooling_degradation,16603.8,0.7313,4338.0,75.0,105.8,921.61,329.67,101.3,28.243,445.38,1.858,0.2017,0.0,92.74,0.4797,42
14,165,cooling_degradation,16450.5,0.735,4431.0,69.5,107.39,909.13,324.22,98.91,27.579,469.94,1.864,0.2312,0.0,85.25,0.4916,41
14,166,cooling_degradation,15966.9,0.7468,4333.0,68.7,106.24,917.79,320.42,102.13,27.552,474.33,1.9485,0.1961,0.0,90.63,0.501,40
14,167,cooling_degradation,15887.5,0.7487,4316.0,62.3,111.03,917.68,336.57,104.14,27.354,519.41,2.0738,0.1859,0.0,82.91,0.5085,39
14,168,cooling_degradation,15443.0,0.7597,4345.0,66.8,108.34,932.44,335.91,98.29,27.555,487.85,2.0064,0.2494,0.0,79.08,0.5207,38
14,169,cooling_degradation,14870.4,0.7741,4355.0,65.9,107.69,937.21,317.98,100.18,28.239,507.28,1.9622,0.2029,0.0,86.57,0.5346,37
14,170,cooling_degradation,14553.8,0.7821,4258.0,67.3,109.81,934.59,333.21,98.12,28.176,495.56,2.1208,0.1976,0.0,88.41,0.5448,36
14,171,cooling_degradation,14736.2,0.7775,4323.0,66.1,107.11,937.01,321.62,99.13,26.982,483.29,2.1482,0.2077,0.0,102.68,0.5529,35
14,172,cooling_degradation,13687.4,0.8044,4375.0,69.8,108.18,954.4,317.08,102.07,28.853,489.24,2.1418,0.2102,0.0,90.8,0.5645,34
14,173,cooling_degradation,13396.1,0.812,4470.0,65.6,110.13,932.5,302.82,98.12,28.2,509.08,2.2749,0.2477,0.0,86.61,0.5744,33
14,174,cooling_degradation,13027.8,0.8216,4318.0,68.5,109.87,941.54,313.6,100.07,28.6,494.4,2.0352,0.1909,0.0,97.14,0.5813,32
14,175,cooling_degradation,12575.9,0.8336,4396.0,66.5,111.58,940.54,313.79,104.01,28.003,498.47,2.2975,0.2404,0.0,89.76,0.5951,31
14,176,cooling_degradation,12210.0,0.8435,4361.0,64.8,106.35,937.79,303.32,102.7,27.432,501.32,2.3975,0.2336,0.0,95.86,0.6127,30
14,177,cooling_degradation,11967.3,0.85,4420.0,64.3,111.99,933.53,299.5,104.04,27.516,506.59,2.2667,0.2265,0.0,100.67,0.6254,29
14,178,cooling_degradation,11667.8,0.8582,4313.0,66.9,110.1,962.74,305.15,100.04,28.908,511.28,2.2869,0.2327,0.0,92.17,0.6314,28
14,179,cooling_degradation,10967.3,0.8775,4416.0,70.1,109.63,951.9,279.29,103.13,27.83,469.73,2.556,0.2399,0.0,106.07,0.6498,27
14,180,cooling_degradation,10738.5,0.8838,4434.0,63.6,108.93,954.01,299.77,106.88,27.532,512.3,2.5922,0.2484,0.0,104.63,0.6555,26
14,181,cooling_degradation,10298.0,0.8962,4437.0,65.7,111.06,963.81,298.8,102.09,28.117,506.28,2.6656,0.2421,0.0,102.11,0.6705,25
14,182,cooling_degradation,9845.4,0.909,4436.0,66.8,114.64,954.56,294.63,102.72,27.852,493.28,2.5581,0.2541,0.0,110.39,0.6848,24
14,183,cooling_degradation,9770.5,0.9112,4361.0,65.1,114.03,959.39,299.48,105.12,28.561,519.25,2.6814,0.2438,0.0,100.89,0.6978,23
14,184,cooling_degradation,9104.3,0.9304,4385.0,59.7,115.33,965.91,287.73,102.41,28.31,561.58,2.7421,0.3067,0.0,107.89,0.7103,22
14,185,cooling_degradation,8609.3,0.9448,4325.0,66.2,113.13,969.44,301.32,105.97,28.678,512.99,2.6457,0.2882,0.0,106.8,0.7267,21
14,186,cooling_degradation,8540.5,0.9469,4217.0,60.0,113.85,963.22,287.88,101.26,27.954,551.49,2.8615,0.2826,0.0,103.67,0.7429,20
14,187,cooling_degradation,8187.9,0.9573,4365.0,59.8,111.52,979.92,282.76,100.16,28.331,560.6,2.8925,0.2663,0.0,104.52,0.7507,19
14,188,cooling_degradation,7625.7,0.9741,4340.0,60.2,112.01,975.82,279.9,106.03,29.018,570.91,3.0228,0.2975,0.0,119.48,0.7702,18
14,189,cooling_degradation,7037.0,0.9919,4408.0,63.4,114.6,986.1,276.41,103.8,27.986,522.71,2.9921,0.2923,0.0,116.2,0.7879,17
14,190,cooling_degradation,6723.0,1.0015,4402.0,60.7,113.04,986.63,272.14,104.85,28.888,562.9,3.186,0.2921,0.0,116.37,0.7991,16
14,191,cooling_degradation,6251.2,1.0161,4286.0,59.1,114.19,996.47,275.98,108.04,28.719,575.13,3.1583,0.2837,0.0,110.17,0.8144,15
14,192,cooling_degradation,5925.5,1.0263,4490.0,64.3,115.93,997.47,259.6,107.84,28.72,528.44,3.3543,0.3043,0.0,118.19,0.8295,14
14,193,cooling_degradation,5622.3,1.0358,4373.0,62.9,118.39,992.5,262.42,104.63,28.829,542.64,3.3868,0.34,0.0,115.05,0.8544,13
14,194,cooling_degradation,5091.8,1.0526,4273.0,65.0,116.88,1013.08,253.94,108.43,29.086,529.54,3.4166,0.3125,0.0,126.74,0.8695,12
14,195,cooling_degradation,4674.6,1.066,4281.0,60.3,115.11,1000.21,269.65,107.02,28.312,555.5,3.3519,0.309,0.0,125.36,0.8811,11
14,196,cooling_degradation,4176.6,1.0821,4219.0,62.1,114.96,1003.15,257.9,108.89,28.232,538.12,3.4393,0.3228,0.0,125.85,0.9028,10
14,197,cooling_degradation,3930.8,1.0902,4396.0,64.5,118.19,1005.9,250.01,108.27,29.433,540.43,3.7302,0.3255,0.0,126.47,0.9153,9
14,198,cooling_degradation,3462.9,1.1056,4318.0,57.9,117.53,995.76,247.03,105.68,28.246,577.46,3.7605,0.3194,0.0,123.66,0.9344,8
14,199,cooling_degradation,2707.7,1.1308,4300.0,59.6,119.04,1013.94,254.94,107.57,28.465,565.07,3.7402,0.3202,0.0,127.94,0.95,7
14,200,cooling_degradation,2291.3,1.1449,4311.0,64.3,118.98,1027.94,244.73,104.5,29.037,534.01,3.8065,0.3558,0.0,134.68,0.9663,6
14,201,cooling_degradation,2083.2,1.152,4332.0,61.2,119.75,1017.33,228.19,110.15,29.248,565.56,3.966,0.3709,0.0,131.36,0.9892,5
14,202,cooling_degradation,1852.6,1.16,4385.0,60.5,122.15,1045.9,238.32,110.98,28.96,566.83,3.9361,0.398,0.0,126.61,1.0091,4
14,203,cooling_degradation,1455.6,1.1737,4251.0,60.6,122.49,1019.28,234.79,109.22,28.955,565.72,4.1147,0.3686,0.0,139.11,1.0315,3
14,204,cooling_degradation,968.3,1.1907,4286.0,64.1,121.99,1037.31,233.65,110.82,29.912,552.01,4.3035,0.368,0.0,131.31,1.0523,2
14,205,cooling_degradation,404.4,1.2106,4378.0,60.2,120.54,1033.71,230.89,109.46,29.223,574.89,4.4045,0.3892,0.0,136.21,1.0706,1
15,0,bearing_wear,0.0,1.225,4260.0,56.6,94.27,814.75,420.56,89.33,25.473,532.4,0.815,0.0248,0.0044,45.18,0.0212,354
15,1,bearing_wear,274.8,1.2152,4332.0,61.3,94.89,802.63,417.07,94.34,26.097,503.44,0.8133,0.0386,0.0044,40.86,0.0212,353
15,2,bearing_wear,822.9,1.1958,4342.0,61.2,95.28,814.88,419.3,89.38,26.557,513.14,0.8356,0.0669,0.0048,49.14,0.0224,352
15,3,bearing_wear,793.4,1.1968,4447.0,57.8,97.9,810.05,420.32,93.89,25.157,514.7,0.923,0.0625,0.0048,34.99,0.0224,351
15,4,bearing_wear,1438.2,1.1743,4393.0,58.6,95.41,818.43,416.47,89.62,26.036,525.56,0.7016,0.052,0.0048,48.54,0.0224,350
15,5,bearing_wear,1219.0,1.1819,4273.0,60.5,100.64,822.83,421.66,89.81,25.815,504.68,0.6992,0.0694,0.0048,39.36,0.0224,349
15,6,bearing_wear,1523.4,1.1713,4236.0,57.5,95.27,811.07,418.26,90.6,25.371,522.42,0.7825,0.0533,0.0048,52.58,0.0224,348
15,7,bearing_wear,1722.7,1.1644,4380.0,63.2,93.17,813.41,405.17,90.1,25.453,476.56,0.6595,0.0438,0.0049,44.21,0.0226,347
15,8,bearing_wear,1995.3,1.1551,4319.0,65.6,96.27,824.26,420.01,88.61,25.79,464.96,0.9967,0.0191,0.0056,46.45,0.0244,346
15,9,bearing_wear,2289.5,1.145,4307.0,60.5,97.3,809.51,421.11,90.46,25.947,507.18,0.8869,0.0759,0.0056,41.39,0.0244,345
15,10,bearing_wear,2708.2,1.1308,4421.0,62.2,96.45,817.01,418.65,87.54,26.31,500.17,0.8536,0.0486,0.0056,45.6,0.0244,344
15,11,bearing_wear,2603.2,1.1344,4245.0,61.7,96.03,820.54,431.15,91.22,24.696,473.92,0.8748,0.0415,0.0056,45.6,0.0244,343
15,12,bearing_wear,2977.5,1.1218,4328.0,65.6,95.17,811.84,409.74,90.94,26.225,473.27,0.9139,0.0485,0.0056,41.49,0.0244,342
15,13,bearing_wear,3315.5,1.1105,4388.0,67.4,95.32,816.68,410.03,91.95,25.902,454.59,0.763,0.0805,0.0056,46.02,0.0244,341
15,14,bearing_wear,3661.9,1.099,4279.0,60.7,92.24,816.51,423.16,89.49,25.533,498.08,0.7833,0.0704,0.0056,25.39,0.0244,340
15,15,bearing_wear,3392.6,1.1079,4428.0,62.0,97.02,827.0,411.72,91.96,25.97,495.96,0.8396,0.0433,0.0056,38.98,0.0244,339
15,16,bearing_wear,3752.7,1.096,4289.0,64.6,95.17,807.99,427.3,91.35,26.729,489.82,0.7719,0.0599,0.0056,42.3,0.0244,338
15,17,bearing_wear,4214.4,1.0809,4346.0,63.2,97.46,815.76,414.65,90.74,25.589,479.38,0.738,0.0751,0.0056,44.71,0.0244,337
15,18,bearing_wear,4621.7,1.0677,4308.0,59.5,94.93,825.97,429.69,94.44,25.619,509.28,0.7698,0.0575,0.0056,47.06,0.0244,336
15,19,bearing_wear,4626.8,1.0675,4186.0,57.0,95.69,822.03,423.83,91.47,24.88,516.82,0.8441,0.053,0.0064,41.1,0.0262,335
15,20,bearing_wear,5044.0,1.0541,4325.0,60.7,97.65,813.94,426.3,89.6,25.912,504.87,0.8865,0.0088,0.0064,40.41,0.0262,334
15,21,bearing_wear,5484.8,1.0401,4398.0,63.6,97.79,817.03,398.46,93.6,25.635,476.66,0.7119,0.0755,0.0064,46.72,0.0262,333
15,22,bearing_wear,5433.6,1.0417,4288.0,61.6,97.12,820.92,420.75,91.61,26.429,507.68,0.8008,0.0302,0.0078,48.39,0.0293,332
15,23,bearing_wear,5641.4,1.0352,4312.0,59.8,93.19,821.44,415.7,94.26,25.852,511.98,0.8167,0.0137,0.0108,46.86,0.0351,331
15,24,bearing_wear,5989.5,1.0243,4319.0,61.3,94.08,829.41,402.67,86.99,25.688,495.84,0.7098,0.015,0.0108,42.39,0.0351,330
15,25,bearing_wear,6188.4,1.0181,4382.0,68.7,97.07,831.11,411.98,90.1,26.133,450.33,0.857,0.034,0.0108,55.9,0.0351,329
15,26,bearing_wear,6441.8,1.0102,4328.0,59.9,94.95,806.63,407.33,90.11,25.864,510.77,0.8125,0.0609,0.0108,43.56,0.0351,328
15,27,bearing_wear,6618.0,1.0047,4351.0,62.5,96.11,806.21,410.49,86.93,26.149,495.16,0.746,0.0743,0.0108,44.24,0.0351,327
15,28,bearing_wear,6847.7,0.9977,4352.0,62.0,96.31,814.39,415.4,91.03,25.377,484.21,0.7825,0.058,0.0108,51.32,0.0351,326
15,29,bearing_wear,6976.2,0.9938,4319.0,69.6,96.4,807.69,414.51,89.96,26.238,446.33,0.8639,0.0858,0.0108,50.8,0.0351,325
15,30,bearing_wear,7458.9,0.9791,4451.0,59.4,94.41,827.93,410.75,86.7,25.686,511.66,0.8993,0.0431,0.0108,46.7,0.0351,324
15,31,bearing_wear,7450.3,0.9794,4288.0,61.6,97.54,806.56,417.7,89.17,25.904,497.64,0.8482,0.0465,0.0108,38.65,0.0351,323
15,32,bearing_wear,7722.6,0.9712,4392.0,64.3,95.22,817.47,425.7,93.47,26.502,487.93,0.9735,0.0138,0.0108,43.72,0.0351,322
15,33,bearing_wear,7903.7,0.9657,4427.0,64.7,96.89,813.11,411.41,92.52,25.436,465.11,0.9103,0.0396,0.0108,45.75,0.0351,321
15,34,bearing_wear,8272.0,0.9548,4342.0,67.7,95.7,808.88,414.77,89.28,26.568,464.37,0.8652,0.0103,0.0108,52.92,0.0351,320
15,35,bearing_wear,8561.8,0.9462,4354.0,67.5,98.89,830.93,416.02,89.22,26.32,461.28,0.7648,0.0243,0.0108,57.91,0.0351,319
15,36,bearing_wear,8629.2,0.9442,4382.0,62.5,98.18,814.35,411.93,92.42,25.673,486.23,0.9115,0.0637,0.0108,40.16,0.0351,318
15,37,bearing_wear,8989.8,0.9337,4328.0,65.7,99.21,835.81,405.29,86.77,26.385,475.53,0.7596,0.0174,0.0108,47.42,0.0351,317
15,38,bearing_wear,9288.8,0.925,4236.0,64.3,98.49,831.13,423.52,91.89,25.829,475.17,0.8808,0.0194,0.0108,39.09,0.0351,316
15,39,bearing_wear,9263.3,0.9258,4335.0,63.6,95.8,819.5,422.17,87.04,25.214,469.16,0.6255,0.016,0.0108,42.54,0.0351,315
15,40,bearing_wear,9618.1,0.9155,4449.0,68.1,95.28,805.61,417.6,94.04,24.847,431.49,0.7839,0.0669,0.0123,39.06,0.0377,314
15,41,bearing_wear,10235.4,0.898,4384.0,66.0,94.37,818.57,415.64,92.07,25.605,459.2,0.7116,0.0841,0.0123,51.74,0.0377,313
15,42,bearing_wear,10090.2,0.9021,4355.0,70.1,96.48,841.65,411.36,87.07,26.122,440.8,0.8006,0.0498,0.0123,44.58,0.0377,312
15,43,bearing_wear,10533.8,0.8896,4395.0,66.9,96.11,825.18,412.52,89.99,26.215,463.73,0.7003,0.0702,0.0123,44.86,0.0377,311
15,44,bearing_wear,10581.6,0.8882,4341.0,68.4,96.07,821.62,423.98,91.43,26.481,458.32,0.8278,0.0282,0.0136,43.83,0.0399,310
15,45,bearing_wear,10917.1,0.8788,4352.0,57.6,94.87,812.67,411.39,86.82,25.491,523.95,0.8628,0.0761,0.0136,45.47,0.0399,309
15,46,bearing_wear,10996.0,0.8767,4324.0,66.1,96.67,828.92,406.96,90.71,25.542,457.21,0.7735,0.0372,0.0136,45.64,0.0399,308
15,47,bearing_wear,11057.9,0.8749,4379.0,67.3,95.56,825.36,424.65,91.76,26.023,457.84,0.7999,0.0649,0.0136,40.16,0.0399,307
15,48,bearing_wear,11503.8,0.8627,4318.0,67.7,95.41,824.87,408.32,86.66,26.112,456.7,0.843,0.051,0.0136,35.15,0.0399,306
15,49,bearing_wear,11862.0,0.8529,4331.0,70.9,96.38,833.28,404.34,92.29,27.086,452.41,0.8217,0.0131,0.0136,36.95,0.0399,305
15,50,bearing_wear,12122.4,0.8458,4403.0,68.2,96.02,831.52,412.1,90.55,26.454,459.09,0.9333,0.0338,0.0136,35.53,0.0399,304
15,51,bearing_wear,12266.1,0.8419,4338.0,62.8,93.98,823.68,415.86,92.63,25.246,475.59,0.7706,0.0549,0.0136,44.56,0.0399,303
15,52,bearing_wear,12351.0,0.8397,4384.0,68.2,95.01,810.72,413.43,90.38,26.114,453.17,0.8709,0.0147,0.0152,39.73,0.0424,302
15,53,bearing_wear,12827.6,0.8269,4389.0,69.2,97.0,816.07,415.7,88.73,26.58,454.48,0.8487,0.0576,0.0152,48.71,0.0424,301
15,54,bearing_wear,12802.3,0.8276,4345.0,65.0,96.12,816.88,411.63,88.54,26.056,474.48,0.7008,0.0234,0.0152,45.02,0.0424,300
15,55,bearing_wear,13031.5,0.8215,4329.0,65.7,93.28,821.87,412.54,90.22,25.441,458.24,0.8349,0.0625,0.0152,34.64,0.0424,299
15,56,bearing_wear,13202.5,0.817,4271.0,69.4,97.25,836.02,412.89,90.47,26.641,454.17,0.821,0.0245,0.0152,41.76,0.0424,298
15,57,bearing_wear,13504.0,0.8091,4284.0,67.2,96.12,839.34,416.48,92.98,26.325,463.7,0.7885,0.0606,0.0152,33.2,0.0424,297
15,58,bearing_wear,13739.9,0.803,4387.0,70.6,94.61,827.74,413.8,90.29,26.32,441.34,0.9699,0.068,0.0152,38.09,0.0424,296
15,59,bearing_wear,14044.0,0.7951,4385.0,68.0,95.19,827.71,416.04,87.73,25.904,451.02,0.9307,0.0484,0.0152,41.36,0.0424,295
15,60,bearing_wear,14011.7,0.796,4291.0,61.0,96.45,807.88,409.83,89.95,26.215,508.73,0.7676,0.0502,0.0157,39.15,0.0431,294
15,61,bearing_wear,14359.1,0.7871,4374.0,67.8,92.9,820.0,403.58,87.81,25.494,444.86,0.8794,0.0815,0.0157,53.3,0.0431,293
15,62,bearing_wear,14520.5,0.7829,4363.0,66.6,96.84,818.33,416.91,91.56,25.523,453.74,0.8881,0.0361,0.0157,47.62,0.0431,292
15,63,bearing_wear,14915.9,0.7729,4406.0,69.7,97.7,819.24,406.27,92.02,26.04,441.98,0.8403,0.0411,0.0157,42.24,0.0431,291
15,64,bearing_wear,15107.2,0.7681,4480.0,69.3,97.55,828.74,399.84,92.36,26.427,451.56,0.7408,0.0646,0.0157,51.01,0.0431,290
15,65,bearing_wear,15116.3,0.7679,4384.0,65.3,97.94,818.51,399.42,90.26,25.522,462.71,0.7524,0.0602,0.0157,39.0,0.0431,289
15,66,bearing_wear,15552.2,0.757,4309.0,68.8,95.12,809.37,422.23,89.52,26.072,448.4,0.8738,0.0472,0.0177,42.48,0.046,288
15,67,bearing_wear,15677.0,0.7539,4395.0,69.9,97.87,832.12,410.9,89.93,26.225,443.79,0.8735,0.0279,0.0186,48.53,0.0474,287
15,68,bearing_wear,16009.1,0.7457,4287.0,69.8,96.73,834.93,417.88,90.76,26.489,449.32,0.8101,0.0717,0.0186,38.68,0.0474,286
15,69,bearing_wear,15997.1,0.746,4483.0,71.5,95.07,828.46,407.44,89.93,26.344,436.17,0.9382,0.0274,0.0186,47.69,0.0474,285
15,70,bearing_wear,16385.3,0.7366,4276.0,65.6,97.02,821.87,416.43,94.17,25.992,468.99,0.9524,0.0978,0.0186,45.73,0.0474,284
15,71,bearing_wear,16627.9,0.7307,4376.0,68.3,96.98,817.37,410.02,90.21,25.981,450.22,0.9515,0.0283,0.0186,47.2,0.0474,283
15,72,bearing_wear,16708.6,0.7287,4350.0,62.2,98.62,814.81,411.05,90.74,26.332,501.13,0.9518,0.0301,0.0186,53.25,0.0474,282
15,73,bearing_wear,17211.8,0.7167,4325.0,72.5,98.12,835.24,406.86,89.44,26.781,437.05,0.8317,0.059,0.0186,46.54,0.0474,281
15,74,bearing_wear,17168.3,0.7177,4321.0,69.4,95.29,819.15,402.31,89.49,26.582,452.98,0.7262,0.0632,0.0186,44.89,0.0474,280
15,75,bearing_wear,17555.1,0.7086,4432.0,68.9,96.83,840.98,420.86,88.4,25.99,446.23,0.8072,0.0327,0.0186,36.77,0.0474,279
15,76,bearing_wear,17863.7,0.7013,4384.0,69.0,96.82,832.51,410.01,88.89,26.1,447.75,0.8238,0.086,0.0186,45.31,0.0474,278
15,77,bearing_wear,17427.9,0.7116,4341.0,70.9,96.73,828.82,409.12,94.71,26.615,444.17,0.7837,0.0589,0.0193,41.95,0.0484,277
15,78,bearing_wear,18043.6,0.6971,4454.0,72.7,95.9,848.71,401.29,92.06,26.296,428.08,0.8036,0.0473,0.0193,43.74,0.0484,276
15,79,bearing_wear,18138.9,0.6949,4343.0,68.8,99.1,836.36,417.04,90.39,25.944,446.26,0.7471,0.0606,0.0231,42.44,0.0534,275
15,80,bearing_wear,18287.1,0.6915,4394.0,71.0,95.54,823.81,409.05,89.75,26.563,442.71,0.8966,0.0771,0.0231,47.26,0.0534,274
15,81,bearing_wear,18339.2,0.6903,4270.0,71.1,98.98,819.1,409.23,93.54,25.928,431.74,0.9698,0.085,0.0231,39.85,0.0534,273
15,82,bearing_wear,18490.9,0.6868,4273.0,63.4,94.32,820.05,412.43,89.4,25.906,483.7,1.0301,0.0567,0.0231,45.87,0.0534,272
15,83,bearing_wear,18651.4,0.6831,4393.0,68.0,95.9,824.9,410.13,87.66,26.621,463.62,0.8593,0.0274,0.0231,39.6,0.0534,271
15,84,bearing_wear,19326.2,0.6677,4368.0,71.5,97.62,821.42,407.14,92.02,26.534,439.29,0.8258,0.0277,0.0231,35.81,0.0534,270
15,85,bearing_wear,19247.7,0.6695,4479.0,74.0,94.9,819.74,408.84,89.21,26.206,419.25,0.8365,0.0246,0.0231,43.1,0.0534,269
15,86,bearing_wear,19151.0,0.6717,4308.0,74.4,95.39,830.89,425.22,88.5,26.843,426.72,0.9486,0.04,0.0232,47.14,0.0536,268
15,87,bearing_wear,19375.8,0.6666,4391.0,66.8,97.28,832.29,405.8,88.89,25.955,459.88,0.9472,0.0536,0.0232,40.94,0.0536,267
15,88,bearing_wear,19407.2,0.6659,4335.0,73.6,93.93,843.79,409.09,91.93,26.945,433.5,0.8223,0.0574,0.0245,45.65,0.0552,266
15,89,bearing_wear,20065.3,0.6512,4401.0,73.8,98.19,829.64,402.54,90.9,26.822,430.38,0.9378,0.0756,0.0245,43.15,0.0552,265
15,90,bearing_wear,20067.6,0.6512,4396.0,72.0,98.87,834.11,405.89,89.24,26.392,433.88,0.8605,0.0123,0.0288,40.26,0.0604,264
15,91,bearing_wear,20309.7,0.6459,4348.0,64.8,98.92,810.88,397.44,92.15,25.798,471.3,0.7887,0.0535,0.0288,48.23,0.0604,263
15,92,bearing_wear,20404.7,0.6438,4306.0,69.3,97.14,834.83,417.94,89.55,26.031,444.41,0.8352,0.063,0.0288,42.18,0.0604,262
15,93,bearing_wear,20715.8,0.637,4330.0,71.3,96.01,820.9,402.13,87.94,27.528,456.61,0.9838,-0.0024,0.0288,47.31,0.0604,261
15,94,bearing_wear,20681.9,0.6377,4283.0,70.4,96.11,830.94,407.62,88.59,25.519,428.96,0.9053,0.0628,0.0288,38.14,0.0604,260
15,95,bearing_wear,20951.8,0.6319,4372.0,64.7,97.07,825.3,408.53,91.25,25.389,464.43,0.807,0.1084,0.0288,46.12,0.0604,259
15,96,bearing_wear,21113.1,0.6284,4181.0,70.5,96.91,827.15,425.37,89.69,26.891,451.37,0.9254,0.0696,0.0309,48.78,0.0629,258
15,97,bearing_wear,21060.7,0.6295,4315.0,68.6,96.14,816.25,405.3,91.47,26.69,460.54,0.9076,0.0602,0.0309,47.42,0.0629,257
15,98,bearing_wear,21287.5,0.6246,4404.0,73.2,99.09,824.39,404.85,93.48,26.758,432.4,0.8256,0.0486,0.0309,50.12,0.0629,256
15,99,bearing_wear,21509.9,0.6199,4403.0,73.0,96.35,822.69,407.8,90.0,25.803,418.37,0.7907,0.0587,0.0309,48.89,0.0629,255
15,100,bearing_wear,21761.2,0.6146,4253.0,73.2,98.89,825.8,409.39,96.6,26.83,433.75,0.7622,0.0849,0.0314,47.2,0.0634,254
15,101,bearing_wear,22077.4,0.6079,4385.0,70.6,96.88,838.72,406.11,91.82,26.067,436.89,0.7196,0.0472,0.0314,49.94,0.0634,253
15,102,bearing_wear,22040.8,0.6087,4282.0,71.9,96.8,827.17,402.38,90.93,26.496,436.35,0.7993,0.0781,0.0319,43.88,0.0639,252
15,103,bearing_wear,22162.9,0.6061,4327.0,71.6,97.61,825.34,405.77,88.69,26.698,441.09,0.8422,0.0641,0.0354,48.7,0.0678,251
15,104,bearing_wear,22373.3,0.6017,4396.0,74.7,97.6,837.48,412.86,90.66,26.922,426.51,0.9574,0.0874,0.0355,46.22,0.0679,250
15,105,bearing_wear,22452.4,0.6001,4291.0,70.4,96.62,832.77,415.6,90.86,26.204,440.23,0.9226,0.0766,0.0355,55.36,0.0679,249
15,106,bearing_wear,22619.8,0.5966,4436.0,69.8,97.68,846.12,400.84,92.88,26.942,456.49,0.8723,0.0586,0.0355,47.48,0.0679,248
15,107,bearing_wear,22996.1,0.5889,4365.0,75.1,97.88,840.57,400.93,90.17,27.068,426.64,0.7067,0.0573,0.0355,39.68,0.0679,247
15,108,bearing_wear,22879.0,0.5913,4378.0,74.7,99.34,816.47,405.05,92.23,26.339,417.07,0.8807,0.0486,0.0358,47.41,0.0682,246
15,109,bearing_wear,23093.7,0.5869,4415.0,73.7,96.96,838.33,395.7,91.45,26.472,424.79,0.7254,0.0744,0.0358,41.39,0.0682,245
15,110,bearing_wear,23097.8,0.5868,4403.0,77.2,95.69,839.08,403.87,93.31,26.565,407.42,0.9269,0.0431,0.0358,49.78,0.0682,244
15,111,bearing_wear,23521.9,0.5782,4398.0,78.8,95.92,848.32,402.32,93.53,26.95,404.92,0.9329,0.0577,0.0387,50.14,0.0712,243
15,112,bearing_wear,23332.5,0.582,4311.0,76.3,100.48,832.2,406.48,92.09,27.077,420.16,0.8648,0.0515,0.0387,43.36,0.0712,242
15,113,bearing_wear,23593.0,0.5768,4283.0,70.4,94.1,839.63,409.67,92.95,25.733,432.56,0.9261,0.0286,0.0387,41.22,0.0712,241
15,114,bearing_wear,23883.9,0.5709,4333.0,75.2,95.2,830.95,410.82,93.72,25.976,408.74,0.945,0.0602,0.0411,47.29,0.0736,240
15,115,bearing_wear,23737.5,0.5738,4378.0,73.1,97.02,835.07,399.1,92.55,26.312,425.87,0.8726,0.0253,0.0411,42.1,0.0736,239
15,116,bearing_wear,24126.6,0.5661,4273.0,71.2,96.06,823.33,416.36,92.03,27.069,450.12,0.8523,0.0468,0.0411,42.43,0.0736,238
15,117,bearing_wear,23816.2,0.5723,4385.0,70.7,98.21,820.54,411.76,92.29,26.595,445.16,0.7576,0.0691,0.0411,44.09,0.0736,237
15,118,bearing_wear,24084.9,0.5669,4372.0,73.8,98.08,840.04,418.83,94.69,27.316,438.05,0.8355,0.0592,0.0411,49.74,0.0736,236
15,119,bearing_wear,24357.9,0.5615,4339.0,75.5,96.36,835.44,407.88,91.83,26.749,419.24,0.793,0.0601,0.048,39.8,0.0802,235
15,120,bearing_wear,24854.8,0.5518,4354.0,77.3,99.42,826.04,414.21,93.06,26.58,407.14,0.7922,0.0397,0.048,43.45,0.0802,234
15,121,bearing_wear,24634.6,0.5561,4354.0,75.2,95.5,841.77,411.22,90.25,26.123,411.05,0.8141,0.078,0.048,59.22,0.0802,233
15,122,bearing_wear,24755.3,0.5537,4376.0,75.0,96.09,813.63,405.07,94.64,26.453,417.58,0.7181,0.0396,0.0498,57.14,0.0819,232
15,123,bearing_wear,25018.0,0.5486,4395.0,72.7,99.63,828.6,395.13,92.6,26.411,429.98,0.9578,0.0721,0.0534,53.71,0.0851,231
15,124,bearing_wear,24796.5,0.5529,4522.0,74.0,95.32,822.45,401.43,91.01,25.769,411.99,0.897,0.0839,0.0534,47.88,0.0851,230
15,125,bearing_wear,24616.1,0.5564,4360.0,68.9,97.79,842.81,405.6,91.56,26.098,447.97,0.9724,0.0274,0.0534,51.43,0.0852,229
15,126,bearing_wear,25440.8,0.5404,4311.0,75.2,99.63,832.86,417.32,91.27,26.469,416.63,0.9437,0.0499,0.0534,45.74,0.0852,228
15,127,bearing_wear,25379.1,0.5416,4236.0,74.8,93.38,836.79,414.83,91.71,26.797,423.73,0.9195,0.048,0.0534,34.14,0.0852,227
15,128,bearing_wear,25327.3,0.5426,4266.0,79.3,96.78,840.85,415.23,92.12,27.042,403.32,0.9431,0.0634,0.0534,44.82,0.0852,226
15,129,bearing_wear,25506.4,0.5392,4305.0,73.5,98.74,842.35,403.16,91.34,26.845,431.99,0.894,0.0395,0.0554,45.45,0.0869,225
15,130,bearing_wear,25757.3,0.5344,4391.0,77.3,96.99,843.96,403.24,88.62,26.302,402.74,0.9905,0.0357,0.0587,48.22,0.0898,224
15,131,bearing_wear,25679.7,0.5359,4326.0,72.3,97.48,842.33,393.48,95.34,26.201,428.6,0.8453,0.0579,0.0587,50.5,0.0898,223
15,132,bearing_wear,25818.5,0.5332,4374.0,78.9,97.68,837.08,405.95,92.33,27.419,411.21,0.8845,0.0477,0.0587,56.34,0.0898,222
15,133,bearing_wear,26197.6,0.5261,4306.0,78.2,97.87,845.69,413.34,92.34,26.904,407.05,0.8638,0.056,0.0587,48.24,0.0898,221
15,134,bearing_wear,25799.4,0.5336,4377.0,77.3,96.19,833.17,410.82,91.7,27.292,417.74,1.0475,0.0768,0.0587,43.06,0.0898,220
15,135,bearing_wear,26155.0,0.5269,4402.0,74.2,98.61,834.24,398.58,93.67,26.717,426.39,0.8397,0.0272,0.0621,47.36,0.0926,219
15,136,bearing_wear,25983.6,0.5301,4326.0,73.4,97.87,824.98,393.47,91.97,26.804,432.44,0.9947,0.0576,0.0634,51.65,0.0936,218
15,137,bearing_wear,26488.8,0.5206,4376.0,73.0,95.78,850.62,398.51,91.26,26.918,436.67,0.7835,0.0481,0.0641,47.92,0.0942,217
15,138,bearing_wear,26383.6,0.5226,4324.0,71.2,96.8,828.38,403.89,91.39,26.379,438.49,0.9006,0.0604,0.0641,44.46,0.0942,216
15,139,bearing_wear,26319.8,0.5238,4276.0,75.6,95.54,851.12,408.11,94.51,26.617,416.9,0.887,0.0497,0.0716,51.64,0.1002,215
15,140,bearing_wear,26279.0,0.5246,4383.0,73.5,97.97,843.08,388.12,92.41,26.486,426.72,0.8199,0.0378,0.0716,43.31,0.1002,214
15,141,bearing_wear,26530.6,0.5199,4375.0,75.4,98.39,841.34,400.09,91.93,26.843,421.37,0.8484,0.0693,0.0716,44.63,0.1002,213
15,142,bearing_wear,26688.0,0.5169,4386.0,74.8,97.97,842.38,393.95,91.13,27.068,428.3,0.9418,0.1168,0.0716,51.1,0.1002,212
15,143,bearing_wear,26908.8,0.5129,4407.0,71.1,98.54,829.66,407.3,91.42,26.463,440.47,0.8787,0.0601,0.0751,45.33,0.1029,211
15,144,bearing_wear,26643.8,0.5178,4335.0,77.5,97.93,854.25,388.22,94.22,27.475,419.3,0.8284,0.0476,0.0751,47.5,0.1029,210
15,145,bearing_wear,26754.8,0.5157,4339.0,74.7,98.86,837.08,408.08,90.22,27.541,436.39,0.9774,0.0475,0.0751,49.34,0.1029,209
15,146,bearing_wear,26872.5,0.5135,4333.0,77.0,97.7,850.68,400.21,93.53,26.653,409.51,0.9141,0.0825,0.0838,49.64,0.1094,208
15,147,bearing_wear,26897.2,0.5131,4371.0,71.0,98.93,835.21,386.99,93.6,27.117,452.14,0.9423,0.0463,0.0838,45.01,0.1094,207
15,148,bearing_wear,27000.6,0.5112,4342.0,72.2,95.95,828.72,410.79,92.62,26.709,437.69,1.0032,0.0898,0.0838,51.49,0.1094,206
15,149,bearing_wear,26998.2,0.5112,4358.0,73.4,95.79,856.62,408.03,91.81,26.937,434.53,1.0395,0.0311,0.0838,45.26,0.1094,205
15,150,bearing_wear,27262.6,0.5064,4307.0,75.3,98.06,837.24,409.68,89.26,26.853,422.03,0.7354,0.0681,0.086,58.24,0.111,204
15,151,bearing_wear,27185.5,0.5078,4288.0,74.3,99.03,845.93,403.11,93.61,27.344,435.58,0.9146,0.0784,0.0903,48.26,0.114,203
15,152,bearing_wear,27315.3,0.5054,4295.0,78.7,97.59,820.23,398.17,89.09,27.262,409.81,0.7891,0.0804,0.0903,53.3,0.114,202
15,153,bearing_wear,27412.9,0.5036,4375.0,77.8,98.98,843.51,398.53,92.62,26.928,409.79,1.1421,0.0791,0.091,53.97,0.1145,201
15,154,bearing_wear,27211.8,0.5073,4347.0,72.5,98.51,846.57,402.55,92.42,26.588,434.03,0.9383,0.071,0.093,48.65,0.1159,200
15,155,bearing_wear,27557.1,0.501,4320.0,83.6,94.99,848.41,397.37,93.85,26.938,381.55,1.0041,0.0888,0.093,45.59,0.1159,199
15,156,bearing_wear,27546.6,0.5012,4390.0,74.5,101.53,841.95,392.01,90.53,26.646,423.35,0.8761,0.0459,0.093,54.08,0.1159,198
15,157,bearing_wear,27591.7,0.5004,4437.0,78.6,96.17,843.12,397.73,90.43,27.612,415.54,0.8978,0.0528,0.093,43.32,0.1159,197
15,158,bearing_wear,27582.9,0.5006,4320.0,73.9,96.77,850.69,400.77,93.5,27.295,436.9,1.0237,0.0594,0.1014,44.6,0.1216,196
15,159,bearing_wear,27603.1,0.5002,4285.0,76.7,99.94,834.91,406.79,92.11,26.773,413.18,0.9781,0.0974,0.1025,54.05,0.1223,195
15,160,bearing_wear,27690.0,0.4986,4407.0,77.7,98.24,843.86,404.28,88.41,26.65,406.0,1.0712,0.077,0.1025,50.01,0.1223,194
15,161,bearing_wear,27732.6,0.4979,4351.0,70.3,97.05,853.56,403.07,92.43,27.029,454.77,0.8702,0.0813,0.1025,47.48,0.1223,193
15,162,bearing_wear,27575.3,0.5007,4339.0,80.1,97.59,835.75,391.09,96.12,27.417,405.02,0.9244,0.0651,0.107,48.78,0.1253,192
15,163,bearing_wear,28020.5,0.4927,4411.0,72.5,96.96,842.98,394.32,93.6,26.0,424.17,0.9829,0.085,0.107,47.3,0.1253,191
15,164,bearing_wear,27709.5,0.4983,4334.0,73.9,97.13,836.12,400.19,90.18,28.029,449.14,0.9987,0.0383,0.1102,62.37,0.1274,190
15,165,bearing_wear,27851.4,0.4957,4374.0,73.1,99.57,847.43,400.36,93.53,26.844,434.58,0.9826,0.0619,0.1135,56.74,0.1294,189
15,166,bearing_wear,28041.5,0.4923,4360.0,73.2,97.64,845.35,401.37,94.55,27.527,444.87,0.8432,0.0657,0.1135,47.53,0.1294,188
15,167,bearing_wear,27838.5,0.496,4545.0,73.4,96.9,838.7,385.73,89.24,26.943,434.52,0.8822,0.0623,0.1214,50.53,0.1344,187
15,168,bearing_wear,27946.3,0.494,4342.0,71.4,97.36,845.45,393.27,92.11,26.336,436.7,0.985,0.0653,0.1214,55.08,0.1344,186
15,169,bearing_wear,27600.8,0.5002,4406.0,77.2,98.33,849.17,398.68,95.33,27.19,416.56,0.8379,0.0834,0.1248,47.4,0.1365,185
15,170,bearing_wear,27648.7,0.4994,4335.0,75.3,97.45,842.87,398.41,89.69,26.411,414.98,0.8909,0.0774,0.1253,49.51,0.1367,184
15,171,bearing_wear,27956.5,0.4938,4377.0,74.6,98.26,845.35,394.65,92.29,26.923,427.31,0.9755,0.0987,0.1353,51.35,0.1427,183
15,172,bearing_wear,28000.9,0.493,4338.0,78.0,99.25,845.23,390.67,92.42,26.746,405.63,0.9104,0.0331,0.1353,48.44,0.1427,182
15,173,bearing_wear,28148.3,0.4904,4398.0,80.3,98.01,833.3,404.52,92.02,27.235,401.43,0.9909,0.1046,0.1353,58.33,0.1427,181
15,174,bearing_wear,28110.3,0.4911,4344.0,70.3,97.45,854.25,395.87,95.63,26.822,451.43,0.9676,0.0623,0.1374,49.39,0.144,180
15,175,bearing_wear,27756.8,0.4974,4380.0,79.9,97.88,862.65,390.84,95.46,27.438,406.55,0.9242,0.1043,0.1493,52.98,0.1507,179
15,176,bearing_wear,28189.1,0.4897,4305.0,74.9,101.01,836.62,396.63,92.41,26.439,417.58,0.9261,0.0697,0.1493,54.15,0.1507,178
15,177,bearing_wear,27821.4,0.4963,4302.0,70.9,102.17,858.3,394.47,90.98,26.526,442.47,1.0895,0.0854,0.1493,61.5,0.1507,177
15,178,bearing_wear,28128.3,0.4908,4237.0,76.2,98.99,854.49,390.78,95.56,26.312,408.44,1.018,0.0565,0.1493,53.13,0.1507,176
15,179,bearing_wear,27927.8,0.4944,4372.0,74.6,100.0,841.67,393.56,94.56,27.255,432.09,1.007,0.0537,0.1493,64.25,0.1507,175
15,180,bearing_wear,28397.4,0.486,4311.0,77.6,97.57,850.81,385.67,93.03,27.272,416.03,0.9962,0.0906,0.1536,51.97,0.1532,174
15,181,bearing_wear,27893.8,0.495,4482.0,75.4,98.21,846.75,385.65,94.46,26.607,417.47,0.9277,0.0276,0.1619,53.09,0.1577,173
15,182,bearing_wear,27961.3,0.4938,4322.0,76.1,99.77,860.16,383.43,94.45,27.678,430.68,0.9557,0.0567,0.1623,58.9,0.1579,172
15,183,bearing_wear,27984.1,0.4933,4425.0,73.7,95.67,845.29,374.05,91.5,27.176,436.54,0.8179,0.0985,0.1712,64.24,0.1627,171
15,184,bearing_wear,27909.6,0.4947,4419.0,71.9,100.37,868.72,390.96,92.07,26.84,441.87,0.959,0.0748,0.1712,53.32,0.1627,170
15,185,bearing_wear,27779.9,0.497,4335.0,77.2,98.39,863.78,384.73,93.28,27.013,414.17,0.9615,0.0657,0.1724,60.87,0.1633,169
15,186,bearing_wear,28241.4,0.4888,4306.0,73.4,97.69,843.47,394.89,89.46,26.73,431.1,1.0608,0.1152,0.1781,59.2,0.1663,168
15,187,bearing_wear,27798.2,0.4967,4342.0,76.1,99.9,867.82,391.44,92.65,26.836,417.07,0.9693,0.1224,0.1787,51.19,0.1666,167
15,188,bearing_wear,27769.7,0.4972,4418.0,79.4,101.49,862.17,387.5,91.75,27.816,414.66,1.0804,0.0849,0.1787,54.9,0.1666,166
15,189,bearing_wear,27825.0,0.4962,4487.0,74.4,98.9,853.16,378.99,93.72,27.167,431.92,1.0013,0.1114,0.1831,54.99,0.1689,165
15,190,bearing_wear,27842.9,0.4959,4276.0,77.0,99.81,861.05,392.52,91.12,26.791,411.76,1.0339,0.1163,0.1831,50.04,0.1689,164
15,191,bearing_wear,27681.4,0.4988,4351.0,74.8,100.28,863.93,384.0,94.42,27.629,437.17,1.0376,0.09,0.2011,56.83,0.1779,163
15,192,bearing_wear,27895.3,0.4949,4314.0,73.8,99.95,849.96,395.46,94.0,27.013,433.33,1.0961,0.0801,0.2011,56.41,0.1779,162
15,193,bearing_wear,27741.1,0.4977,4328.0,70.2,98.09,860.9,386.17,93.35,26.465,446.38,1.1366,0.0921,0.2011,57.88,0.1779,161
15,194,bearing_wear,27685.0,0.4987,4452.0,74.7,99.93,853.05,381.35,94.5,27.896,441.87,0.9613,0.0613,0.2013,56.37,0.178,160
15,195,bearing_wear,27727.2,0.498,4304.0,74.3,100.08,864.68,393.23,94.91,26.673,424.75,1.1982,0.106,0.2188,53.44,0.1864,159
15,196,bearing_wear,27475.6,0.5025,4254.0,72.2,95.71,856.0,387.54,93.25,26.653,437.02,0.989,0.0881,0.2188,69.01,0.1864,158
15,197,bearing_wear,27472.4,0.5026,4362.0,68.7,101.08,847.28,375.1,93.8,26.772,461.45,1.0428,0.0958,0.2188,57.86,0.1864,157
15,198,bearing_wear,27511.8,0.5018,4373.0,69.7,97.72,862.5,377.64,92.51,26.99,458.07,1.0303,0.0994,0.2343,63.92,0.1936,156
15,199,bearing_wear,27607.5,0.5001,4325.0,80.1,100.19,859.6,392.75,92.49,27.181,401.73,1.1932,0.0816,0.2343,59.62,0.1936,155
15,200,bearing_wear,27382.2,0.5042,4309.0,74.8,102.27,861.23,387.69,97.03,26.281,415.79,0.9878,0.0979,0.2343,64.96,0.1936,154
15,201,bearing_wear,27319.7,0.5053,4360.0,70.4,99.62,861.04,386.42,93.47,26.912,452.7,1.13,0.0714,0.2343,53.55,0.1936,153
15,202,bearing_wear,26997.4,0.5112,4269.0,72.8,98.52,871.71,390.2,93.94,26.644,432.97,0.9051,0.0914,0.2438,57.37,0.1979,152
15,203,bearing_wear,27153.9,0.5084,4375.0,74.6,100.94,857.38,393.84,93.8,27.027,428.56,1.1469,0.0787,0.2438,55.57,0.1979,151
15,204,bearing_wear,26952.5,0.5121,4329.0,75.9,102.32,855.72,372.15,94.79,26.94,419.94,1.0763,0.0861,0.2539,55.36,0.2025,150
15,205,bearing_wear,26929.8,0.5125,4433.0,73.8,98.55,874.67,378.6,92.96,26.706,428.02,1.0619,0.0586,0.2543,59.57,0.2026,149
15,206,bearing_wear,27132.7,0.5087,4369.0,80.6,96.78,865.7,382.09,93.23,27.45,403.19,1.0445,0.0973,0.2626,57.34,0.2063,148
15,207,bearing_wear,27511.3,0.5019,4341.0,80.7,102.19,862.2,382.52,96.08,27.323,400.8,1.1028,0.1179,0.2714,51.77,0.2101,147
15,208,bearing_wear,26976.2,0.5116,4336.0,75.6,101.68,866.91,387.67,91.23,26.934,421.71,1.0798,0.1117,0.2714,57.4,0.2101,146
15,209,bearing_wear,26928.4,0.5125,4234.0,73.3,101.04,860.66,392.49,94.62,27.528,444.44,0.9943,0.1313,0.2771,57.2,0.2125,145
15,210,bearing_wear,26693.7,0.5168,4343.0,75.5,97.81,862.8,380.46,92.65,26.883,421.34,1.0551,0.0918,0.2817,63.71,0.2145,144
15,211,bearing_wear,26577.8,0.519,4338.0,70.3,101.48,883.69,371.26,90.34,26.882,452.3,1.1893,0.1034,0.2897,52.37,0.2179,143
15,212,bearing_wear,26968.6,0.5118,4353.0,77.3,102.23,859.35,395.12,94.26,27.395,419.52,1.1002,0.1333,0.2972,57.32,0.221,142
15,213,bearing_wear,26462.3,0.5211,4339.0,74.8,103.94,854.81,380.5,92.14,26.588,420.9,1.0724,0.1142,0.3007,56.27,0.2224,141
15,214,bearing_wear,26204.1,0.526,4436.0,70.6,100.28,874.05,376.18,91.78,26.566,445.46,1.1397,0.1197,0.301,63.75,0.2225,140
15,215,bearing_wear,26459.7,0.5212,4334.0,72.4,100.97,862.37,388.12,99.66,27.111,443.14,1.1775,0.159,0.3037,57.4,0.2236,139
15,216,bearing_wear,26275.1,0.5246,4299.0,75.8,97.54,869.94,379.7,95.58,27.306,426.14,1.1932,0.1124,0.3066,65.47,0.2249,138
15,217,bearing_wear,26343.7,0.5233,4250.0,69.1,102.41,870.81,390.88,95.78,26.643,456.5,1.186,0.1131,0.3259,60.7,0.2326,137
15,218,bearing_wear,26402.0,0.5223,4323.0,71.3,102.47,853.69,376.94,94.62,27.097,449.52,1.2646,0.1056,0.3357,63.73,0.2364,136
15,219,bearing_wear,26132.8,0.5273,4287.0,72.6,101.66,877.44,391.54,92.34,27.289,445.0,1.172,0.1197,0.3358,66.81,0.2365,135
15,220,bearing_wear,26019.9,0.5294,4272.0,76.8,103.0,867.33,382.94,94.52,27.695,426.5,1.1638,0.1503,0.3519,55.83,0.2427,134
15,221,bearing_wear,25991.3,0.53,4331.0,79.0,100.05,888.1,373.19,94.14,27.857,417.23,1.2525,0.1414,0.3519,60.61,0.2427,133
15,222,bearing_wear,26202.4,0.526,4418.0,75.0,100.96,865.11,385.48,91.06,27.84,439.55,1.1325,0.1605,0.3591,64.2,0.2455,132
15,223,bearing_wear,26040.9,0.529,4406.0,64.3,101.0,878.67,376.63,98.49,26.759,492.6,1.1568,0.1391,0.3591,63.08,0.2455,131
15,224,bearing_wear,25552.1,0.5383,4273.0,70.4,103.04,884.16,375.19,94.82,26.541,446.39,1.0726,0.0904,0.3711,56.02,0.25,130
15,225,bearing_wear,25640.2,0.5366,4352.0,84.1,103.27,874.69,365.19,93.47,27.83,391.4,1.3619,0.1531,0.3899,66.61,0.257,129
15,226,bearing_wear,25662.0,0.5362,4375.0,74.1,102.16,873.0,375.89,95.47,26.851,428.97,1.3942,0.146,0.4018,63.75,0.2613,128
15,227,bearing_wear,25392.4,0.5414,4385.0,65.7,102.06,867.83,379.52,92.47,27.196,489.67,1.2134,0.144,0.4018,64.16,0.2613,127
15,228,bearing_wear,25170.8,0.5456,4446.0,80.6,102.63,890.88,369.71,93.44,28.315,415.7,1.299,0.1717,0.4137,62.79,0.2656,126
15,229,bearing_wear,24996.4,0.549,4280.0,69.4,101.39,875.59,376.85,98.48,27.109,462.11,1.3054,0.1457,0.4268,48.41,0.2702,125
15,230,bearing_wear,24974.2,0.5494,4297.0,75.1,103.95,881.25,383.37,94.36,27.916,439.95,1.2646,0.1627,0.4268,67.04,0.2702,124
15,231,bearing_wear,24674.9,0.5553,4310.0,69.9,101.29,873.84,376.44,95.42,27.585,467.22,1.3536,0.1319,0.4348,67.51,0.273,123
15,232,bearing_wear,24864.6,0.5516,4372.0,79.9,102.7,884.36,365.33,95.72,27.878,413.14,1.162,0.1254,0.4426,62.7,0.2757,122
15,233,bearing_wear,24821.4,0.5524,4187.0,68.9,101.28,880.69,373.81,95.28,27.332,469.22,1.2631,0.1487,0.4594,57.91,0.2815,121
15,234,bearing_wear,24433.8,0.56,4336.0,71.4,103.6,872.83,373.35,94.55,27.647,458.45,1.1109,0.1544,0.4594,62.66,0.2815,120
15,235,bearing_wear,24304.4,0.5626,4243.0,76.2,102.14,895.1,376.96,100.25,27.013,419.51,1.2074,0.1752,0.4715,70.67,0.2856,119
15,236,bearing_wear,24090.3,0.5668,4350.0,71.3,105.42,877.19,374.86,94.26,27.384,454.32,1.1621,0.1436,0.476,63.8,0.2871,118
15,237,bearing_wear,24193.6,0.5648,4474.0,74.4,102.27,889.76,363.37,94.06,27.708,440.84,1.1589,0.2005,0.492,66.43,0.2924,117
15,238,bearing_wear,23994.8,0.5687,4404.0,75.3,104.01,873.16,367.72,96.94,26.99,423.92,1.2811,0.1562,0.5093,65.16,0.2981,116
15,239,bearing_wear,23650.9,0.5756,4276.0,73.3,101.76,888.61,371.37,93.47,28.222,455.53,1.3608,0.1776,0.5221,68.77,0.3022,115
15,240,bearing_wear,24173.8,0.5651,4325.0,69.4,102.3,890.27,372.17,98.14,27.667,471.9,1.2854,0.1821,0.5303,60.85,0.3048,114
15,241,bearing_wear,23337.1,0.5819,4297.0,70.3,102.7,884.33,372.27,95.69,27.724,466.82,1.295,0.1879,0.5303,66.42,0.3048,113
15,242,bearing_wear,23253.3,0.5836,4428.0,71.4,103.34,891.77,359.38,96.39,27.522,456.03,1.2845,0.1926,0.5359,73.08,0.3066,112
15,243,bearing_wear,23473.7,0.5792,4218.0,74.3,101.89,880.67,368.86,96.88,27.177,433.09,1.3758,0.2366,0.5611,63.72,0.3145,111
15,244,bearing_wear,23293.1,0.5828,4324.0,74.9,102.22,890.93,366.22,95.66,27.093,428.3,1.3225,0.1816,0.5686,67.15,0.3169,110
15,245,bearing_wear,22947.3,0.5899,4308.0,73.0,103.23,874.25,365.55,98.19,27.451,445.22,1.2929,0.2009,0.5718,73.87,0.3179,109
15,246,bearing_wear,22795.7,0.593,4280.0,74.4,103.73,888.67,373.89,97.69,27.86,443.26,1.4525,0.1946,0.5772,72.49,0.3195,108
15,247,bearing_wear,22837.4,0.5921,4450.0,67.4,103.07,877.66,358.78,97.42,27.381,480.6,1.3082,0.2159,0.5772,71.02,0.3195,107
15,248,bearing_wear,22679.9,0.5954,4256.0,73.0,103.0,887.42,357.68,93.47,28.202,457.11,1.2907,0.2107,0.5946,71.18,0.3249,106
15,249,bearing_wear,22370.3,0.6018,4278.0,71.8,101.46,900.1,356.65,95.95,27.35,450.51,1.4726,0.214,0.62,71.79,0.3325,105
15,250,bearing_wear,22475.9,0.5996,4446.0,73.4,104.3,904.61,353.24,96.5,27.44,442.13,1.2894,0.1838,0.6329,69.11,0.3363,104
15,251,bearing_wear,22261.8,0.6041,4344.0,74.1,104.97,882.1,363.03,100.32,27.649,441.36,1.539,0.2111,0.6531,76.31,0.3422,103
15,252,bearing_wear,22223.9,0.6048,4339.0,68.6,105.25,900.55,353.77,94.11,26.87,463.23,1.3711,0.2055,0.6685,68.86,0.3467,102
15,253,bearing_wear,21861.7,0.6124,4312.0,71.4,104.26,905.11,361.78,95.84,28.128,466.31,1.4849,0.2261,0.6997,67.03,0.3556,101
15,254,bearing_wear,21834.6,0.613,4350.0,75.6,103.14,898.64,351.4,99.27,27.683,433.14,1.3989,0.2185,0.6997,65.08,0.3556,100
15,255,bearing_wear,21521.1,0.6197,4324.0,72.5,103.55,905.32,358.24,95.23,27.693,452.3,1.4795,0.2247,0.6997,68.92,0.3556,99
15,256,bearing_wear,21477.1,0.6206,4306.0,71.2,104.32,891.03,360.24,95.85,27.849,463.13,1.4439,0.2297,0.7084,69.08,0.358,98
15,257,bearing_wear,21288.5,0.6246,4266.0,67.7,104.36,891.14,350.75,100.75,27.057,472.82,1.4415,0.2441,0.7514,69.74,0.37,97
15,258,bearing_wear,21199.2,0.6265,4352.0,72.9,103.13,893.77,355.66,98.13,27.781,450.88,1.3918,0.246,0.7514,67.42,0.37,96
15,259,bearing_wear,20985.4,0.6311,4314.0,67.0,102.02,902.01,363.75,99.24,27.336,482.62,1.4954,0.2411,0.7748,75.74,0.3763,95
15,260,bearing_wear,20458.1,0.6426,4322.0,70.6,103.72,897.3,352.49,98.97,27.942,468.53,1.5767,0.2604,0.7748,69.13,0.3763,94
15,261,bearing_wear,20479.7,0.6421,4390.0,69.5,104.23,892.71,350.03,97.84,27.507,468.07,1.6044,0.2465,0.7896,76.97,0.3803,93
15,262,bearing_wear,20416.8,0.6435,4320.0,72.1,105.13,894.53,354.46,97.8,26.517,435.18,1.495,0.2534,0.7922,77.89,0.381,92
15,263,bearing_wear,20303.3,0.646,4343.0,69.0,104.26,900.23,350.76,99.56,27.132,465.06,1.5207,0.2752,0.8245,87.92,0.3895,91
15,264,bearing_wear,20184.5,0.6486,4450.0,69.8,104.64,894.99,344.02,96.21,26.968,457.49,1.5804,0.2316,0.8454,73.28,0.395,90
15,265,bearing_wear,19969.0,0.6534,4373.0,67.9,105.35,907.76,346.16,101.51,28.253,492.27,1.6159,0.3423,0.8728,75.39,0.4021,89
15,266,bearing_wear,19605.2,0.6615,4318.0,69.8,107.63,913.72,339.19,97.05,28.175,477.59,1.6266,0.3078,0.887,72.78,0.4057,88
15,267,bearing_wear,19671.4,0.66,4284.0,71.1,105.26,914.54,351.39,100.34,26.857,446.97,1.6194,0.3158,0.9222,71.45,0.4145,87
15,268,bearing_wear,19233.5,0.6698,4342.0,69.3,103.18,929.15,339.33,99.3,27.206,464.42,1.6248,0.2989,0.9222,75.21,0.4145,86
15,269,bearing_wear,19364.1,0.6669,4397.0,69.3,104.58,910.05,344.54,97.28,27.071,462.08,1.6438,0.3169,0.9387,73.8,0.4186,85
15,270,bearing_wear,19192.2,0.6708,4315.0,70.7,108.42,921.87,349.91,99.42,27.806,465.64,1.486,0.2964,0.9548,72.12,0.4226,84
15,271,bearing_wear,18807.9,0.6795,4347.0,73.1,107.93,911.59,346.0,98.76,27.491,445.19,1.6554,0.3343,0.9661,79.47,0.4254,83
15,272,bearing_wear,18527.4,0.6859,4313.0,72.2,107.39,909.26,338.5,95.14,27.744,454.68,1.7761,0.3026,0.9997,73.66,0.4336,82
15,273,bearing_wear,18333.9,0.6904,4326.0,66.0,107.09,909.96,344.56,98.55,26.936,483.02,1.834,0.3151,1.0116,82.11,0.4364,81
15,274,bearing_wear,18086.5,0.6961,4273.0,72.1,107.39,915.75,342.05,96.45,28.062,460.74,1.8511,0.3423,1.0571,84.53,0.4472,80
15,275,bearing_wear,17923.0,0.6999,4363.0,73.8,105.97,914.28,335.33,99.96,27.32,438.22,1.7642,0.3867,1.0571,75.92,0.4472,79
15,276,bearing_wear,17843.8,0.7018,4355.0,71.7,107.73,906.47,350.9,98.74,28.882,476.77,1.675,0.3406,1.0746,87.61,0.4513,78
15,277,bearing_wear,17594.9,0.7076,4435.0,62.2,107.83,903.1,328.7,100.83,27.924,531.02,1.7342,0.3731,1.085,82.84,0.4537,77
15,278,bearing_wear,17244.0,0.7159,4353.0,70.2,108.0,926.15,339.38,97.88,28.825,486.2,1.7494,0.3406,1.1282,81.37,0.4637,76
15,279,bearing_wear,17218.2,0.7165,4303.0,73.4,105.85,925.44,347.98,96.69,28.271,455.73,1.6984,0.3827,1.1293,72.86,0.4639,75
15,280,bearing_wear,17108.5,0.7192,4433.0,67.8,106.48,932.24,332.96,97.31,28.348,494.72,1.7663,0.4317,1.1703,74.02,0.4732,74
15,281,bearing_wear,16846.2,0.7254,4368.0,77.8,106.07,920.26,329.9,103.54,28.685,436.6,1.7896,0.4101,1.1787,90.62,0.4751,73
15,282,bearing_wear,16564.0,0.7322,4357.0,62.4,108.65,913.15,329.73,105.68,27.026,512.52,1.7562,0.3684,1.2057,89.9,0.4811,72
15,283,bearing_wear,16139.5,0.7426,4345.0,69.3,107.77,912.64,324.15,103.75,27.713,473.41,1.963,0.421,1.2336,91.85,0.4872,71
15,284,bearing_wear,16468.6,0.7345,4355.0,70.9,108.16,933.3,330.79,96.87,28.164,470.1,1.9709,0.4278,1.2797,94.04,0.4973,70
15,285,bearing_wear,16088.1,0.7438,4294.0,69.1,108.51,917.53,333.5,97.26,28.361,485.45,1.929,0.467,1.2944,91.91,0.5004,69
15,286,bearing_wear,15938.2,0.7475,4341.0,69.0,105.67,925.57,327.87,97.99,27.907,478.82,1.9825,0.4503,1.3206,86.74,0.5061,68
15,287,bearing_wear,15712.0,0.7531,4333.0,65.3,109.3,928.2,336.92,101.83,27.937,506.45,2.0032,0.4372,1.3575,89.05,0.5139,67
15,288,bearing_wear,15553.0,0.757,4367.0,66.6,107.22,914.3,326.04,104.54,27.667,491.87,1.9275,0.4672,1.3678,83.02,0.516,66
15,289,bearing_wear,15306.8,0.7631,4413.0,69.9,107.41,935.12,314.33,102.17,27.842,471.36,2.1369,0.4595,1.3772,87.81,0.518,65
15,290,bearing_wear,15076.6,0.7689,4404.0,61.7,107.03,934.78,331.64,100.91,26.958,516.83,1.9611,0.4458,1.4184,91.12,0.5265,64
15,291,bearing_wear,14966.3,0.7717,4376.0,70.7,108.64,935.25,315.49,98.85,28.29,473.72,1.9188,0.5011,1.4596,91.97,0.535,63
15,292,bearing_wear,14787.2,0.7762,4242.0,67.5,108.58,932.25,331.15,100.26,27.749,486.51,2.0891,0.5175,1.4932,88.13,0.5418,62
15,293,bearing_wear,14635.7,0.78,4320.0,69.4,106.8,935.39,326.63,101.17,27.573,470.29,2.1496,0.5403,1.533,79.33,0.5498,61
15,294,bearing_wear,14089.9,0.794,4236.0,70.2,106.3,948.14,325.75,102.84,27.911,470.83,2.095,0.5611,1.5538,82.28,0.5539,60
15,295,bearing_wear,14037.4,0.7953,4411.0,78.7,108.95,943.78,321.35,100.28,28.808,433.25,2.2538,0.5544,1.6035,93.11,0.5637,59
15,296,bearing_wear,13543.4,0.8081,4339.0,71.6,110.57,940.61,319.03,102.16,28.55,472.02,2.1846,0.5388,1.6261,88.6,0.5681,58
15,297,bearing_wear,13495.2,0.8094,4337.0,63.7,110.43,931.57,316.29,101.93,27.738,515.63,2.1086,0.5543,1.632,94.56,0.5692,57
15,298,bearing_wear,13320.0,0.814,4305.0,73.6,110.96,920.34,307.0,101.65,28.849,463.63,2.138,0.577,1.648,85.42,0.5723,56
15,299,bearing_wear,13241.7,0.816,4422.0,58.9,109.41,946.59,301.25,100.88,28.172,566.1,2.2383,0.6246,1.7066,99.33,0.5835,55
15,300,bearing_wear,12892.9,0.8252,4352.0,65.6,109.44,943.37,329.83,102.11,27.898,503.4,2.2701,0.6216,1.7601,88.74,0.5936,54
15,301,bearing_wear,12790.5,0.8279,4339.0,67.3,109.99,938.89,317.03,101.83,28.532,501.59,2.3883,0.6347,1.8,101.48,0.6011,53
15,302,bearing_wear,12415.8,0.8379,4353.0,65.7,111.5,963.16,318.47,100.57,27.798,500.66,2.3781,0.6443,1.8292,86.82,0.6065,52
15,303,bearing_wear,12157.9,0.8449,4358.0,67.4,112.9,952.3,324.44,104.05,27.673,485.86,2.2143,0.6654,1.8705,98.28,0.614,51
15,304,bearing_wear,11900.3,0.8518,4338.0,65.9,110.06,948.73,306.3,105.64,27.764,498.34,2.3662,0.7274,1.9289,91.56,0.6246,50
15,305,bearing_wear,11899.4,0.8519,4421.0,70.2,110.44,961.34,302.88,102.9,28.062,473.24,2.2921,0.6945,1.9463,96.45,0.6277,49
15,306,bearing_wear,11513.2,0.8624,4421.0,64.8,111.07,955.21,292.39,102.63,27.936,510.57,2.5393,0.7095,1.992,102.61,0.6359,48
15,307,bearing_wear,10979.2,0.8771,4351.0,65.7,110.9,957.96,302.05,104.45,29.001,522.14,2.3868,0.741,2.0542,102.72,0.6468,47
15,308,bearing_wear,11210.9,0.8707,4299.0,71.3,110.44,953.07,304.51,103.31,28.331,470.43,2.4809,0.7267,2.0542,94.1,0.6468,46
15,309,bearing_wear,10747.7,0.8836,4365.0,68.7,111.5,965.55,298.05,105.52,28.29,487.07,2.4672,0.7448,2.1408,96.5,0.6618,45
15,310,bearing_wear,10686.7,0.8853,4310.0,65.2,110.49,965.73,309.47,103.45,28.29,513.49,2.3647,0.7412,2.1408,91.7,0.6618,44
15,311,bearing_wear,10258.2,0.8973,4431.0,67.0,112.95,955.91,300.05,104.56,27.834,491.62,2.4516,0.7795,2.1841,91.27,0.6693,43
15,312,bearing_wear,10198.7,0.899,4440.0,71.1,114.3,949.47,299.33,107.02,28.695,477.75,2.5653,0.8384,2.2339,96.82,0.6777,42
15,313,bearing_wear,9534.1,0.9179,4389.0,61.2,111.75,968.27,288.23,106.18,28.321,547.79,2.6485,0.8493,2.2607,97.12,0.6822,41
15,314,bearing_wear,9727.0,0.9124,4276.0,62.0,114.98,968.77,299.17,103.57,28.74,549.02,2.6941,0.8346,2.334,94.96,0.6944,40
15,315,bearing_wear,9367.4,0.9228,4318.0,63.4,112.53,973.0,297.49,106.22,28.787,537.63,2.5782,0.8749,2.3841,102.21,0.7026,39
15,316,bearing_wear,9074.4,0.9312,4334.0,65.6,111.91,970.04,303.97,102.12,28.578,515.43,2.7516,0.9078,2.4477,104.01,0.713,38
15,317,bearing_wear,9144.3,0.9292,4295.0,67.7,114.19,980.19,293.95,104.02,28.499,497.86,2.835,0.9119,2.4973,104.82,0.721,37
15,318,bearing_wear,8776.3,0.9399,4328.0,62.4,111.93,966.04,289.47,106.22,28.225,535.16,2.8268,0.9702,2.5384,101.48,0.7275,36
15,319,bearing_wear,8521.3,0.9474,4360.0,61.8,114.53,971.89,293.37,107.83,28.454,545.23,2.8025,0.9896,2.6085,103.58,0.7386,35
15,320,bearing_wear,8212.3,0.9566,4377.0,60.5,114.14,965.91,283.17,103.41,28.222,551.84,2.8639,1.0007,2.6527,105.52,0.7456,34
15,321,bearing_wear,8217.6,0.9564,4423.0,61.5,113.3,985.26,284.26,104.97,28.283,544.21,2.8953,1.0104,2.6883,111.69,0.7511,33
15,322,bearing_wear,7779.9,0.9694,4345.0,62.2,113.39,978.16,286.23,105.23,28.024,532.88,3.0361,1.0057,2.7523,105.11,0.761,32
15,323,bearing_wear,7829.5,0.968,4328.0,57.6,112.99,979.47,280.15,105.16,28.409,583.84,3.0872,1.0824,2.794,100.67,0.7674,31
15,324,bearing_wear,7551.3,0.9763,4269.0,62.3,116.03,984.95,280.83,103.05,28.565,542.94,3.0321,1.0871,2.8398,108.08,0.7743,30
15,325,bearing_wear,7340.6,0.9827,4367.0,60.7,114.49,981.82,277.11,106.76,28.096,548.05,3.0433,1.1243,2.9316,108.75,0.7881,29
15,326,bearing_wear,7031.5,0.9921,4319.0,63.2,115.38,992.26,276.53,103.27,29.157,545.99,3.05,1.1108,2.9528,103.14,0.7913,28
15,327,bearing_wear,6554.2,1.0067,4333.0,68.7,115.23,1004.53,267.07,108.36,29.018,500.19,3.1139,1.1517,3.0405,110.39,0.8043,27
15,328,bearing_wear,6411.4,1.0111,4312.0,58.7,114.98,994.72,280.95,108.84,27.774,560.42,3.1367,1.1832,3.0597,108.21,0.8071,26
15,329,bearing_wear,6130.9,1.0198,4314.0,66.3,116.21,980.54,277.02,105.19,29.241,521.6,3.1499,1.2461,3.1722,113.72,0.8235,25
15,330,bearing_wear,6044.4,1.0225,4389.0,68.2,116.66,997.66,264.12,104.07,28.728,498.69,3.379,1.2805,3.2206,116.84,0.8304,24
15,331,bearing_wear,5674.0,1.0342,4343.0,65.9,116.43,999.84,263.46,106.81,28.745,515.93,3.2168,1.274,3.3144,113.26,0.8438,23
15,332,bearing_wear,5395.6,1.0429,4440.0,63.9,116.12,1009.12,265.28,105.98,28.74,531.95,3.4156,1.3088,3.3655,119.14,0.851,22
15,333,bearing_wear,5436.8,1.0416,4279.0,66.7,115.03,998.37,279.1,106.8,29.362,520.79,3.1804,1.3029,3.4367,115.95,0.8609,21
15,334,bearing_wear,4894.6,1.0589,4421.0,64.5,116.0,995.62,265.75,107.61,28.899,529.85,3.3803,1.3299,3.5113,117.09,0.8712,20
15,335,bearing_wear,4605.3,1.0682,4316.0,65.8,116.65,1013.02,270.64,105.72,29.275,526.13,3.4107,1.4163,3.5689,117.58,0.8792,19
15,336,bearing_wear,4393.5,1.0751,4343.0,62.7,117.38,1006.86,258.47,111.1,28.248,532.8,3.5019,1.4235,3.6433,119.07,0.8893,18
15,337,bearing_wear,4369.0,1.0759,4376.0,59.1,115.0,1002.42,259.32,106.71,28.251,565.96,3.5004,1.4361,3.7183,114.07,0.8994,17
15,338,bearing_wear,3990.6,1.0882,4408.0,65.6,118.84,1011.14,252.35,110.09,29.138,525.54,3.6933,1.493,3.8048,112.84,0.911,16
15,339,bearing_wear,3785.1,1.095,4410.0,69.8,118.62,1006.03,247.04,106.62,29.119,493.57,3.6046,1.5554,3.8732,128.39,0.92,15
15,340,bearing_wear,3505.3,1.1042,4409.0,60.8,117.59,1017.16,250.2,108.79,28.836,560.93,3.604,1.605,3.9761,125.08,0.9335,14
15,341,bearing_wear,2894.2,1.1246,4333.0,61.8,117.19,1014.71,246.87,109.65,29.287,560.88,3.6274,1.5789,4.0063,121.66,0.9375,13
15,342,bearing_wear,2815.9,1.1272,4455.0,61.9,117.82,1024.01,239.47,109.25,28.716,548.74,3.7205,1.6789,4.0954,130.73,0.949,12
15,343,bearing_wear,2687.2,1.1315,4383.0,57.1,117.38,1020.29,241.09,108.89,28.524,591.65,3.915,1.7194,4.2599,141.62,0.97,11
15,344,bearing_wear,2528.8,1.1369,4169.0,58.8,118.96,1023.95,251.68,108.49,28.98,583.41,3.9484,1.7541,4.2915,120.16,0.974,10
15,345,bearing_wear,2086.4,1.1519,4350.0,62.1,119.44,1023.75,242.85,108.85,28.318,539.56,3.8241,1.7854,4.3659,128.31,0.9833,9
15,346,bearing_wear,1834.0,1.1606,4325.0,60.8,121.44,1027.81,229.32,108.6,29.541,575.17,3.924,1.8399,4.4798,133.11,0.9975,8
15,347,bearing_wear,1691.4,1.1655,4329.0,61.0,121.11,1023.92,233.45,110.89,29.25,567.64,3.9688,1.876,4.5913,122.86,1.0112,7
15,348,bearing_wear,1689.2,1.1656,4386.0,60.9,122.55,1043.6,243.62,114.11,29.268,568.95,4.0848,1.939,4.6823,124.37,1.0223,6
15,349,bearing_wear,919.1,1.1924,4366.0,60.3,121.03,1036.37,233.79,111.31,29.007,569.13,4.2207,1.9752,4.7437,137.44,1.0297,5
15,350,bearing_wear,596.0,1.2038,4307.0,58.2,119.8,1022.48,237.93,112.03,29.417,597.81,4.2182,2.0172,4.8473,133.52,1.0422,4
15,351,bearing_wear,1005.7,1.1894,4438.0,61.7,124.1,1030.17,228.29,113.26,29.329,562.5,4.3095,2.0752,4.9516,131.44,1.0546,3
15,352,bearing_wear,267.4,1.2154,4270.0,61.3,121.36,1054.0,231.0,110.47,29.905,577.79,4.3941,2.1545,5.07,127.96,1.0685,2
15,353,bearing_wear,187.7,1.2183,4266.0,57.5,119.79,1045.96,224.51,107.99,28.545,587.57,4.3438,2.1719,5.1672,138.82,1.0798,1
16,0,injector_drift,0.0,1.225,4404.0,59.8,95.75,808.57,410.17,86.96,25.406,502.99,0.8836,0.0426,0.0,39.74,0.0196,258
16,1,injector_drift,188.1,1.2183,4321.0,67.7,95.29,822.33,432.97,92.25,25.981,454.22,0.81,0.0703,0.0,24.69,0.0205,257
16,2,injector_drift,538.5,1.2058,4383.0,59.8,95.98,804.91,416.35,91.89,25.359,501.92,0.8039,0.042,0.0,44.29,0.0234,256
16,3,injector_drift,971.8,1.1905,4388.0,55.2,97.33,803.43,409.94,86.9,25.257,541.48,0.8232,0.043,0.0,44.63,0.0234,255
16,4,injector_drift,1198.1,1.1826,4293.0,60.9,97.99,827.66,420.25,95.28,25.969,504.68,0.6958,0.0296,0.0,41.04,0.0234,254
16,5,injector_drift,1561.2,1.17,4302.0,63.4,94.26,823.45,422.41,90.47,25.532,476.6,0.9012,0.0498,0.0,48.01,0.0234,253
16,6,injector_drift,2185.6,1.1485,4385.0,58.5,97.1,817.71,416.09,88.23,25.109,508.15,0.777,0.0406,0.0,46.08,0.0234,252
16,7,injector_drift,2408.9,1.1409,4358.0,61.2,96.0,807.14,423.06,91.09,25.681,496.86,0.7447,0.0092,0.0,38.15,0.0234,251
16,8,injector_drift,2725.6,1.1302,4339.0,61.2,93.87,817.53,411.14,88.65,25.3,488.92,0.9846,0.08,0.0,37.72,0.0234,250
16,9,injector_drift,3127.8,1.1167,4378.0,61.5,96.45,815.28,410.49,87.25,26.304,506.48,0.7835,0.0653,0.0,46.52,0.0234,249
16,10,injector_drift,3242.2,1.1129,4411.0,60.0,98.52,811.98,407.12,89.95,25.41,500.95,0.7436,0.0308,0.0,45.67,0.025,248
16,11,injector_drift,3793.7,1.0947,4348.0,65.3,94.65,817.43,410.63,90.04,26.024,471.68,0.8777,0.0749,0.0,40.9,0.025,247
16,12,injector_drift,4140.9,1.0833,4316.0,68.7,95.42,808.4,417.46,87.35,26.39,454.69,0.8337,0.06,0.0,33.45,0.025,246
16,13,injector_drift,4260.3,1.0794,4357.0,59.8,93.39,799.33,408.39,88.98,25.181,497.94,0.8951,0.0813,0.0,47.09,0.0271,245
16,14,injector_drift,4839.7,1.0607,4302.0,58.6,95.62,817.65,419.28,88.48,25.274,510.21,0.8209,0.0728,0.0,42.77,0.0271,244
16,15,injector_drift,5121.2,1.0517,4359.0,61.4,96.07,818.24,418.26,89.85,25.532,492.01,0.8917,0.043,0.0,42.26,0.0284,243
16,16,injector_drift,5460.1,1.0409,4350.0,67.1,98.8,821.82,407.55,91.86,26.44,466.14,0.9795,0.0719,0.0,28.36,0.0284,242
16,17,injector_drift,6004.7,1.0238,4301.0,62.3,94.48,823.98,413.21,90.89,26.577,504.78,0.7563,0.0733,0.0,45.39,0.0303,241
16,18,injector_drift,6106.4,1.0206,4326.0,64.4,97.35,823.13,412.54,90.56,26.713,491.19,0.7809,0.0805,0.0,42.5,0.0312,240
16,19,injector_drift,6281.9,1.0151,4331.0,60.7,96.35,829.09,414.04,86.97,26.261,511.97,0.6894,0.0793,0.0,40.11,0.0312,239
16,20,injector_drift,6771.3,1.0,4394.0,69.0,99.27,830.78,411.2,90.57,25.751,441.87,0.848,0.1009,0.0,38.62,0.0312,238
16,21,injector_drift,7084.1,0.9905,4297.0,62.9,96.17,818.78,422.44,88.45,25.533,480.33,0.8276,0.0784,0.0,43.36,0.0312,237
16,22,injector_drift,7245.2,0.9856,4301.0,64.7,95.83,820.49,422.69,87.19,26.547,485.44,0.9186,0.0437,0.0,45.15,0.0312,236
16,23,injector_drift,7436.1,0.9798,4328.0,61.8,97.17,819.54,410.66,92.38,26.425,506.36,0.8153,0.0629,0.0,40.9,0.0312,235
16,24,injector_drift,8057.0,0.9612,4384.0,61.6,96.64,805.41,416.85,87.96,26.126,501.56,0.8109,0.0384,0.0,45.6,0.0312,234
16,25,injector_drift,8534.1,0.947,4394.0,64.5,97.31,826.46,420.45,90.81,26.301,482.67,0.8333,0.0835,0.0,37.05,0.0312,233
16,26,injector_drift,8860.2,0.9375,4366.0,65.0,96.75,824.03,420.86,89.65,25.836,470.52,0.7989,0.0422,0.0,39.54,0.0312,232
16,27,injector_drift,9083.0,0.931,4393.0,67.4,93.79,808.09,412.84,88.79,26.854,471.29,0.8501,0.105,0.0,46.55,0.0347,231
16,28,injector_drift,9598.2,0.9161,4420.0,60.0,96.77,830.01,409.94,93.13,25.426,501.9,0.8388,0.0546,0.0,41.1,0.0347,230
16,29,injector_drift,9709.5,0.9129,4359.0,62.3,96.79,815.82,404.5,89.53,25.224,478.89,0.8656,0.0601,0.0,51.89,0.0367,229
16,30,injector_drift,9972.9,0.9054,4302.0,63.3,94.93,818.73,413.32,89.67,26.247,490.72,0.8043,0.0517,0.0,44.69,0.0367,228
16,31,injector_drift,10350.8,0.8947,4345.0,65.9,96.48,819.87,404.66,89.26,25.849,464.27,0.8665,0.0467,0.0,37.46,0.0367,227
16,32,injector_drift,10526.4,0.8898,4268.0,62.3,93.29,817.87,424.31,91.09,25.348,481.43,0.8719,0.0504,0.0,35.46,0.0368,226
16,33,injector_drift,10760.8,0.8832,4374.0,65.6,96.43,840.04,410.62,90.42,26.415,476.67,0.7965,0.0657,0.0,47.23,0.0368,225
16,34,injector_drift,11117.1,0.8733,4321.0,64.1,97.1,818.32,414.12,89.36,25.248,466.11,0.8171,0.0617,0.0,40.38,0.038,224
16,35,injector_drift,11503.3,0.8627,4357.0,65.8,97.54,818.87,408.95,88.93,26.266,472.44,0.8105,0.0531,0.0,48.09,0.0389,223
16,36,injector_drift,12014.7,0.8487,4345.0,64.0,97.15,820.76,404.77,90.7,25.8,476.76,0.7265,0.0678,0.0,40.81,0.039,222
16,37,injector_drift,11975.6,0.8498,4327.0,63.5,94.77,813.54,418.4,89.48,26.587,495.52,0.7858,0.0508,0.0,44.72,0.039,221
16,38,injector_drift,12352.5,0.8396,4364.0,67.6,93.91,824.69,415.32,94.23,26.372,462.02,0.8855,0.0616,0.0,41.83,0.039,220
16,39,injector_drift,12923.6,0.8244,4343.0,70.2,97.53,817.11,418.96,89.73,26.778,451.44,0.8923,0.097,0.0,44.79,0.039,219
16,40,injector_drift,13051.5,0.821,4312.0,69.5,96.82,828.16,403.67,91.53,25.884,440.99,0.8555,0.0514,0.0,47.5,0.0428,218
16,41,injector_drift,13375.5,0.8125,4284.0,70.5,96.95,816.34,423.5,90.67,25.703,431.35,0.7473,0.0568,0.0,43.95,0.0428,217
16,42,injector_drift,13647.5,0.8054,4371.0,71.0,98.73,820.24,410.47,90.28,26.267,437.62,0.9067,0.0398,0.0,47.16,0.0428,216
16,43,injector_drift,14289.9,0.7888,4278.0,67.0,93.79,814.89,420.57,92.66,26.416,466.46,0.9765,0.0561,0.0,35.36,0.0428,215
16,44,injector_drift,14378.3,0.7866,4458.0,73.3,98.93,821.84,391.06,92.02,26.575,429.23,0.876,0.0704,0.0,45.95,0.043,214
16,45,injector_drift,14624.1,0.7803,4427.0,70.1,95.38,810.32,410.77,91.99,26.818,452.85,0.8288,0.0525,0.0,44.03,0.0435,213
16,46,injector_drift,14905.9,0.7732,4255.0,65.1,97.46,802.57,416.5,91.97,26.278,477.56,0.7599,0.0404,0.0,42.61,0.0435,212
16,47,injector_drift,15225.4,0.7652,4388.0,66.1,96.23,820.31,408.75,87.67,25.704,460.07,0.8291,0.0706,0.0,32.07,0.0447,211
16,48,injector_drift,15726.7,0.7527,4418.0,68.7,95.74,811.91,407.95,91.78,26.466,455.71,0.7906,0.0728,0.0,35.68,0.0447,210
16,49,injector_drift,15676.6,0.7539,4315.0,71.1,94.0,839.24,410.14,90.4,26.489,441.09,0.8143,0.0757,0.0,45.16,0.0447,209
16,50,injector_drift,16038.9,0.745,4371.0,67.9,95.24,820.91,402.43,89.87,26.738,466.08,0.9334,0.0386,0.0,45.79,0.0447,208
16,51,injector_drift,16296.4,0.7387,4342.0,65.8,97.04,829.22,404.08,97.89,25.748,462.98,0.9047,0.0919,0.0,46.4,0.0484,207
16,52,injector_drift,16703.6,0.7289,4391.0,71.2,96.91,828.96,409.23,88.04,26.182,434.89,0.8077,0.0551,0.0,44.41,0.0494,206
16,53,injector_drift,17097.5,0.7194,4323.0,65.7,97.81,815.38,420.17,90.82,26.275,473.48,0.843,0.0449,0.0,38.52,0.0502,205
16,54,injector_drift,17024.6,0.7212,4411.0,70.1,95.36,822.72,414.56,90.66,26.946,455.04,0.8356,0.0855,0.0,39.38,0.0502,204
16,55,injector_drift,17449.4,0.7111,4341.0,69.4,97.51,831.69,412.78,90.84,26.262,447.57,0.8013,0.0918,0.0,33.97,0.0502,203
16,56,injector_drift,17673.9,0.7058,4331.0,65.4,96.49,829.16,408.98,88.98,26.34,476.43,0.7285,0.0588,0.0,45.14,0.0502,202
16,57,injector_drift,17701.9,0.7051,4389.0,74.9,97.42,836.03,420.91,91.51,26.695,421.63,0.9052,0.0492,0.0,54.29,0.0529,201
16,58,injector_drift,18317.1,0.6908,4404.0,69.8,97.23,821.28,411.86,88.81,26.355,446.94,0.9335,0.0747,0.0,44.3,0.0529,200
16,59,injector_drift,18664.1,0.6828,4210.0,66.3,95.75,829.47,421.05,91.63,26.625,475.14,0.7903,0.0392,0.0,40.96,0.0529,199
16,60,injector_drift,18807.9,0.6795,4176.0,70.2,96.84,821.88,411.19,91.37,26.438,445.98,0.7867,0.1169,0.0,44.89,0.0529,198
16,61,injector_drift,18842.6,0.6787,4371.0,65.0,97.16,832.36,410.85,90.58,25.908,472.03,0.9124,0.0454,0.0,44.15,0.0536,197
16,62,injector_drift,18983.7,0.6755,4310.0,71.4,97.69,835.52,404.74,90.95,26.272,435.68,0.7875,0.0735,0.0,36.23,0.0545,196
16,63,injector_drift,19530.2,0.6632,4271.0,73.0,98.86,818.3,425.98,94.33,26.46,428.99,0.7339,0.0642,0.0,46.5,0.0582,195
16,64,injector_drift,19516.2,0.6635,4328.0,78.6,95.66,834.36,405.58,92.32,26.646,400.95,0.8095,0.0491,0.0,44.71,0.0583,194
16,65,injector_drift,19772.2,0.6577,4525.0,71.0,94.86,819.6,397.09,91.52,26.368,439.72,0.9538,0.0488,0.0,44.41,0.0585,193
16,66,injector_drift,20188.7,0.6485,4270.0,68.8,98.53,833.91,409.56,92.02,26.358,453.24,0.8034,0.0901,0.0,55.21,0.0585,192
16,67,injector_drift,20502.8,0.6416,4403.0,71.5,94.68,819.62,404.59,91.25,26.612,440.2,0.7934,0.0749,0.0,44.76,0.0585,191
16,68,injector_drift,20574.1,0.6401,4304.0,75.4,98.16,833.14,415.77,92.27,26.333,413.47,0.8076,0.0536,0.0,54.38,0.0585,190
16,69,injector_drift,20822.6,0.6347,4263.0,72.7,95.27,835.35,413.65,89.98,26.401,429.91,0.7545,0.0567,0.0,41.23,0.0596,189
16,70,injector_drift,21062.8,0.6295,4313.0,73.8,95.69,830.54,411.37,95.61,26.487,424.79,0.7411,0.0516,0.0,37.81,0.0596,188
16,71,injector_drift,21165.0,0.6273,4265.0,73.7,96.58,837.36,417.43,91.61,26.333,422.88,0.8283,0.0862,0.0,41.52,0.0619,187
16,72,injector_drift,21465.1,0.6209,4256.0,73.0,94.55,832.79,404.21,96.92,26.373,427.25,0.7387,0.0874,0.0,51.56,0.0633,186
16,73,injector_drift,21496.0,0.6202,4307.0,67.4,95.26,840.18,415.27,95.7,26.628,467.27,0.8191,0.0795,0.0,41.9,0.0633,185
16,74,injector_drift,22062.2,0.6082,4285.0,67.4,94.27,819.34,412.25,90.31,26.819,470.96,0.875,0.0748,0.0,38.78,0.0657,184
16,75,injector_drift,22580.1,0.5974,4341.0,67.1,97.78,824.95,404.39,91.79,26.133,460.66,0.884,0.0822,0.0,47.62,0.0657,183
16,76,injector_drift,22377.6,0.6016,4360.0,68.4,96.76,813.3,408.46,92.05,26.049,450.75,0.8427,0.0367,0.0,44.0,0.0657,182
16,77,injector_drift,22750.7,0.5939,4303.0,68.8,96.8,826.51,411.22,93.18,26.328,452.58,0.758,0.0752,0.0,48.79,0.0657,181
16,78,injector_drift,22732.9,0.5943,4388.0,77.8,96.8,824.71,389.84,91.66,26.944,409.97,0.8259,0.0923,0.0,42.91,0.0696,180
16,79,injector_drift,22766.8,0.5936,4310.0,70.2,96.96,820.21,416.98,93.89,26.746,450.98,0.8916,0.0767,0.0,42.01,0.0737,179
16,80,injector_drift,23499.8,0.5786,4341.0,72.7,96.26,820.12,414.45,87.96,26.462,430.71,0.9137,0.0732,0.0,54.93,0.0737,178
16,81,injector_drift,23225.1,0.5842,4220.0,71.8,98.42,828.31,405.41,90.25,26.348,434.4,0.8422,0.0594,0.0,42.47,0.0737,177
16,82,injector_drift,23680.4,0.575,4355.0,73.2,94.36,834.97,401.85,91.1,27.632,446.79,0.8085,0.0609,0.0,42.51,0.0743,176
16,83,injector_drift,23753.6,0.5735,4485.0,72.9,94.84,836.63,407.99,90.15,26.118,423.88,0.8714,0.0618,0.0,48.99,0.0743,175
16,84,injector_drift,24078.7,0.567,4398.0,69.0,99.13,839.76,407.51,88.1,26.777,459.01,0.8418,0.078,0.0,33.11,0.0783,174
16,85,injector_drift,24066.4,0.5673,4340.0,74.7,97.51,842.13,408.75,93.33,27.351,433.36,0.7887,0.0638,0.0,50.71,0.0783,173
16,86,injector_drift,24074.1,0.5671,4281.0,71.0,94.06,823.69,411.98,89.35,26.43,440.84,0.8948,0.037,0.0,56.0,0.0784,172
16,87,injector_drift,24317.7,0.5623,4448.0,70.9,97.58,826.77,403.24,90.22,26.707,445.52,0.8717,0.0895,0.0,51.38,0.0784,171
16,88,injector_drift,24935.3,0.5502,4340.0,72.2,94.75,835.22,399.73,93.11,25.943,424.95,0.7835,0.0844,0.0,41.97,0.0798,170
16,89,injector_drift,24791.8,0.553,4310.0,75.7,99.23,838.24,403.31,94.15,26.849,419.83,0.829,0.0827,0.0,44.05,0.0851,169
16,90,injector_drift,25228.2,0.5445,4311.0,71.5,98.65,845.51,412.6,90.57,27.05,447.93,0.8643,0.0568,0.0,47.99,0.0851,168
16,91,injector_drift,25000.5,0.5489,4474.0,73.7,100.42,833.28,402.39,89.63,26.768,429.84,0.7576,0.0657,0.0,49.49,0.0851,167
16,92,injector_drift,25313.0,0.5429,4343.0,74.7,96.83,842.23,406.73,90.08,26.796,424.45,0.8214,0.0859,0.0,55.73,0.0851,166
16,93,injector_drift,25160.0,0.5458,4377.0,74.4,95.45,834.77,399.43,93.93,27.453,436.96,0.9301,0.0761,0.0,55.51,0.0851,165
16,94,injector_drift,25499.9,0.5393,4338.0,74.3,96.5,838.98,411.01,94.07,27.086,431.62,0.8419,0.0619,0.0,46.69,0.0863,164
16,95,injector_drift,25967.9,0.5304,4346.0,69.5,96.52,836.86,398.86,92.4,26.757,455.46,0.8173,0.1019,0.0,45.11,0.0863,163
16,96,injector_drift,25652.1,0.5364,4325.0,74.2,97.98,836.74,413.94,92.3,26.442,421.81,0.9732,0.0601,0.0,44.2,0.0901,162
16,97,injector_drift,25797.6,0.5336,4435.0,71.1,94.73,828.32,394.56,89.23,25.617,426.2,0.9194,0.0183,0.0,51.63,0.0935,161
16,98,injector_drift,26152.9,0.5269,4353.0,68.7,97.47,837.11,397.82,92.8,26.596,458.39,0.9471,0.0798,0.0,53.81,0.0935,160
16,99,injector_drift,26169.6,0.5266,4266.0,72.6,95.98,842.16,407.46,93.45,26.689,434.92,0.8296,0.0808,0.0,48.81,0.0941,159
16,100,injector_drift,26556.7,0.5194,4374.0,72.5,96.73,837.84,403.13,92.22,26.986,440.39,0.8698,0.0794,0.0,48.47,0.0942,158
16,101,injector_drift,26352.1,0.5232,4343.0,83.0,99.67,820.76,403.45,92.35,27.371,390.18,0.8959,0.0872,0.0,59.3,0.0971,157
16,102,injector_drift,26510.6,0.5202,4373.0,77.1,99.16,839.18,392.9,89.94,26.996,414.23,0.9195,0.0689,0.0,52.41,0.1001,156
16,103,injector_drift,26656.0,0.5175,4330.0,76.6,98.75,845.76,405.5,94.34,26.959,416.47,1.0843,0.1006,0.0,38.75,0.1001,155
16,104,injector_drift,26551.2,0.5195,4318.0,73.1,98.68,831.37,408.95,89.34,26.302,425.88,0.9126,0.0536,0.0,49.1,0.103,154
16,105,injector_drift,26618.0,0.5182,4404.0,73.8,97.34,848.22,398.19,92.04,26.053,417.73,0.9934,0.0806,0.0,50.33,0.1036,153
16,106,injector_drift,26700.6,0.5167,4462.0,82.1,97.75,839.53,386.03,93.04,26.945,388.26,1.0938,0.0693,0.0,48.21,0.1062,152
16,107,injector_drift,26505.1,0.5203,4238.0,72.6,95.44,837.08,405.19,94.41,26.284,428.7,1.048,0.102,0.0,55.87,0.1062,151
16,108,injector_drift,27076.8,0.5098,4355.0,75.3,96.0,843.02,393.54,94.26,26.876,422.52,0.9259,0.0665,0.0,48.06,0.1079,150
16,109,injector_drift,26978.7,0.5116,4318.0,80.1,98.12,837.0,390.12,94.49,26.539,392.19,1.0095,0.0846,0.0,45.03,0.1106,149
16,110,injector_drift,27173.1,0.508,4295.0,72.4,96.23,847.84,399.54,91.61,26.543,433.68,0.9279,0.0849,0.0,46.4,0.1106,148
16,111,injector_drift,27483.1,0.5024,4221.0,75.1,99.02,852.58,415.82,96.91,27.674,436.14,0.9189,0.0879,0.0,53.57,0.1133,147
16,112,injector_drift,27260.3,0.5064,4372.0,74.6,97.91,833.44,398.03,94.44,26.844,425.7,0.9893,0.0694,0.0,43.42,0.1133,146
16,113,injector_drift,27573.7,0.5007,4321.0,72.0,97.53,839.47,399.42,91.56,26.739,439.19,0.9927,0.0913,0.0,47.73,0.1133,145
16,114,injector_drift,27297.2,0.5057,4317.0,77.1,97.18,859.54,404.73,91.77,27.042,415.21,0.9695,0.0858,0.0,54.81,0.1175,144
16,115,injector_drift,27491.4,0.5022,4422.0,71.4,98.76,850.37,398.9,93.87,26.782,443.68,0.9156,0.0921,0.0,43.78,0.1175,143
16,116,injector_drift,27911.1,0.4947,4324.0,77.1,99.34,833.55,389.71,91.6,26.861,412.09,0.9058,0.1195,0.0,46.22,0.1267,142
16,117,injector_drift,27637.4,0.4996,4321.0,76.1,97.0,855.28,409.85,89.98,26.945,418.87,0.8478,0.0903,0.0,42.93,0.1267,141
16,118,injector_drift,27942.4,0.4941,4270.0,77.6,97.54,819.36,402.33,92.71,26.881,410.17,0.9579,0.0682,0.0,46.96,0.127,140
16,119,injector_drift,28146.0,0.4905,4296.0,74.3,98.04,850.02,405.3,88.0,26.306,418.96,0.9638,0.1273,0.0,48.82,0.127,139
16,120,injector_drift,27769.2,0.4972,4438.0,76.1,98.85,839.48,388.88,93.29,27.484,427.53,1.014,0.1082,0.0,50.39,0.1286,138
16,121,injector_drift,27767.4,0.4972,4387.0,78.0,98.83,850.97,383.29,93.85,26.778,406.24,0.8308,0.1017,0.0,46.99,0.1286,137
16,122,injector_drift,27574.3,0.5007,4427.0,70.7,98.22,845.73,392.2,92.05,27.335,457.44,0.9567,0.0851,0.0,49.71,0.1291,136
16,123,injector_drift,27969.1,0.4936,4300.0,71.3,99.6,846.58,391.49,95.01,26.449,438.78,0.9437,0.1055,0.0,57.11,0.1356,135
16,124,injector_drift,28005.0,0.493,4372.0,76.7,98.34,852.9,401.52,94.42,26.535,409.32,0.9554,0.0496,0.0,53.88,0.1357,134
16,125,injector_drift,28082.4,0.4916,4413.0,77.5,96.59,845.83,382.93,90.79,27.916,426.55,1.0695,0.1233,0.0,63.38,0.1413,133
16,126,injector_drift,28190.0,0.4897,4385.0,75.4,100.78,844.79,392.33,92.99,26.439,414.99,1.0791,0.1114,0.0,49.68,0.1449,132
16,127,injector_drift,27837.8,0.496,4445.0,77.8,100.25,858.21,392.77,91.86,26.267,399.78,1.0578,0.0899,0.0,50.8,0.1449,131
16,128,injector_drift,28278.6,0.4881,4374.0,73.9,96.8,849.73,394.56,92.33,26.377,422.33,0.9912,0.1121,0.0,54.16,0.1488,130
16,129,injector_drift,27957.7,0.4938,4350.0,78.8,99.15,847.58,390.22,95.27,27.194,408.39,0.9685,0.107,0.0,50.82,0.1488,129
16,130,injector_drift,28052.5,0.4921,4209.0,74.8,100.83,848.77,389.55,94.23,26.474,418.95,1.0805,0.0745,0.0,53.29,0.1491,128
16,131,injector_drift,27981.6,0.4934,4375.0,72.7,98.42,847.01,382.87,91.55,26.656,434.16,1.121,0.0983,0.0,43.83,0.1491,127
16,132,injector_drift,27865.6,0.4955,4386.0,79.3,100.08,850.02,386.54,93.46,26.47,395.2,1.1151,0.1027,0.0,51.71,0.1507,126
16,133,injector_drift,27787.0,0.4969,4419.0,77.5,100.61,855.58,380.84,91.52,27.613,421.85,1.0276,0.0927,0.0,58.01,0.1514,125
16,134,injector_drift,27979.7,0.4934,4302.0,73.6,99.51,844.71,393.4,92.2,27.14,436.26,1.0051,0.0932,0.0,63.78,0.1585,124
16,135,injector_drift,27780.7,0.497,4348.0,73.7,102.42,864.72,386.3,96.33,26.482,425.41,1.0647,0.1167,0.0,61.86,0.1624,123
16,136,injector_drift,27865.3,0.4955,4255.0,76.7,100.22,856.16,387.56,98.37,26.251,404.79,1.0722,0.1026,0.0,55.35,0.1636,122
16,137,injector_drift,27805.4,0.4965,4253.0,71.9,99.39,837.27,386.85,96.83,26.527,436.45,0.9798,0.1366,0.0,57.13,0.1636,121
16,138,injector_drift,27777.7,0.497,4381.0,75.9,99.0,856.22,379.38,93.84,27.387,427.17,0.9972,0.0861,0.0,56.42,0.164,120
16,139,injector_drift,27522.8,0.5016,4426.0,74.4,99.39,847.72,384.79,93.82,27.498,437.49,1.2732,0.11,0.0,52.76,0.1726,119
16,140,injector_drift,27274.1,0.5062,4428.0,75.5,98.75,856.61,379.72,95.59,27.058,424.07,1.0075,0.0849,0.0,51.19,0.1776,118
16,141,injector_drift,27827.5,0.4962,4376.0,68.8,97.94,852.49,386.67,93.78,26.552,456.87,1.11,0.1172,0.0,57.33,0.1787,117
16,142,injector_drift,27818.7,0.4963,4473.0,72.1,98.46,862.47,379.85,90.88,26.746,439.06,1.0163,0.0836,0.0,56.22,0.1864,116
16,143,injector_drift,27209.9,0.5073,4326.0,75.5,99.6,864.11,386.41,97.37,27.307,427.77,1.0475,0.1117,0.0,60.97,0.1864,115
16,144,injector_drift,27597.0,0.5003,4404.0,77.9,101.05,861.96,387.45,91.37,27.683,420.51,0.9859,0.1298,0.0,44.96,0.1874,114
16,145,injector_drift,27502.9,0.502,4271.0,74.3,100.37,874.09,381.04,96.2,27.065,430.95,0.9901,0.1078,0.0,56.17,0.1893,113
16,146,injector_drift,27203.6,0.5074,4161.0,76.8,100.16,854.43,399.15,95.32,27.126,417.74,1.1144,0.0872,0.0,63.15,0.19,112
16,147,injector_drift,27464.8,0.5027,4321.0,70.2,103.19,868.89,388.72,97.62,27.206,458.66,1.1151,0.1274,0.0,60.42,0.1949,111
16,148,injector_drift,27424.7,0.5034,4343.0,73.3,102.69,871.98,383.01,95.74,27.696,447.43,1.2354,0.1175,0.0,53.17,0.2009,110
16,149,injector_drift,27332.7,0.5051,4364.0,75.4,98.89,865.31,377.7,92.91,27.124,425.73,1.0972,0.1095,0.0,51.83,0.2041,109
16,150,injector_drift,27351.3,0.5048,4339.0,74.3,101.35,866.09,383.77,96.29,27.214,433.3,1.111,0.0924,0.0,58.28,0.2057,108
16,151,injector_drift,27151.3,0.5084,4372.0,76.8,98.69,872.75,383.34,93.53,27.049,417.06,1.1102,0.0816,0.0,63.06,0.2126,107
16,152,injector_drift,26784.3,0.5152,4454.0,73.6,100.86,861.07,368.11,92.3,27.195,437.01,1.0359,0.1588,0.0,61.72,0.2126,106
16,153,injector_drift,26815.4,0.5146,4394.0,73.6,98.47,860.15,382.68,90.64,26.801,430.8,1.167,0.1031,0.0,59.96,0.2154,105
16,154,injector_drift,26770.4,0.5154,4304.0,76.3,99.8,863.4,392.72,94.2,27.923,433.25,1.1218,0.0968,0.0,63.21,0.2223,104
16,155,injector_drift,26836.3,0.5142,4199.0,72.6,101.64,867.56,387.14,91.07,27.491,447.86,1.0204,0.123,0.0,61.29,0.2223,103
16,156,injector_drift,26462.6,0.5211,4285.0,71.5,100.18,862.34,389.85,97.45,27.784,460.04,1.239,0.0983,0.0,63.6,0.2289,102
16,157,injector_drift,26293.4,0.5243,4431.0,75.5,99.25,862.34,377.62,91.44,27.109,424.75,1.1045,0.1286,0.0,65.29,0.2289,101
16,158,injector_drift,26024.2,0.5293,4320.0,71.2,99.88,858.1,381.53,93.86,27.907,463.96,1.1814,0.1463,0.0,58.55,0.2309,100
16,159,injector_drift,26283.4,0.5245,4391.0,78.3,99.51,862.06,372.2,93.94,27.602,417.36,1.1843,0.0981,0.0,56.35,0.2309,99
16,160,injector_drift,26060.1,0.5287,4388.0,68.4,101.75,861.83,372.88,95.14,26.891,465.13,1.1924,0.1159,0.0,65.22,0.2397,98
16,161,injector_drift,25771.1,0.5341,4347.0,73.0,103.12,865.83,369.88,93.2,27.745,449.91,1.1117,0.1326,0.0,59.65,0.2467,97
16,162,injector_drift,25885.3,0.532,4345.0,78.7,101.03,874.47,381.52,97.2,27.176,408.73,1.3038,0.0996,0.0,52.47,0.2467,96
16,163,injector_drift,25583.4,0.5377,4310.0,79.7,102.94,868.51,372.62,95.32,27.666,411.01,1.1405,0.1066,0.0,69.59,0.2495,95
16,164,injector_drift,25296.7,0.5432,4484.0,73.4,100.63,876.42,378.24,95.04,27.228,439.09,1.0122,0.1237,0.0,64.09,0.2536,94
16,165,injector_drift,25552.2,0.5383,4293.0,76.9,101.44,890.86,379.13,93.85,27.682,426.04,1.2862,0.1665,0.0,64.23,0.2576,93
16,166,injector_drift,24896.5,0.5509,4417.0,75.8,104.31,884.92,372.36,96.28,27.279,425.74,1.2874,0.1107,0.0,62.4,0.2591,92
16,167,injector_drift,25077.2,0.5474,4400.0,71.9,101.54,866.11,361.6,98.12,27.034,444.66,1.1446,0.1243,0.0,68.17,0.2665,91
16,168,injector_drift,24885.0,0.5512,4387.0,74.7,103.64,875.53,372.6,100.89,27.296,432.19,1.2616,0.1822,0.0,58.36,0.2752,90
16,169,injector_drift,24498.0,0.5587,4343.0,70.7,100.94,865.72,369.49,93.62,27.087,453.6,1.3485,0.1485,0.0,64.79,0.2752,89
16,170,injector_drift,24631.2,0.5561,4261.0,68.5,102.1,877.35,370.7,95.32,27.12,468.64,1.3864,0.1,0.0,66.59,0.2797,88
16,171,injector_drift,24313.4,0.5624,4281.0,74.6,100.96,881.82,368.37,91.87,27.985,443.99,1.3335,0.1306,0.0,68.32,0.2841,87
16,172,injector_drift,24501.2,0.5587,4304.0,74.7,102.42,881.79,363.28,97.09,26.621,421.86,1.3573,0.1477,0.0,57.26,0.2867,86
16,173,injector_drift,24227.0,0.5641,4372.0,69.3,102.83,870.77,366.18,93.13,27.493,469.22,1.3653,0.1669,0.0,69.35,0.2932,85
16,174,injector_drift,23933.8,0.5699,4403.0,72.4,103.67,876.06,363.09,96.47,27.189,444.57,1.3037,0.1666,0.0,64.53,0.2958,84
16,175,injector_drift,23347.5,0.5817,4369.0,69.1,101.84,888.84,356.67,98.53,27.137,464.43,1.2461,0.152,0.0,63.99,0.3028,83
16,176,injector_drift,23455.0,0.5795,4366.0,71.2,102.54,886.12,367.22,95.3,26.91,447.12,1.3209,0.1562,0.0,59.74,0.306,82
16,177,injector_drift,23257.0,0.5836,4413.0,71.2,104.6,876.16,374.42,94.27,27.364,454.83,1.4338,0.1161,0.0,78.78,0.3068,81
16,178,injector_drift,23343.6,0.5818,4225.0,74.6,101.1,875.35,361.84,98.85,27.408,434.61,1.4428,0.1293,0.0,67.3,0.3105,80
16,179,injector_drift,22995.5,0.5889,4218.0,70.8,99.29,883.99,369.35,97.71,27.259,455.61,1.3805,0.1184,0.0,69.53,0.3144,79
16,180,injector_drift,22819.6,0.5925,4257.0,68.4,102.27,884.64,376.16,94.23,27.474,475.25,1.3652,0.168,0.0,63.96,0.3246,78
16,181,injector_drift,22724.7,0.5944,4406.0,77.2,104.41,881.68,352.54,96.95,28.056,429.86,1.5549,0.1576,0.0,62.36,0.3334,77
16,182,injector_drift,22613.2,0.5968,4229.0,73.5,103.62,887.73,368.56,94.97,28.145,453.36,1.4274,0.1523,0.0,74.13,0.3339,76
16,183,injector_drift,22380.7,0.6016,4349.0,74.6,102.23,888.34,361.07,98.93,27.429,435.35,1.4871,0.1831,0.0,63.91,0.3406,75
16,184,injector_drift,22033.8,0.6088,4295.0,73.6,103.87,887.93,364.63,97.14,27.895,448.62,1.3512,0.1642,0.0,77.54,0.3447,74
16,185,injector_drift,21697.8,0.6159,4359.0,74.5,103.34,890.72,367.6,100.05,27.945,444.09,1.457,0.1776,0.0,80.47,0.3496,73
16,186,injector_drift,21587.4,0.6183,4342.0,72.8,101.9,898.74,344.13,95.42,27.68,449.73,1.5903,0.1744,0.0,68.9,0.3642,72
16,187,injector_drift,21297.5,0.6244,4365.0,72.8,103.74,897.25,354.83,97.74,28.317,460.28,1.3938,0.1763,0.0,70.47,0.3642,71
16,188,injector_drift,21197.5,0.6266,4326.0,71.7,105.38,906.14,352.52,97.27,27.322,451.12,1.502,0.1386,0.0,60.12,0.3648,70
16,189,injector_drift,20768.5,0.6358,4392.0,69.9,104.02,898.34,350.69,97.95,27.553,466.8,1.5586,0.1811,0.0,64.76,0.372,69
16,190,injector_drift,20760.1,0.636,4438.0,73.7,102.4,907.05,347.35,96.48,27.877,447.58,1.666,0.1737,0.0,77.42,0.3807,68
16,191,injector_drift,20399.4,0.6439,4426.0,70.1,107.35,889.12,345.19,93.19,27.075,456.88,1.6417,0.1572,0.0,80.9,0.3847,67
16,192,injector_drift,20215.2,0.6479,4328.0,71.2,103.49,903.32,343.76,99.22,28.152,468.23,1.7248,0.1817,0.0,71.49,0.3933,66
16,193,injector_drift,19739.7,0.6585,4298.0,71.8,105.61,900.12,345.12,98.04,27.652,455.88,1.6652,0.1946,0.0,72.53,0.3964,65
16,194,injector_drift,19637.0,0.6608,4362.0,71.9,106.47,910.42,359.61,96.4,27.9,459.18,1.6901,0.169,0.0,68.37,0.4031,64
16,195,injector_drift,19501.1,0.6638,4469.0,67.4,105.99,905.71,332.16,97.18,28.106,493.72,1.5607,0.1577,0.0,71.16,0.409,63
16,196,injector_drift,19159.8,0.6715,4347.0,70.9,105.23,919.85,352.4,96.01,27.8,464.13,1.5839,0.1611,0.0,84.2,0.4173,62
16,197,injector_drift,18585.4,0.6846,4400.0,67.1,103.07,899.86,334.55,94.81,27.533,485.72,1.825,0.15,0.0,79.91,0.4263,61
16,198,injector_drift,18499.8,0.6866,4397.0,70.5,107.73,904.89,340.25,100.74,27.775,465.95,1.6761,0.1766,0.0,70.01,0.4332,60
16,199,injector_drift,18480.9,0.687,4396.0,72.2,104.44,916.01,349.99,99.98,27.477,450.29,1.696,0.1943,0.0,82.58,0.4417,59
16,200,injector_drift,18397.2,0.6889,4426.0,75.1,107.65,913.7,341.45,96.13,27.902,439.48,1.5547,0.2172,0.0,91.61,0.4417,58
16,201,injector_drift,17876.0,0.701,4271.0,71.3,108.01,906.7,334.66,104.01,27.788,461.03,1.8448,0.1683,0.0,78.36,0.4481,57
16,202,injector_drift,17574.1,0.7081,4292.0,72.0,104.7,919.23,338.87,96.86,27.956,459.21,1.6944,0.1938,0.0,77.67,0.4555,56
16,203,injector_drift,17539.3,0.7089,4353.0,66.0,104.91,911.46,335.92,100.74,28.143,504.27,1.7505,0.1901,0.0,84.8,0.4654,55
16,204,injector_drift,17114.5,0.719,4424.0,70.8,106.29,922.28,337.98,99.4,28.262,472.52,1.917,0.1907,0.0,87.29,0.4695,54
16,205,injector_drift,16953.2,0.7229,4424.0,65.7,108.46,904.41,330.55,97.04,27.379,493.34,1.681,0.1628,0.0,87.13,0.478,53
16,206,injector_drift,16523.8,0.7332,4347.0,72.5,106.49,921.62,331.04,100.49,28.053,458.03,2.0052,0.1767,0.0,82.48,0.4897,52
16,207,injector_drift,16231.1,0.7403,4410.0,65.5,107.73,923.68,337.6,99.6,28.237,509.94,1.8598,0.2358,0.0,82.76,0.4984,51
16,208,injector_drift,16136.9,0.7426,4325.0,65.6,107.0,925.29,339.84,98.83,27.017,487.04,1.9368,0.2217,0.0,76.83,0.5051,50
16,209,injector_drift,15833.6,0.7501,4300.0,70.7,109.11,933.53,334.55,102.87,27.942,467.76,1.9096,0.2092,0.0,79.91,0.5118,49
16,210,injector_drift,15401.4,0.7608,4270.0,73.3,107.11,928.4,327.2,101.58,27.685,446.89,1.8826,0.2143,0.0,88.32,0.5168,48
16,211,injector_drift,14995.4,0.7709,4342.0,71.3,107.24,935.17,309.65,101.98,29.1,483.01,1.9635,0.223,0.0,84.76,0.527,47
16,212,injector_drift,14625.9,0.7803,4329.0,66.9,107.05,931.38,316.42,100.34,28.208,498.94,1.9986,0.2026,0.0,89.7,0.5386,46
16,213,injector_drift,14355.7,0.7871,4410.0,64.8,107.17,938.3,309.54,101.61,27.602,503.72,1.9908,0.2055,0.0,87.9,0.5455,45
16,214,injector_drift,14199.2,0.7912,4384.0,66.4,110.6,922.91,318.11,101.04,27.909,497.62,2.2453,0.2041,0.0,90.23,0.5547,44
16,215,injector_drift,14047.5,0.7951,4353.0,67.9,108.69,917.07,324.04,102.27,27.716,483.23,2.076,0.2224,0.0,90.81,0.5635,43
16,216,injector_drift,13453.9,0.8105,4353.0,67.1,107.92,948.63,329.37,99.43,28.813,508.09,2.0204,0.1975,0.0,94.89,0.5684,42
16,217,injector_drift,13165.3,0.818,4325.0,64.1,107.13,935.14,324.46,96.86,26.959,497.77,2.049,0.2108,0.0,96.46,0.5802,41
16,218,injector_drift,13161.7,0.8181,4243.0,70.9,109.39,930.77,315.57,104.44,28.435,474.77,2.271,0.236,0.0,92.67,0.5862,40
16,219,injector_drift,13038.1,0.8214,4279.0,70.8,108.87,945.73,317.38,101.94,28.312,473.36,2.1421,0.2224,0.0,92.82,0.5983,39
16,220,injector_drift,12661.9,0.8313,4397.0,72.4,108.87,946.12,310.34,103.33,28.063,459.02,2.3084,0.1978,0.0,94.68,0.6095,38
16,221,injector_drift,11916.4,0.8514,4342.0,61.6,109.46,950.12,299.47,101.03,27.762,533.79,2.5196,0.2284,0.0,91.88,0.6199,37
16,222,injector_drift,11943.5,0.8507,4271.0,63.9,110.98,953.78,305.89,102.09,27.382,506.78,2.4021,0.2489,0.0,101.83,0.6267,36
16,223,injector_drift,11718.6,0.8568,4432.0,67.0,109.29,950.02,298.86,105.76,28.871,510.3,2.4484,0.2431,0.0,94.42,0.6358,35
16,224,injector_drift,11189.6,0.8713,4452.0,66.0,110.89,963.18,310.91,103.7,28.244,506.06,2.4297,0.2108,0.0,97.59,0.6487,34
16,225,injector_drift,10915.4,0.8789,4422.0,64.5,112.76,946.02,301.33,107.45,28.519,523.12,2.4839,0.2663,0.0,99.57,0.6521,33
16,226,injector_drift,10686.4,0.8853,4375.0,63.1,111.03,939.99,290.38,105.17,27.936,523.7,2.5346,0.2458,0.0,101.78,0.6692,32
16,227,injector_drift,10393.3,0.8935,4367.0,62.5,110.42,961.09,294.97,102.18,28.655,542.27,2.6019,0.2595,0.0,102.15,0.6757,31
16,228,injector_drift,10059.0,0.903,4349.0,71.4,113.88,964.63,299.24,104.61,28.702,475.48,2.7517,0.2768,0.0,101.08,0.6862,30
16,229,injector_drift,9791.9,0.9106,4360.0,60.9,112.37,948.24,292.87,107.27,28.517,554.09,2.6206,0.2561,0.0,110.79,0.6952,29
16,230,injector_drift,9395.0,0.922,4388.0,60.3,112.46,969.9,289.27,104.52,28.311,555.23,2.6268,0.223,0.0,103.73,0.7039,28
16,231,injector_drift,8946.8,0.935,4392.0,61.3,113.98,956.09,292.15,105.75,28.193,544.48,2.7607,0.302,0.0,103.8,0.7229,27
16,232,injector_drift,8650.4,0.9436,4377.0,65.2,113.27,972.52,295.48,107.44,28.873,523.69,2.8764,0.2251,0.0,114.77,0.7309,26
16,233,injector_drift,8275.8,0.9547,4153.0,63.7,113.73,980.77,303.93,100.11,30.085,559.12,2.8099,0.2653,0.0,102.71,0.74,25
16,234,injector_drift,7997.6,0.9629,4419.0,65.6,111.62,980.66,279.07,106.48,28.119,507.57,2.9153,0.302,0.0,116.81,0.7537,24
16,235,injector_drift,7824.0,0.9681,4362.0,62.0,112.95,980.57,280.99,107.96,28.345,540.81,2.9754,0.2651,0.0,98.73,0.7634,23
16,236,injector_drift,7295.5,0.984,4269.0,64.2,117.2,978.0,283.39,103.89,28.036,516.52,3.1397,0.2686,0.0,107.41,0.7713,22
16,237,injector_drift,7242.6,0.9857,4362.0,64.0,113.27,986.73,283.91,107.85,28.767,531.53,3.1121,0.2821,0.0,102.57,0.788,21
16,238,injector_drift,6603.5,1.0052,4368.0,68.3,115.16,993.49,273.37,105.92,28.979,501.81,3.0054,0.2854,0.0,104.88,0.7966,20
16,239,injector_drift,6450.9,1.0099,4256.0,68.8,118.1,988.32,266.64,102.9,29.753,511.96,2.9751,0.277,0.0,115.53,0.8141,19
16,240,injector_drift,6213.4,1.0173,4311.0,62.8,116.93,985.14,275.28,108.2,28.574,538.38,3.2353,0.2865,0.0,116.2,0.8308,18
16,241,injector_drift,5822.1,1.0295,4284.0,65.6,116.49,1003.28,275.83,106.72,29.249,527.28,3.1942,0.3226,0.0,112.29,0.837,17
16,242,injector_drift,5143.6,1.051,4292.0,63.4,115.29,1014.49,266.69,106.94,27.962,522.02,3.2885,0.2957,0.0,125.07,0.8544,16
16,243,injector_drift,5105.8,1.0522,4384.0,65.0,115.78,1014.44,273.98,108.56,28.985,527.42,3.2879,0.3191,0.0,123.38,0.8635,15
16,244,injector_drift,4639.5,1.0671,4313.0,63.7,116.63,984.18,260.42,105.68,28.55,530.41,3.396,0.2954,0.0,118.84,0.8788,14
16,245,injector_drift,4215.5,1.0809,4356.0,64.6,117.88,1018.1,268.03,109.34,29.226,535.64,3.4448,0.3447,0.0,111.06,0.89,13
16,246,injector_drift,4110.3,1.0843,4394.0,64.7,119.75,1007.15,246.23,106.34,29.525,539.68,3.5615,0.3413,0.0,126.55,0.9084,12
16,247,injector_drift,3551.9,1.1026,4324.0,63.3,118.42,1029.5,256.5,111.52,28.793,538.51,3.592,0.3256,0.0,120.82,0.9248,11
16,248,injector_drift,3437.8,1.1064,4397.0,62.2,117.66,1008.67,244.39,110.99,29.225,555.76,3.6391,0.3435,0.0,125.68,0.9357,10
16,249,injector_drift,3280.8,1.1116,4431.0,64.8,118.77,1012.66,244.25,112.1,29.073,531.21,3.8118,0.3658,0.0,129.61,0.9514,9
16,250,injector_drift,2768.6,1.1288,4401.0,61.1,120.06,1022.69,248.12,110.25,29.064,563.35,3.8389,0.3198,0.0,124.95,0.9662,8
16,251,injector_drift,2348.8,1.143,4386.0,59.5,120.1,1021.92,238.58,108.73,29.164,579.58,3.8997,0.3226,0.0,134.5,0.9789,7
16,252,injector_drift,2019.8,1.1542,4401.0,56.4,119.71,1025.16,233.45,108.54,28.48,597.26,3.9907,0.3571,0.0,128.0,0.9989,6
16,253,injector_drift,1840.8,1.1604,4374.0,62.2,118.67,1040.61,235.87,108.62,28.863,549.26,3.9715,0.3268,0.0,133.5,1.009,5
16,254,injector_drift,1317.4,1.1785,4401.0,62.8,122.28,1046.04,256.13,110.09,29.691,559.44,4.2191,0.3254,0.0,135.72,1.0216,4
16,255,injector_drift,952.8,1.1912,4280.0,55.4,120.71,1028.84,237.61,109.42,28.69,613.13,4.3544,0.3298,0.0,138.12,1.0396,3
16,256,injector_drift,542.1,1.2057,4346.0,58.5,122.0,1055.69,230.2,111.86,29.735,601.28,4.3937,0.3711,0.0,144.16,1.0605,2
16,257,injector_drift,206.8,1.2176,4374.0,62.4,120.96,1037.65,228.11,109.87,28.795,545.79,4.2206,0.3315,0.0,132.55,1.074,1
17,0,cooling_degradation,0.0,1.225,4233.0,62.5,95.15,829.56,429.68,90.94,25.688,486.67,0.762,0.0516,0.0,41.8,0.0252,289
17,1,cooling_degradation,760.9,1.198,4321.0,64.0,95.2,809.81,417.57,89.17,25.954,479.73,0.7081,0.0711,0.0,47.48,0.0252,288
17,2,cooling_degradation,811.3,1.1962,4304.0,64.1,97.93,827.09,414.48,89.63,25.83,476.66,0.8668,0.0619,0.0,46.82,0.0252,287
17,3,cooling_degradation,830.4,1.1955,4355.0,61.9,95.15,818.75,417.41,88.79,26.117,499.31,0.8845,0.0924,0.0,40.27,0.0252,286
17,4,cooling_degradation,1165.0,1.1838,4393.0,66.7,95.45,820.56,409.16,89.21,26.222,465.59,0.784,0.055,0.0,33.14,0.0252,285
17,5,cooling_degradation,1518.9,1.1715,4367.0,60.0,94.01,804.16,415.06,90.7,25.576,504.52,0.9497,0.0621,0.0,48.95,0.0252,284
17,6,cooling_degradation,1865.9,1.1595,4376.0,65.8,95.67,821.17,414.67,89.58,26.402,475.02,0.8317,0.0416,0.0,48.47,0.0252,283
17,7,cooling_degradation,2224.8,1.1472,4407.0,57.7,93.96,823.61,420.17,93.18,26.019,534.02,0.7988,0.0549,0.0,42.89,0.0252,282
17,8,cooling_degradation,2534.4,1.1367,4330.0,54.5,97.38,795.86,418.04,92.27,24.992,542.65,0.7185,0.0029,0.0,40.16,0.0256,281
17,9,cooling_degradation,2914.5,1.1239,4194.0,57.9,95.13,820.97,416.49,92.24,25.205,514.87,0.6771,0.0629,0.0,40.77,0.0256,280
17,10,cooling_degradation,3338.2,1.1097,4245.0,59.9,93.97,797.31,424.1,90.01,26.644,526.37,0.7722,0.0778,0.0,46.96,0.0256,279
17,11,cooling_degradation,3320.1,1.1103,4380.0,61.8,97.6,805.2,418.21,92.34,26.048,498.87,0.8426,0.0915,0.0,44.99,0.0256,278
17,12,cooling_degradation,3610.1,1.1007,4362.0,59.2,93.88,815.21,404.51,92.63,26.318,526.53,1.0025,0.0683,0.0,40.47,0.029,277
17,13,cooling_degradation,3889.1,1.0915,4392.0,62.5,96.23,830.29,405.56,93.77,26.208,496.28,0.8212,0.0514,0.0,53.62,0.029,276
17,14,cooling_degradation,4203.3,1.0813,4521.0,64.2,93.62,817.47,418.31,89.5,26.138,481.71,0.8632,0.0423,0.0,34.96,0.029,275
17,15,cooling_degradation,4600.8,1.0684,4363.0,63.5,96.29,821.89,412.13,90.6,25.056,467.02,0.7496,0.0492,0.0,39.6,0.029,274
17,16,cooling_degradation,4940.8,1.0574,4344.0,62.2,97.45,810.2,413.21,89.08,25.344,482.34,0.8325,0.0267,0.0,39.72,0.029,273
17,17,cooling_degradation,5403.9,1.0427,4371.0,66.4,94.89,818.01,413.53,95.86,26.344,469.77,0.8221,0.0537,0.0,43.14,0.029,272
17,18,cooling_degradation,5337.5,1.0448,4279.0,60.5,94.08,816.2,414.5,90.18,25.37,496.15,0.7402,0.0342,0.0,48.27,0.029,271
17,19,cooling_degradation,5795.9,1.0303,4395.0,62.4,94.13,830.59,401.88,93.13,25.783,489.36,0.9229,0.0468,0.0,46.75,0.029,270
17,20,cooling_degradation,5913.6,1.0266,4340.0,61.6,95.77,811.2,408.56,90.89,26.161,502.71,0.8051,0.0546,0.0,43.24,0.029,269
17,21,cooling_degradation,6397.2,1.0116,4451.0,65.4,98.88,814.95,404.94,92.45,26.096,472.55,0.9088,0.0669,0.0,36.45,0.0343,268
17,22,cooling_degradation,7033.5,0.992,4254.0,62.3,97.58,827.3,415.61,90.66,26.016,494.38,0.8211,0.0273,0.0,47.87,0.0343,267
17,23,cooling_degradation,6907.4,0.9959,4350.0,64.9,97.74,818.03,409.19,92.53,26.57,484.41,0.7938,0.0534,0.0,37.41,0.0343,266
17,24,cooling_degradation,7590.3,0.9751,4312.0,66.3,94.39,821.62,406.75,91.24,26.694,476.35,0.7578,0.074,0.0,41.08,0.0343,265
17,25,cooling_degradation,7390.5,0.9812,4286.0,62.5,97.63,822.29,413.7,94.1,25.848,489.38,0.7923,0.0883,0.0,42.71,0.0343,264
17,26,cooling_degradation,7739.8,0.9706,4387.0,59.4,97.46,812.15,418.64,91.3,26.193,521.95,0.9375,0.0588,0.0,39.05,0.0343,263
17,27,cooling_degradation,8049.3,0.9614,4331.0,63.7,96.44,802.96,410.74,89.24,25.556,475.05,0.7485,0.1042,0.0,38.95,0.0343,262
17,28,cooling_degradation,8417.8,0.9505,4430.0,62.1,95.17,828.44,407.73,91.83,25.957,494.59,0.8788,0.076,0.0,48.03,0.0399,261
17,29,cooling_degradation,8658.3,0.9434,4318.0,62.7,97.58,821.07,423.07,90.82,26.13,493.0,0.8006,0.0632,0.0,50.86,0.0399,260
17,30,cooling_degradation,9084.9,0.9309,4326.0,57.4,95.1,807.26,409.87,88.83,25.541,526.66,0.8727,0.0868,0.0,43.22,0.0399,259
17,31,cooling_degradation,8845.9,0.9379,4471.0,60.1,97.1,825.06,425.11,91.56,25.657,505.22,0.8421,0.0518,0.0,34.7,0.0399,258
17,32,cooling_degradation,9397.8,0.9219,4269.0,67.5,95.56,838.61,422.22,89.56,25.743,451.24,0.7189,0.041,0.0,45.0,0.0399,257
17,33,cooling_degradation,10114.5,0.9014,4303.0,62.5,94.64,829.55,415.63,90.33,25.873,490.26,0.8388,0.0806,0.0,40.11,0.0399,256
17,34,cooling_degradation,9903.6,0.9074,4165.0,68.9,95.53,839.87,420.6,90.88,25.629,440.3,0.9988,0.0726,0.0,45.4,0.0399,255
17,35,cooling_degradation,10344.5,0.8949,4323.0,63.4,99.08,810.67,422.21,86.74,25.892,483.12,0.8501,0.0829,0.0,45.07,0.0399,254
17,36,cooling_degradation,10771.9,0.8829,4391.0,67.2,94.38,824.37,406.58,89.94,26.195,461.44,0.8997,0.0824,0.0,34.18,0.0399,253
17,37,cooling_degradation,10953.9,0.8778,4375.0,65.1,97.62,824.18,408.99,92.65,26.345,478.82,0.8493,0.1022,0.0,41.64,0.0399,252
17,38,cooling_degradation,11112.7,0.8734,4359.0,68.0,97.39,821.83,422.03,90.41,25.747,448.29,0.8886,0.0329,0.0,46.67,0.0399,251
17,39,cooling_degradation,11585.0,0.8604,4297.0,65.4,95.85,818.86,413.19,86.99,26.2,474.03,0.7681,0.0549,0.0,43.13,0.0399,250
17,40,cooling_degradation,11920.4,0.8513,4339.0,67.0,95.3,798.58,410.59,90.63,26.385,466.33,0.8158,0.0562,0.0,38.11,0.0399,249
17,41,cooling_degradation,11980.8,0.8497,4326.0,70.2,94.27,837.4,410.03,91.76,26.34,444.31,0.8959,0.0853,0.0,46.87,0.0399,248
17,42,cooling_degradation,12405.4,0.8382,4350.0,68.0,98.07,809.86,401.24,90.2,26.4,459.28,0.7975,0.0694,0.0,35.26,0.0399,247
17,43,cooling_degradation,12745.8,0.8291,4360.0,64.7,94.34,828.36,418.38,90.27,26.129,477.97,0.9113,0.0854,0.0,44.76,0.0399,246
17,44,cooling_degradation,13049.8,0.8211,4329.0,61.3,91.94,819.51,413.61,89.91,24.777,478.44,0.7452,0.0676,0.0,40.9,0.0399,245
17,45,cooling_degradation,13212.7,0.8168,4351.0,66.7,96.59,821.9,419.16,92.04,25.774,457.15,0.8302,0.0616,0.0,45.76,0.0399,244
17,46,cooling_degradation,13681.5,0.8045,4344.0,68.5,94.11,821.38,412.1,89.15,27.106,468.41,0.8048,0.0756,0.0,42.45,0.0399,243
17,47,cooling_degradation,13698.5,0.8041,4310.0,67.8,95.97,824.27,412.31,91.89,26.47,462.05,1.0366,0.0672,0.0,46.02,0.0399,242
17,48,cooling_degradation,13808.6,0.8012,4355.0,64.8,94.11,826.33,408.6,90.26,25.79,470.68,0.7943,0.0698,0.0,50.4,0.0399,241
17,49,cooling_degradation,14186.3,0.7915,4273.0,68.1,95.26,830.43,420.75,93.3,26.371,458.45,0.8591,0.075,0.0,47.06,0.0399,240
17,50,cooling_degradation,14662.3,0.7793,4361.0,69.7,96.33,823.42,406.81,89.9,26.621,451.75,0.6697,0.0717,0.0,47.29,0.0435,239
17,51,cooling_degradation,14606.1,0.7808,4283.0,72.1,96.64,815.95,417.82,88.65,27.093,444.84,0.7356,0.0827,0.0,46.83,0.0435,238
17,52,cooling_degradation,14661.7,0.7794,4348.0,67.4,98.24,813.4,412.42,92.11,26.039,457.5,0.8538,0.0642,0.0,35.36,0.0438,237
17,53,cooling_degradation,15323.1,0.7627,4378.0,75.5,96.27,835.94,404.29,91.88,26.451,414.37,0.8092,0.0668,0.0,44.43,0.0448,236
17,54,cooling_degradation,15441.9,0.7598,4294.0,72.7,96.43,824.02,412.03,91.72,26.318,428.6,0.8108,0.0434,0.0,45.38,0.0448,235
17,55,cooling_degradation,16098.2,0.7436,4412.0,68.9,95.9,816.19,408.85,92.59,26.066,447.4,0.8046,0.0832,0.0,46.82,0.0451,234
17,56,cooling_degradation,16051.6,0.7447,4457.0,69.4,97.65,818.66,404.66,88.9,26.077,444.92,0.8158,0.0977,0.0,43.63,0.0451,233
17,57,cooling_degradation,16445.9,0.7351,4311.0,72.9,94.6,825.79,425.05,89.34,26.608,432.08,0.6946,0.0277,0.0,47.71,0.0459,232
17,58,cooling_degradation,16433.6,0.7354,4341.0,66.0,95.62,812.82,413.58,93.56,25.95,465.62,0.8246,0.0766,0.0,39.34,0.0459,231
17,59,cooling_degradation,16841.2,0.7256,4423.0,66.6,96.28,823.14,406.92,91.79,26.13,464.54,0.814,0.0609,0.0,54.1,0.0459,230
17,60,cooling_degradation,17050.7,0.7205,4242.0,65.2,94.92,832.79,414.91,90.01,26.825,486.59,0.917,0.0601,0.0,46.94,0.0461,229
17,61,cooling_degradation,17442.8,0.7112,4352.0,68.5,98.39,823.5,410.17,87.4,25.887,447.45,0.8988,0.0765,0.0,39.58,0.0464,228
17,62,cooling_degradation,17503.4,0.7098,4332.0,66.8,96.82,809.88,408.56,88.48,26.311,466.25,0.6077,0.0639,0.0,51.13,0.0483,227
17,63,cooling_degradation,17632.9,0.7067,4404.0,68.4,94.51,831.78,403.66,89.05,25.82,446.58,0.7752,0.0723,0.0,38.77,0.0483,226
17,64,cooling_degradation,18102.0,0.6958,4335.0,69.5,96.96,834.27,415.63,89.84,26.711,454.76,0.9782,0.0573,0.0,44.4,0.0483,225
17,65,cooling_degradation,18071.6,0.6965,4377.0,65.6,98.38,833.39,418.65,91.64,26.563,479.18,0.9097,0.0955,0.0,45.2,0.0513,224
17,66,cooling_degradation,18286.6,0.6915,4301.0,74.0,95.35,828.74,410.53,88.29,26.27,420.34,0.8765,0.0607,0.0,42.57,0.0513,223
17,67,cooling_degradation,18630.8,0.6835,4407.0,73.6,98.47,846.72,410.48,89.97,26.315,423.35,0.797,0.0502,0.0,44.01,0.0513,222
17,68,cooling_degradation,18814.6,0.6793,4283.0,68.7,96.81,831.54,410.14,88.5,26.57,457.52,0.8964,0.0723,0.0,44.93,0.0513,221
17,69,cooling_degradation,19089.8,0.6731,4402.0,74.7,96.73,852.54,408.77,90.18,26.55,420.78,0.716,0.0487,0.0,39.25,0.0513,220
17,70,cooling_degradation,19208.7,0.6704,4355.0,71.5,98.22,837.86,402.68,95.8,27.037,447.44,0.7919,0.0701,0.0,45.99,0.0513,219
17,71,cooling_degradation,19696.1,0.6594,4209.0,73.8,96.84,838.7,411.93,93.49,26.139,419.4,0.8696,0.0996,0.0,45.02,0.0556,218
17,72,cooling_degradation,19910.9,0.6547,4354.0,66.5,97.11,820.51,404.46,92.26,26.616,473.6,0.8906,0.0658,0.0,54.73,0.0556,217
17,73,cooling_degradation,20084.3,0.6508,4386.0,69.7,96.67,819.49,407.3,90.07,27.271,463.14,0.8593,0.0396,0.0,52.43,0.0556,216
17,74,cooling_degradation,20281.8,0.6465,4276.0,72.7,93.91,829.51,406.66,88.96,26.713,434.89,0.8735,0.0584,0.0,41.34,0.0556,215
17,75,cooling_degradation,20104.7,0.6504,4299.0,70.4,97.15,825.91,399.09,90.94,26.166,439.68,0.8551,0.0829,0.0,44.3,0.0556,214
17,76,cooling_degradation,20606.9,0.6394,4355.0,70.5,96.91,823.19,401.5,88.01,26.114,438.34,0.8168,0.0688,0.0,41.54,0.0556,213
17,77,cooling_degradation,20923.1,0.6325,4319.0,70.8,96.12,828.03,409.31,92.54,26.401,441.25,0.9568,0.0827,0.0,44.32,0.0621,212
17,78,cooling_degradation,21198.2,0.6266,4370.0,72.4,92.87,828.27,403.07,90.85,26.83,438.75,0.9977,0.056,0.0,49.89,0.0621,211
17,79,cooling_degradation,21166.6,0.6272,4337.0,71.7,97.63,824.39,405.97,91.19,25.921,427.9,0.8455,0.0604,0.0,45.08,0.0621,210
17,80,cooling_degradation,21590.3,0.6182,4271.0,76.1,95.54,838.1,413.46,88.01,26.679,414.69,0.7616,0.0828,0.0,43.55,0.0671,209
17,81,cooling_degradation,21636.0,0.6172,4490.0,68.6,95.13,823.06,396.0,91.44,26.404,455.51,0.8369,0.1024,0.0,49.07,0.0671,208
17,82,cooling_degradation,21395.0,0.6223,4330.0,72.0,94.99,830.4,408.45,90.86,27.174,446.94,0.8626,0.0624,0.0,36.36,0.0671,207
17,83,cooling_degradation,21957.5,0.6104,4357.0,73.9,93.89,822.0,420.36,89.43,27.413,439.09,0.6789,0.0709,0.0,44.11,0.0671,206
17,84,cooling_degradation,22033.7,0.6088,4456.0,68.1,97.51,829.64,400.31,91.79,26.271,456.26,0.9627,0.0921,0.0,52.89,0.0671,205
17,85,cooling_degradation,22252.7,0.6042,4402.0,70.9,100.35,831.85,404.09,90.55,26.048,434.54,0.8046,0.0728,0.0,53.13,0.0671,204
17,86,cooling_degradation,22684.4,0.5953,4383.0,72.6,95.96,823.44,408.5,91.94,26.647,434.44,0.7899,0.083,0.0,52.6,0.0674,203
17,87,cooling_degradation,22750.6,0.5939,4413.0,76.7,98.07,833.74,399.78,92.59,26.907,415.3,0.8289,0.0554,0.0,39.91,0.0674,202
17,88,cooling_degradation,22805.0,0.5928,4383.0,72.7,96.72,830.61,402.48,89.2,27.074,440.91,0.8195,0.0706,0.0,39.97,0.0684,201
17,89,cooling_degradation,22955.3,0.5897,4383.0,74.6,97.39,829.66,404.65,91.67,26.555,421.12,0.8675,0.0594,0.0,44.09,0.0729,200
17,90,cooling_degradation,23293.9,0.5828,4384.0,74.9,96.87,829.88,406.34,91.63,26.354,416.32,0.9261,0.0382,0.0,46.62,0.0729,199
17,91,cooling_degradation,23369.1,0.5813,4340.0,64.3,98.12,831.75,401.8,93.95,26.106,480.74,0.965,0.0542,0.0,42.89,0.0729,198
17,92,cooling_degradation,23667.1,0.5753,4414.0,72.9,95.16,832.69,407.0,93.14,26.491,430.26,0.9262,0.0808,0.0,38.16,0.0729,197
17,93,cooling_degradation,23601.7,0.5766,4390.0,71.4,97.18,839.94,413.69,90.81,26.401,437.57,0.7908,0.0836,0.0,51.42,0.0753,196
17,94,cooling_degradation,23828.8,0.572,4212.0,77.3,98.74,826.94,401.86,90.66,26.555,406.51,0.8575,0.088,0.0,50.59,0.0753,195
17,95,cooling_degradation,23875.3,0.5711,4401.0,75.0,98.19,833.49,405.48,91.89,26.275,414.72,0.8802,0.084,0.0,44.21,0.0795,194
17,96,cooling_degradation,24114.8,0.5663,4302.0,75.6,97.63,830.38,407.51,89.34,27.058,423.63,0.8964,0.0694,0.0,50.72,0.0795,193
17,97,cooling_degradation,24676.2,0.5552,4365.0,74.6,97.28,835.29,403.17,89.64,26.86,426.08,0.9109,0.0372,0.0,51.88,0.0795,192
17,98,cooling_degradation,24387.9,0.5609,4250.0,73.4,96.59,836.37,412.66,90.66,26.363,424.83,0.878,0.051,0.0,35.26,0.0795,191
17,99,cooling_degradation,24573.3,0.5573,4315.0,75.7,96.61,825.9,415.71,86.83,27.149,424.37,0.8649,0.096,0.0,50.38,0.0795,190
17,100,cooling_degradation,24663.7,0.5555,4328.0,73.2,94.81,838.85,408.32,89.61,25.934,419.2,0.9447,0.057,0.0,46.85,0.0795,189
17,101,cooling_degradation,24899.9,0.5509,4382.0,77.2,98.05,854.73,408.74,91.05,26.769,410.31,0.8695,0.0742,0.0,35.14,0.0856,188
17,102,cooling_degradation,25053.7,0.5479,4315.0,70.2,99.37,835.71,405.79,97.26,26.605,448.38,0.9593,0.0775,0.0,52.96,0.0874,187
17,103,cooling_degradation,25381.5,0.5416,4220.0,76.6,97.84,831.09,412.55,90.5,27.354,422.53,0.951,0.0492,0.0,48.47,0.0896,186
17,104,cooling_degradation,25269.1,0.5437,4321.0,72.5,97.41,833.63,402.07,93.11,26.44,431.7,1.0021,0.0835,0.0,40.09,0.0896,185
17,105,cooling_degradation,25475.3,0.5398,4327.0,75.7,98.29,834.97,405.23,91.4,27.304,426.98,0.9033,0.1074,0.0,50.06,0.0896,184
17,106,cooling_degradation,25302.3,0.5431,4388.0,69.0,94.2,828.88,400.33,92.67,26.192,449.3,1.0014,0.0765,0.0,48.97,0.0896,183
17,107,cooling_degradation,25575.9,0.5379,4359.0,74.6,96.63,842.79,404.06,89.63,27.117,430.29,0.8616,0.0715,0.0,50.77,0.0896,182
17,108,cooling_degradation,25987.6,0.53,4304.0,73.4,97.29,821.97,396.12,88.71,27.392,441.75,0.9145,0.0539,0.0,38.46,0.0903,181
17,109,cooling_degradation,25812.5,0.5333,4367.0,73.8,94.84,838.92,396.23,94.56,26.342,422.63,0.948,0.0716,0.0,46.62,0.0903,180
17,110,cooling_degradation,26169.0,0.5266,4460.0,68.7,97.78,845.79,404.33,89.26,26.516,457.07,0.8145,0.0897,0.0,43.74,0.0961,179
17,111,cooling_degradation,26025.0,0.5293,4420.0,74.1,94.77,848.0,407.56,94.89,26.999,431.11,0.8639,0.0787,0.0,47.83,0.0961,178
17,112,cooling_degradation,26244.7,0.5252,4235.0,74.5,98.59,846.57,398.04,91.18,26.306,418.09,0.8419,0.07,0.0,40.16,0.0961,177
17,113,cooling_degradation,26631.7,0.518,4499.0,68.8,97.92,830.66,391.55,90.3,26.643,458.39,0.8935,0.0995,0.0,43.23,0.0979,176
17,114,cooling_degradation,26586.8,0.5188,4421.0,70.7,97.3,848.57,394.33,90.93,26.36,441.04,0.8554,0.0741,0.0,56.51,0.0979,175
17,115,cooling_degradation,26279.8,0.5245,4445.0,74.7,98.85,842.81,398.34,95.25,26.504,419.84,0.9133,0.0722,0.0,55.02,0.1024,174
17,116,cooling_degradation,27150.2,0.5084,4259.0,75.5,97.93,851.66,405.63,90.65,26.719,418.78,0.8986,0.0835,0.0,54.07,0.1024,173
17,117,cooling_degradation,26602.4,0.5185,4325.0,74.2,98.42,848.26,406.9,91.28,26.611,424.52,0.8824,0.1068,0.0,56.57,0.1024,172
17,118,cooling_degradation,27126.2,0.5089,4385.0,74.5,98.13,842.29,391.7,94.0,27.15,431.17,0.9169,0.0776,0.0,39.86,0.1024,171
17,119,cooling_degradation,26864.2,0.5137,4283.0,74.5,96.42,837.82,407.04,92.99,26.828,426.12,0.8502,0.063,0.0,48.93,0.1024,170
17,120,cooling_degradation,26828.5,0.5143,4382.0,72.8,100.09,858.17,397.73,96.23,27.658,449.38,0.838,0.0921,0.0,50.56,0.1038,169
17,121,cooling_degradation,27023.7,0.5107,4448.0,74.0,99.64,825.87,391.76,94.43,26.592,425.39,0.8135,0.0749,0.0,47.52,0.1051,168
17,122,cooling_degradation,27068.6,0.5099,4330.0,70.3,98.58,838.44,403.48,90.85,26.803,450.88,0.777,0.0947,0.0,40.78,0.112,167
17,123,cooling_degradation,27156.5,0.5083,4452.0,72.8,98.17,829.83,393.24,94.85,26.702,433.84,0.8656,0.0426,0.0,54.5,0.112,166
17,124,cooling_degradation,27316.6,0.5054,4392.0,74.5,99.08,842.84,397.12,88.4,26.352,418.59,0.9631,0.0844,0.0,53.17,0.112,165
17,125,cooling_degradation,27445.0,0.5031,4238.0,78.4,99.85,846.69,413.43,93.78,27.731,418.74,0.9042,0.0786,0.0,46.98,0.112,164
17,126,cooling_degradation,27648.8,0.4994,4298.0,74.3,100.87,837.27,402.38,90.99,26.909,428.42,0.9253,0.0652,0.0,54.55,0.1147,163
17,127,cooling_degradation,27527.0,0.5016,4416.0,80.9,97.29,841.77,407.19,93.54,26.954,394.22,0.8965,0.061,0.0,51.2,0.1175,162
17,128,cooling_degradation,27562.4,0.5009,4288.0,80.5,99.76,836.35,387.33,96.35,27.417,402.81,1.0894,0.0807,0.0,54.07,0.1211,161
17,129,cooling_degradation,27495.1,0.5021,4415.0,75.0,98.05,847.75,394.91,89.08,27.337,431.37,0.948,0.0649,0.0,46.32,0.1211,160
17,130,cooling_degradation,27610.8,0.5001,4387.0,73.6,95.88,840.77,388.82,94.37,26.516,426.51,0.8976,0.0285,0.0,52.53,0.126,159
17,131,cooling_degradation,27623.4,0.4998,4369.0,81.6,99.57,851.91,390.82,94.2,27.359,396.61,0.8585,0.0643,0.0,52.58,0.126,158
17,132,cooling_degradation,27535.9,0.5014,4315.0,77.1,100.5,842.07,395.12,93.84,27.483,421.85,1.0801,0.0634,0.0,50.18,0.126,157
17,133,cooling_degradation,28164.1,0.4901,4368.0,76.2,99.76,847.82,401.93,90.56,27.079,420.56,0.8311,0.0884,0.0,37.98,0.1261,156
17,134,cooling_degradation,27854.2,0.4957,4451.0,72.7,98.04,850.03,389.81,92.34,27.027,439.73,0.8797,0.0641,0.0,52.21,0.1261,155
17,135,cooling_degradation,27889.1,0.495,4327.0,73.6,98.94,848.87,391.23,90.64,26.762,430.09,0.8835,0.0885,0.0,52.74,0.1283,154
17,136,cooling_degradation,28063.2,0.4919,4387.0,71.9,99.55,847.21,397.94,93.55,26.157,430.32,0.9548,0.0712,0.0,47.36,0.1344,153
17,137,cooling_degradation,27519.8,0.5017,4470.0,79.4,99.4,848.6,382.57,90.09,27.137,404.4,0.9873,0.1062,0.0,55.02,0.1351,152
17,138,cooling_degradation,28265.9,0.4883,4366.0,76.5,100.38,851.77,404.93,91.83,26.837,415.33,0.9644,0.098,0.0,53.38,0.1351,151
17,139,cooling_degradation,27821.1,0.4963,4321.0,74.0,100.0,842.47,388.96,94.01,26.88,429.64,0.9341,0.0853,0.0,54.43,0.1376,150
17,140,cooling_degradation,27834.0,0.496,4320.0,73.6,97.78,846.07,394.54,91.34,26.685,429.28,0.8563,0.095,0.0,50.73,0.1402,149
17,141,cooling_degradation,27898.3,0.4949,4225.0,72.0,98.69,849.63,412.55,92.01,26.88,441.72,1.1166,0.1036,0.0,44.08,0.1402,148
17,142,cooling_degradation,28137.3,0.4906,4277.0,74.8,98.0,861.42,395.72,91.07,26.853,424.94,0.9965,0.0945,0.0,44.55,0.1442,147
17,143,cooling_degradation,28317.9,0.4874,4370.0,75.5,99.0,844.59,395.57,93.4,27.359,428.78,1.0207,0.0961,0.0,56.42,0.1442,146
17,144,cooling_degradation,28245.5,0.4887,4408.0,68.2,95.94,838.74,390.47,92.61,26.841,465.95,0.9212,0.0511,0.0,47.51,0.1442,145
17,145,cooling_degradation,27927.3,0.4944,4324.0,72.1,101.73,850.88,394.65,91.49,26.474,434.5,0.9583,0.084,0.0,49.32,0.1479,144
17,146,cooling_degradation,27726.5,0.498,4407.0,73.0,97.67,858.68,385.59,91.7,27.398,444.36,1.0759,0.0788,0.0,57.51,0.1479,143
17,147,cooling_degradation,27927.5,0.4944,4404.0,78.3,98.26,859.73,392.13,93.42,26.948,407.56,0.819,0.1175,0.0,43.27,0.1551,142
17,148,cooling_degradation,27883.8,0.4951,4304.0,73.3,99.15,851.02,402.31,90.99,26.494,427.58,1.057,0.0888,0.0,45.95,0.1554,141
17,149,cooling_degradation,27719.8,0.4981,4314.0,69.6,96.99,859.06,381.94,93.04,27.146,461.58,0.9786,0.0835,0.0,58.04,0.1566,140
17,150,cooling_degradation,28037.4,0.4924,4269.0,71.7,98.69,836.96,389.36,93.3,26.63,439.72,1.0417,0.1102,0.0,54.99,0.1619,139
17,151,cooling_degradation,27930.8,0.4943,4395.0,80.1,99.48,863.99,385.14,93.57,27.417,404.89,1.1435,0.0685,0.0,44.69,0.1629,138
17,152,cooling_degradation,27982.1,0.4934,4350.0,73.8,101.8,851.17,384.58,92.28,26.5,424.76,0.9804,0.0984,0.0,52.84,0.1671,137
17,153,cooling_degradation,27990.3,0.4932,4403.0,71.8,99.63,858.56,390.42,94.63,26.761,440.96,0.8101,0.0618,0.0,56.27,0.171,136
17,154,cooling_degradation,27953.5,0.4939,4346.0,69.9,98.81,860.63,385.77,95.34,26.746,452.83,0.9389,0.0869,0.0,49.88,0.171,135
17,155,cooling_degradation,27808.1,0.4965,4294.0,75.0,97.74,856.65,392.53,94.71,26.94,425.23,1.0273,0.092,0.0,48.16,0.171,134
17,156,cooling_degradation,28027.5,0.4926,4397.0,75.3,102.74,856.8,395.03,93.93,26.925,423.31,1.1671,0.1318,0.0,47.35,0.1755,133
17,157,cooling_degradation,27668.4,0.499,4231.0,76.2,99.65,853.56,383.59,90.66,27.202,422.54,1.0041,0.0997,0.0,60.02,0.1755,132
17,158,cooling_degradation,27603.3,0.5002,4330.0,83.0,99.69,873.73,391.26,96.87,27.993,399.03,1.1598,0.0849,0.0,61.04,0.1759,131
17,159,cooling_degradation,27618.1,0.4999,4304.0,71.1,97.58,857.85,389.23,93.71,26.519,441.36,0.8579,0.1013,0.0,59.95,0.1797,130
17,160,cooling_degradation,27684.2,0.4987,4442.0,73.7,100.6,859.67,381.11,94.36,26.063,418.62,1.0177,0.1348,0.0,62.96,0.1866,129
17,161,cooling_degradation,27653.1,0.4993,4455.0,75.6,98.97,871.24,375.49,92.35,27.692,433.27,1.1438,0.0653,0.0,63.32,0.1879,128
17,162,cooling_degradation,27443.8,0.5031,4375.0,73.4,102.13,854.7,382.08,93.39,26.81,432.16,1.1425,0.1227,0.0,49.6,0.1909,127
17,163,cooling_degradation,27387.8,0.5041,4315.0,68.5,100.62,854.33,387.26,96.18,26.55,458.69,0.9114,0.115,0.0,62.22,0.1913,126
17,164,cooling_degradation,27569.0,0.5008,4453.0,76.2,100.22,868.56,378.58,95.47,27.037,419.91,1.0089,0.1062,0.0,58.14,0.1953,125
17,165,cooling_degradation,27111.5,0.5091,4308.0,72.7,98.11,874.14,390.63,93.34,26.526,431.59,1.071,0.1032,0.0,67.32,0.1981,124
17,166,cooling_degradation,27650.8,0.4993,4267.0,71.4,99.95,859.63,381.94,97.02,26.819,444.52,1.029,0.1382,0.0,74.76,0.1981,123
17,167,cooling_degradation,27121.5,0.5089,4231.0,71.9,99.91,863.81,380.94,92.05,26.913,443.14,1.1874,0.1254,0.0,57.34,0.2035,122
17,168,cooling_degradation,27060.7,0.5101,4356.0,79.2,100.46,851.88,370.83,90.73,27.64,413.18,1.0971,0.0906,0.0,56.89,0.2046,121
17,169,cooling_degradation,27068.3,0.5099,4247.0,78.4,97.36,874.81,388.87,90.27,27.205,410.82,0.9841,0.1123,0.0,56.64,0.2062,120
17,170,cooling_degradation,27010.9,0.511,4435.0,71.2,99.01,852.95,382.62,95.78,26.025,432.85,1.1432,0.1377,0.0,59.19,0.2093,119
17,171,cooling_degradation,26748.0,0.5158,4315.0,69.2,99.68,856.83,376.61,92.84,26.357,450.83,1.1526,0.1242,0.0,60.2,0.2116,118
17,172,cooling_degradation,26808.9,0.5147,4273.0,77.0,101.29,867.41,377.51,94.03,27.822,427.44,1.0279,0.1199,0.0,72.58,0.2154,117
17,173,cooling_degradation,26526.9,0.5199,4417.0,80.5,97.75,863.27,388.52,96.57,27.259,400.93,1.0572,0.0897,0.0,60.45,0.2192,116
17,174,cooling_degradation,26482.8,0.5207,4403.0,81.2,102.84,854.45,384.66,95.14,27.877,406.13,1.083,0.1636,0.0,58.04,0.2243,115
17,175,cooling_degradation,26234.4,0.5254,4450.0,69.9,102.75,855.67,381.63,92.23,26.715,452.07,1.2621,0.1334,0.0,60.76,0.2299,114
17,176,cooling_degradation,26395.5,0.5224,4248.0,78.2,99.42,870.54,385.75,97.85,27.823,421.04,1.1465,0.1547,0.0,56.6,0.2302,113
17,177,cooling_degradation,26244.2,0.5252,4235.0,74.1,104.65,880.06,388.19,94.06,27.295,436.18,0.981,0.1256,0.0,52.5,0.2321,112
17,178,cooling_degradation,25861.8,0.5324,4444.0,68.2,101.3,876.5,371.82,94.52,26.325,456.63,1.0615,0.1193,0.0,60.15,0.2321,111
17,179,cooling_degradation,25951.7,0.5307,4182.0,71.4,101.12,872.75,375.69,93.48,26.674,442.24,1.2465,0.1108,0.0,73.76,0.2455,110
17,180,cooling_degradation,25936.5,0.531,4277.0,71.5,102.17,871.03,371.22,92.68,26.556,439.29,1.1566,0.1432,0.0,66.54,0.2455,109
17,181,cooling_degradation,25953.6,0.5307,4353.0,75.3,101.91,878.02,375.67,95.37,27.74,436.19,1.091,0.1536,0.0,59.7,0.2455,108
17,182,cooling_degradation,25513.3,0.539,4270.0,69.7,101.62,880.91,384.16,92.16,26.559,451.14,1.1748,0.1465,0.0,64.45,0.2521,107
17,183,cooling_degradation,25538.3,0.5386,4363.0,76.5,99.83,874.67,372.98,94.88,27.327,422.53,1.2836,0.1708,0.0,75.26,0.2521,106
17,184,cooling_degradation,25293.2,0.5433,4281.0,75.1,100.9,875.16,380.95,98.3,27.369,431.49,1.3896,0.1295,0.0,64.07,0.2564,105
17,185,cooling_degradation,25438.7,0.5405,4427.0,76.6,102.13,876.59,369.25,96.65,27.588,426.05,1.2134,0.1148,0.0,58.72,0.2575,104
17,186,cooling_degradation,25098.5,0.547,4393.0,71.5,102.94,881.41,372.57,95.64,27.023,447.15,1.2676,0.1337,0.0,63.9,0.2617,103
17,187,cooling_degradation,25142.4,0.5462,4367.0,74.6,103.97,864.94,375.87,93.13,26.779,424.71,1.2317,0.146,0.0,67.17,0.2663,102
17,188,cooling_degradation,24873.7,0.5514,4329.0,70.2,101.11,873.83,381.12,95.2,26.664,449.21,1.2572,0.1246,0.0,66.05,0.2663,101
17,189,cooling_degradation,24531.7,0.5581,4288.0,75.3,102.1,880.97,375.63,93.87,27.054,425.14,1.183,0.1311,0.0,71.85,0.2732,100
17,190,cooling_degradation,24633.8,0.5561,4342.0,72.5,101.17,862.81,381.55,98.49,26.272,428.9,1.391,0.1384,0.0,65.74,0.2805,99
17,191,cooling_degradation,24320.7,0.5622,4276.0,72.7,103.81,885.52,371.71,94.67,27.519,447.92,1.2401,0.1442,0.0,53.58,0.2811,98
17,192,cooling_degradation,24517.4,0.5584,4465.0,72.9,102.07,890.13,368.97,94.34,27.614,447.99,1.2266,0.1414,0.0,68.97,0.2957,97
17,193,cooling_degradation,24470.6,0.5593,4369.0,67.7,101.65,863.35,369.31,95.48,26.671,465.95,1.253,0.1429,0.0,68.63,0.2957,96
17,194,cooling_degradation,24138.9,0.5658,4298.0,76.4,102.64,879.97,358.4,94.35,28.144,435.66,1.3677,0.1514,0.0,68.31,0.2957,95
17,195,cooling_degradation,23789.8,0.5728,4444.0,73.0,100.03,878.54,370.55,96.39,27.375,443.52,1.2587,0.1541,0.0,62.37,0.2957,94
17,196,cooling_degradation,23729.0,0.574,4347.0,76.3,103.36,876.09,361.4,99.56,27.952,433.58,1.4359,0.1288,0.0,76.58,0.2957,93
17,197,cooling_degradation,23606.1,0.5765,4434.0,76.0,102.41,879.93,358.72,96.19,27.95,435.32,1.4005,0.1059,0.0,62.36,0.3089,92
17,198,cooling_degradation,23559.4,0.5774,4432.0,70.1,107.16,880.1,364.49,94.45,27.253,460.13,1.4339,0.1236,0.0,63.42,0.3147,91
17,199,cooling_degradation,23199.9,0.5847,4376.0,71.6,102.13,890.38,357.21,96.02,26.595,439.36,1.3369,0.1542,0.0,67.36,0.3167,90
17,200,cooling_degradation,23118.1,0.5864,4274.0,67.7,102.65,893.51,366.37,93.79,27.25,476.35,1.3207,0.1304,0.0,75.14,0.3167,89
17,201,cooling_degradation,22630.9,0.5964,4315.0,75.9,104.69,892.87,368.01,102.16,27.888,434.62,1.383,0.1514,0.0,75.69,0.3204,88
17,202,cooling_degradation,22742.3,0.5941,4565.0,73.1,104.56,881.8,344.95,100.2,27.281,441.44,1.3109,0.1478,0.0,72.88,0.3297,87
17,203,cooling_degradation,22397.5,0.6012,4317.0,72.7,104.96,895.38,360.74,99.1,27.581,449.16,1.4459,0.1505,0.0,74.21,0.3305,86
17,204,cooling_degradation,22350.9,0.6022,4335.0,71.1,103.08,893.91,358.51,98.19,27.427,456.23,1.4915,0.1601,0.0,63.56,0.3341,85
17,205,cooling_degradation,22004.0,0.6094,4322.0,69.0,101.88,865.49,366.27,96.44,26.941,462.33,1.3748,0.1753,0.0,61.97,0.3385,84
17,206,cooling_degradation,22034.1,0.6088,4294.0,75.6,107.95,905.12,368.91,96.75,27.728,433.95,1.5228,0.1552,0.0,69.8,0.3518,83
17,207,cooling_degradation,21878.1,0.6121,4392.0,77.7,104.72,897.3,347.97,96.59,27.689,421.8,1.488,0.1347,0.0,76.09,0.3518,82
17,208,cooling_degradation,21554.9,0.6189,4270.0,75.5,104.45,897.98,359.97,101.92,27.936,437.71,1.5759,0.1637,0.0,76.81,0.3584,81
17,209,cooling_degradation,21264.9,0.6251,4300.0,71.0,105.41,881.29,354.1,96.87,27.29,455.14,1.6299,0.173,0.0,68.28,0.3625,80
17,210,cooling_degradation,21283.3,0.6247,4369.0,72.5,102.27,909.11,353.86,96.14,27.339,446.09,1.5634,0.1139,0.0,67.81,0.3633,79
17,211,cooling_degradation,21230.7,0.6259,4335.0,74.5,103.74,901.57,364.55,97.21,27.111,430.9,1.5189,0.1469,0.0,79.24,0.3711,78
17,212,cooling_degradation,21082.7,0.629,4360.0,71.4,102.91,904.0,354.62,98.5,28.474,471.8,1.6259,0.1625,0.0,74.53,0.3731,77
17,213,cooling_degradation,20648.8,0.6384,4348.0,76.9,105.05,892.7,347.28,90.75,27.781,427.73,1.5704,0.1561,0.0,64.36,0.3857,76
17,214,cooling_degradation,20423.7,0.6434,4280.0,74.7,102.73,906.29,345.87,98.5,27.378,433.94,1.5454,0.1684,0.0,69.1,0.3857,75
17,215,cooling_degradation,19974.7,0.6532,4438.0,79.2,106.0,910.34,350.83,92.78,28.367,424.07,1.5402,0.1555,0.0,77.81,0.3932,74
17,216,cooling_degradation,20156.8,0.6492,4419.0,71.3,106.82,901.53,342.52,100.87,27.738,460.54,1.6055,0.1876,0.0,69.72,0.3961,73
17,217,cooling_degradation,19396.7,0.6662,4293.0,63.3,106.85,889.39,346.15,94.56,27.42,512.37,1.691,0.1711,0.0,71.11,0.4003,72
17,218,cooling_degradation,19706.9,0.6592,4379.0,70.7,106.1,905.48,346.24,96.63,27.944,467.9,1.5636,0.1376,0.0,72.34,0.412,71
17,219,cooling_degradation,19312.9,0.668,4321.0,69.2,105.75,897.79,350.63,94.42,28.036,479.43,1.5497,0.1885,0.0,81.53,0.4129,70
17,220,cooling_degradation,18722.5,0.6814,4415.0,70.7,104.88,901.02,339.89,101.9,27.27,456.19,1.557,0.1903,0.0,77.28,0.4147,69
17,221,cooling_degradation,18914.0,0.6771,4402.0,75.5,106.51,921.02,334.83,98.52,28.082,440.43,1.7756,0.1775,0.0,86.84,0.4273,68
17,222,cooling_degradation,18614.0,0.6839,4425.0,68.4,105.72,909.44,347.07,103.05,26.974,466.98,1.7337,0.1422,0.0,76.54,0.4299,67
17,223,cooling_degradation,18341.9,0.6902,4293.0,67.4,103.29,909.5,348.02,102.75,27.454,482.28,1.8471,0.1996,0.0,78.41,0.4385,66
17,224,cooling_degradation,18138.3,0.6949,4269.0,67.8,105.38,902.77,349.59,101.43,27.9,486.99,1.7138,0.1636,0.0,81.87,0.4467,65
17,225,cooling_degradation,17943.3,0.6995,4238.0,76.1,107.62,916.97,342.19,96.22,27.786,432.24,1.6726,0.1782,0.0,77.5,0.4514,64
17,226,cooling_degradation,17708.2,0.705,4511.0,68.1,104.93,913.89,324.33,99.52,28.586,496.72,1.9205,0.1763,0.0,73.34,0.4592,63
17,227,cooling_degradation,17253.4,0.7157,4404.0,70.1,104.9,908.25,331.42,101.92,27.823,469.44,1.7371,0.159,0.0,79.57,0.4592,62
17,228,cooling_degradation,17296.3,0.7147,4425.0,74.8,106.67,930.12,321.99,100.24,27.418,433.94,1.895,0.192,0.0,78.83,0.473,61
17,229,cooling_degradation,16938.0,0.7232,4264.0,71.1,103.76,928.35,336.79,98.76,28.21,469.58,1.741,0.1966,0.0,82.12,0.475,60
17,230,cooling_degradation,16990.1,0.722,4388.0,62.2,108.18,910.13,327.95,100.27,28.295,538.25,1.8729,0.1958,0.0,80.06,0.4783,59
17,231,cooling_degradation,16636.2,0.7305,4247.0,67.4,108.14,922.89,337.95,100.53,26.836,471.24,1.8575,0.1904,0.0,85.63,0.4819,58
17,232,cooling_degradation,16406.3,0.7361,4377.0,66.8,108.93,907.5,329.79,96.95,28.024,496.83,1.8012,0.1837,0.0,82.81,0.4952,57
17,233,cooling_degradation,16290.9,0.7389,4351.0,63.3,107.98,924.37,330.36,98.88,27.158,507.33,2.085,0.2296,0.0,76.98,0.5007,56
17,234,cooling_degradation,15871.4,0.7491,4332.0,67.0,106.55,931.46,325.99,101.46,27.776,490.51,1.8866,0.206,0.0,82.58,0.5077,55
17,235,cooling_degradation,15486.5,0.7586,4317.0,60.1,106.23,915.08,321.23,102.11,26.898,529.29,1.9187,0.1867,0.0,80.62,0.5182,54
17,236,cooling_degradation,14870.4,0.7741,4421.0,69.1,109.2,931.19,312.51,101.08,28.344,485.09,1.9807,0.2177,0.0,97.26,0.5295,53
17,237,cooling_degradation,15034.1,0.77,4319.0,68.1,109.45,931.54,327.43,99.77,27.809,483.57,1.8587,0.2161,0.0,87.89,0.5295,52
17,238,cooling_degradation,14999.7,0.7708,4431.0,65.8,106.94,954.66,319.67,100.4,28.298,509.17,2.0413,0.2241,0.0,91.88,0.5393,51
17,239,cooling_degradation,14614.6,0.7805,4347.0,62.3,106.87,951.69,313.71,99.39,27.235,517.11,2.0347,0.2128,0.0,88.56,0.5449,50
17,240,cooling_degradation,14143.0,0.7926,4372.0,71.8,108.9,939.75,328.21,100.82,28.155,464.05,2.1891,0.2029,0.0,98.78,0.5512,49
17,241,cooling_degradation,13965.0,0.7972,4383.0,65.8,109.31,930.53,322.76,102.88,26.977,485.4,2.1623,0.1903,0.0,83.99,0.5589,48
17,242,cooling_degradation,13608.0,0.8064,4378.0,70.6,110.91,943.7,309.05,106.35,29.288,490.75,2.0927,0.2118,0.0,87.76,0.5747,47
17,243,cooling_degradation,13470.9,0.81,4364.0,66.8,110.57,949.52,316.91,99.15,28.799,510.09,2.153,0.1902,0.0,97.56,0.5777,46
17,244,cooling_degradation,13080.6,0.8203,4479.0,71.4,109.65,931.06,307.39,104.24,29.205,483.89,2.4049,0.2316,0.0,90.08,0.5852,45
17,245,cooling_degradation,13103.6,0.8196,4418.0,68.7,111.49,927.81,311.66,102.6,28.804,496.49,2.1841,0.1954,0.0,89.53,0.5919,44
17,246,cooling_degradation,12634.8,0.8321,4197.0,67.1,109.67,936.91,320.27,98.85,27.898,492.07,2.362,0.2236,0.0,91.41,0.6024,43
17,247,cooling_degradation,12382.9,0.8388,4338.0,64.1,109.88,952.05,315.09,101.98,27.958,516.22,2.2652,0.2472,0.0,104.44,0.6087,42
17,248,cooling_degradation,11946.1,0.8506,4439.0,70.4,112.04,959.22,311.94,102.13,28.525,479.77,2.3005,0.2326,0.0,106.46,0.6249,41
17,249,cooling_degradation,11732.3,0.8564,4301.0,65.7,112.28,954.65,311.11,102.57,28.292,509.59,2.351,0.2374,0.0,98.61,0.6285,40
17,250,cooling_degradation,11344.9,0.867,4350.0,63.7,112.53,960.86,308.54,104.83,27.614,512.82,2.5441,0.2499,0.0,98.3,0.6369,39
17,251,cooling_degradation,11452.7,0.8641,4355.0,65.5,111.0,953.37,312.33,106.86,27.735,500.72,2.3429,0.254,0.0,102.03,0.6457,38
17,252,cooling_degradation,10883.7,0.8798,4446.0,65.7,111.7,955.52,293.51,105.76,27.713,498.93,2.5615,0.2682,0.0,101.21,0.6583,37
17,253,cooling_degradation,10703.9,0.8848,4287.0,68.3,110.42,963.2,298.13,103.69,28.252,489.21,2.6266,0.2603,0.0,100.58,0.6634,36
17,254,cooling_degradation,10165.6,0.8999,4296.0,59.9,113.25,971.33,305.91,104.07,27.817,549.35,2.5158,0.2585,0.0,98.16,0.6713,35
17,255,cooling_degradation,9930.0,0.9066,4380.0,72.6,111.32,969.74,288.29,107.81,28.562,465.79,2.6843,0.2155,0.0,98.35,0.6826,34
17,256,cooling_degradation,9792.8,0.9105,4371.0,66.7,109.49,965.23,289.21,101.76,28.529,506.51,2.7172,0.263,0.0,104.94,0.694,33
17,257,cooling_degradation,9498.1,0.919,4381.0,65.1,112.09,970.81,300.6,106.58,27.817,505.95,2.6288,0.2946,0.0,104.13,0.7048,32
17,258,cooling_degradation,9294.8,0.9248,4369.0,66.3,111.64,981.09,280.63,101.94,28.126,502.11,2.6451,0.2764,0.0,111.39,0.7116,31
17,259,cooling_degradation,9271.9,0.9255,4343.0,60.2,109.1,965.98,292.29,101.38,27.834,547.07,2.7492,0.2859,0.0,103.65,0.7216,30
17,260,cooling_degradation,8378.8,0.9516,4384.0,65.0,112.62,970.39,277.56,105.94,28.798,524.13,2.8207,0.2567,0.0,101.43,0.7339,29
17,261,cooling_degradation,8538.3,0.9469,4362.0,66.4,114.65,970.9,289.74,101.36,28.635,509.99,2.7824,0.2688,0.0,98.75,0.7339,28
17,262,cooling_degradation,8175.4,0.9576,4335.0,63.5,114.54,983.63,296.43,104.25,28.574,532.89,2.9309,0.2868,0.0,103.82,0.7517,27
17,263,cooling_degradation,7716.1,0.9714,4346.0,65.8,114.75,973.88,277.28,107.95,28.232,508.12,2.8591,0.2869,0.0,101.23,0.7602,26
17,264,cooling_degradation,7451.0,0.9793,4318.0,66.4,116.59,988.33,269.91,103.63,28.705,511.56,2.9008,0.2976,0.0,115.28,0.7727,25
17,265,cooling_degradation,7390.4,0.9812,4308.0,61.7,113.86,971.64,283.07,109.28,28.137,539.81,3.0234,0.2626,0.0,108.47,0.7844,24
17,266,cooling_degradation,6918.6,0.9955,4383.0,67.5,113.37,987.21,270.93,101.44,28.544,500.76,3.0993,0.2735,0.0,107.98,0.798,23
17,267,cooling_degradation,6584.3,1.0058,4272.0,63.4,115.9,987.48,278.61,108.11,28.754,536.96,3.1997,0.2645,0.0,114.5,0.8012,22
17,268,cooling_degradation,6179.2,1.0183,4391.0,69.1,116.03,1008.02,273.53,103.52,28.738,492.08,3.1881,0.2995,0.0,123.04,0.8144,21
17,269,cooling_degradation,5914.3,1.0266,4334.0,67.2,113.87,1002.9,275.62,106.12,28.876,508.8,3.2557,0.2938,0.0,112.14,0.8253,20
17,270,cooling_degradation,5559.7,1.0378,4344.0,64.3,115.81,993.58,272.97,107.18,28.682,527.92,3.2256,0.2974,0.0,109.72,0.8376,19
17,271,cooling_degradation,5576.5,1.0372,4339.0,60.5,117.1,992.44,267.9,106.38,28.124,550.3,3.2676,0.2905,0.0,114.26,0.847,18
17,272,cooling_degradation,5027.4,1.0547,4380.0,62.4,117.27,997.09,264.61,106.87,28.557,541.41,3.3434,0.294,0.0,108.96,0.8694,17
17,273,cooling_degradation,4666.4,1.0663,4439.0,65.6,118.17,996.92,256.45,104.65,28.784,519.12,3.4457,0.3133,0.0,121.56,0.8777,16
17,274,cooling_degradation,4571.6,1.0693,4458.0,60.8,116.24,1017.99,253.33,110.53,28.59,556.89,3.4755,0.3376,0.0,122.53,0.8849,15
17,275,cooling_degradation,4122.4,1.0839,4413.0,63.6,115.49,1003.66,254.82,105.53,28.242,525.72,3.5384,0.3512,0.0,118.77,0.8997,14
17,276,cooling_degradation,4175.7,1.0822,4355.0,63.8,116.53,1026.03,259.28,105.76,28.721,533.16,3.5655,0.3547,0.0,116.37,0.9108,13
17,277,cooling_degradation,3648.3,1.0995,4398.0,61.6,119.55,1015.17,247.16,108.31,29.3,562.78,3.6449,0.3182,0.0,135.28,0.9253,12
17,278,cooling_degradation,3370.9,1.1086,4229.0,59.3,120.06,1014.8,258.97,107.32,29.008,578.68,3.8277,0.307,0.0,118.04,0.9354,11
17,279,cooling_degradation,3068.9,1.1187,4386.0,66.4,118.54,1022.17,245.1,110.6,29.137,519.15,3.7674,0.3515,0.0,121.41,0.9463,10
17,280,cooling_degradation,2820.7,1.127,4373.0,62.9,121.45,1032.84,241.19,108.18,28.67,539.49,3.8677,0.3642,0.0,126.78,0.9624,9
17,281,cooling_degradation,2538.5,1.1366,4257.0,60.4,119.42,1019.33,254.25,109.63,29.1,570.18,3.9498,0.3528,0.0,132.65,0.9817,8
17,282,cooling_degradation,2133.0,1.1503,4315.0,58.8,119.02,1030.52,246.37,109.96,29.367,591.35,3.9223,0.3455,0.0,128.05,0.9867,7
17,283,cooling_degradation,1672.6,1.1662,4367.0,63.7,118.22,1033.34,239.97,112.11,29.956,556.76,4.0826,0.3399,0.0,130.92,1.0082,6
17,284,cooling_degradation,1498.1,1.1722,4373.0,60.6,120.52,1038.07,229.47,109.36,28.999,566.25,4.1012,0.3683,0.0,134.92,1.0206,5
17,285,cooling_degradation,1226.0,1.1817,4407.0,63.6,122.52,1037.19,229.9,107.3,29.003,539.8,4.0546,0.3711,0.0,148.9,1.032,4
17,286,cooling_degradation,668.1,1.2012,4450.0,57.7,123.26,1036.93,229.63,109.38,29.33,601.33,4.1955,0.3706,0.0,131.59,1.0498,3
17,287,cooling_degradation,293.0,1.2145,4341.0,61.2,123.3,1048.63,231.38,113.53,29.537,570.85,4.4655,0.3467,0.0,133.1,1.0628,2
17,288,cooling_degradation,122.5,1.2206,4282.0,58.7,122.63,1033.84,246.1,112.11,29.274,589.96,4.4378,0.3513,0.0,135.81,1.0705,1
18,0,bearing_wear,101.9,1.2214,4270.0,60.8,94.93,809.15,420.46,89.46,25.113,489.15,0.9034,0.0636,0.0025,41.06,0.0156,252
18,1,bearing_wear,727.8,1.1991,4347.0,57.9,98.29,810.23,421.5,91.34,26.124,534.38,0.7191,0.0307,0.0028,38.83,0.0164,251
18,2,bearing_wear,681.5,1.2008,4463.0,63.6,94.85,828.11,404.7,90.92,25.714,478.6,0.9077,0.06,0.0044,39.88,0.0213,250
18,3,bearing_wear,1130.2,1.185,4318.0,62.8,97.26,813.2,410.6,90.02,25.768,485.75,0.753,0.0602,0.0071,44.55,0.0278,249
18,4,bearing_wear,1071.8,1.187,4386.0,62.9,96.42,827.69,409.79,88.23,26.881,506.02,0.7482,0.0576,0.0071,40.7,0.0278,248
18,5,bearing_wear,1753.9,1.1634,4311.0,58.0,93.6,801.15,420.43,90.0,25.949,529.15,0.7042,0.0643,0.0071,41.74,0.0278,247
18,6,bearing_wear,2090.3,1.1518,4452.0,65.9,96.61,823.57,416.12,89.01,26.511,475.95,0.8419,0.055,0.0071,40.02,0.0278,246
18,7,bearing_wear,2593.2,1.1347,4352.0,55.9,94.72,810.52,414.31,90.23,26.109,552.61,0.768,0.0773,0.0071,50.65,0.0278,245
18,8,bearing_wear,2710.3,1.1308,4277.0,63.9,99.32,805.43,422.18,91.91,25.306,468.84,0.9199,0.0632,0.0071,49.05,0.0278,244
18,9,bearing_wear,2951.6,1.1226,4301.0,62.3,94.52,808.17,420.48,89.58,26.447,502.69,0.7422,0.0256,0.0071,35.14,0.0278,243
18,10,bearing_wear,3516.1,1.1038,4296.0,64.0,94.37,819.59,417.06,94.03,26.613,491.86,0.8747,0.0876,0.0078,42.65,0.0293,242
18,11,bearing_wear,3593.8,1.1013,4357.0,61.6,92.47,809.56,413.88,89.54,25.618,492.42,0.7191,0.0315,0.0078,38.57,0.0293,241
18,12,bearing_wear,4052.6,1.0862,4308.0,62.7,94.6,820.85,421.38,87.25,26.163,494.17,0.8986,0.0504,0.0078,36.41,0.0293,240
18,13,bearing_wear,4526.3,1.0708,4320.0,64.7,96.84,812.84,427.7,90.23,26.371,482.46,0.8255,0.1018,0.0078,26.65,0.0293,239
18,14,bearing_wear,4502.6,1.0715,4467.0,62.8,94.2,804.88,414.81,89.47,25.586,482.39,0.8395,0.0606,0.0078,41.01,0.0293,238
18,15,bearing_wear,5167.2,1.0502,4315.0,63.6,96.52,826.01,423.69,97.5,26.285,489.07,0.7874,0.0343,0.0078,41.4,0.0293,237
18,16,bearing_wear,5785.2,1.0307,4361.0,63.9,96.14,820.75,426.42,89.75,25.682,475.75,0.7829,0.0575,0.0078,49.42,0.0293,236
18,17,bearing_wear,5648.2,1.035,4334.0,69.9,94.3,806.98,411.35,87.61,27.334,462.73,0.8558,0.0612,0.0078,47.88,0.0293,235
18,18,bearing_wear,6128.1,1.0199,4347.0,58.7,95.56,821.04,419.07,90.67,25.69,517.81,0.9608,0.0548,0.0078,45.1,0.0293,234
18,19,bearing_wear,6658.7,1.0035,4390.0,67.6,94.35,821.22,421.46,90.26,26.384,462.05,0.7321,0.0406,0.0078,46.33,0.0293,233
18,20,bearing_wear,7031.5,0.9921,4218.0,65.2,97.04,815.62,426.95,88.26,25.365,460.2,0.7888,0.0252,0.0078,46.9,0.0293,232
18,21,bearing_wear,7255.6,0.9853,4359.0,65.0,93.02,815.84,410.67,91.31,26.163,476.08,0.7671,0.0275,0.0078,45.08,0.0293,231
18,22,bearing_wear,7555.6,0.9762,4327.0,60.4,96.85,827.39,411.07,91.72,26.216,513.52,0.6951,0.0352,0.0078,49.56,0.0293,230
18,23,bearing_wear,8167.0,0.9579,4361.0,67.9,94.68,822.94,423.99,90.75,25.817,450.17,0.6941,0.0767,0.0078,36.29,0.0293,229
18,24,bearing_wear,8285.1,0.9544,4338.0,61.2,96.02,829.01,417.13,90.13,25.579,494.7,0.7608,0.0266,0.0098,40.55,0.0332,228
18,25,bearing_wear,8427.4,0.9502,4338.0,69.2,96.56,825.7,416.44,89.93,25.983,444.44,0.7877,0.0541,0.0098,39.84,0.0332,227
18,26,bearing_wear,8935.6,0.9353,4368.0,63.3,96.06,820.84,413.25,89.42,25.453,475.76,0.9326,0.079,0.0098,40.23,0.0332,226
18,27,bearing_wear,9227.6,0.9268,4317.0,69.5,98.95,816.02,424.74,88.1,25.77,438.56,0.8985,0.064,0.0098,42.23,0.0332,225
18,28,bearing_wear,9510.8,0.9186,4468.0,63.2,95.22,820.15,413.97,93.63,26.318,493.05,0.7537,0.0794,0.0098,51.15,0.0332,224
18,29,bearing_wear,9651.6,0.9146,4292.0,62.7,93.81,826.98,415.65,95.56,25.373,479.12,0.8819,0.0393,0.0102,47.54,0.034,223
18,30,bearing_wear,10228.5,0.8982,4436.0,65.4,99.13,820.81,415.03,88.63,25.327,458.63,0.7561,0.0636,0.0102,49.18,0.034,222
18,31,bearing_wear,10641.1,0.8865,4276.0,63.6,96.42,834.77,418.67,89.47,25.721,478.69,0.813,0.0741,0.0102,42.67,0.034,221
18,32,bearing_wear,10988.7,0.8769,4334.0,65.3,96.1,828.28,419.9,88.52,26.056,472.36,0.846,0.0699,0.0102,42.44,0.034,220
18,33,bearing_wear,11198.6,0.871,4369.0,71.2,99.37,814.57,420.21,92.56,26.641,442.7,0.9933,0.0692,0.013,46.39,0.0388,219
18,34,bearing_wear,11521.4,0.8622,4294.0,64.7,94.03,817.0,423.23,88.75,25.661,469.59,0.846,0.0275,0.013,45.66,0.0388,218
18,35,bearing_wear,11749.3,0.8559,4290.0,67.0,95.88,827.44,405.66,92.17,25.922,457.72,0.7063,0.0648,0.013,45.65,0.0388,217
18,36,bearing_wear,12293.9,0.8412,4333.0,71.4,94.38,812.05,416.93,91.63,26.639,441.26,0.884,0.0612,0.013,55.09,0.0388,216
18,37,bearing_wear,12283.9,0.8415,4404.0,67.6,95.84,821.39,419.19,90.47,26.551,465.14,0.9155,0.0484,0.013,46.42,0.0388,215
18,38,bearing_wear,12695.7,0.8304,4355.0,70.4,93.87,816.27,408.45,93.5,26.856,451.58,0.8956,0.0393,0.013,39.56,0.0388,214
18,39,bearing_wear,12962.6,0.8234,4464.0,68.8,96.15,823.29,419.26,90.08,26.458,454.86,0.745,0.0604,0.013,39.98,0.0388,213
18,40,bearing_wear,13374.4,0.8125,4384.0,70.3,96.14,817.15,414.35,90.86,25.706,432.55,0.8381,0.032,0.0154,48.05,0.0427,212
18,41,bearing_wear,13893.5,0.799,4323.0,67.3,96.05,831.46,419.45,88.42,25.837,454.36,0.8268,0.0431,0.0154,47.66,0.0427,211
18,42,bearing_wear,13821.8,0.8009,4188.0,69.4,92.71,820.01,426.15,85.97,26.815,457.23,0.9697,0.0706,0.0154,48.73,0.0427,210
18,43,bearing_wear,14343.1,0.7875,4257.0,73.2,97.27,831.32,408.91,92.97,27.252,440.32,0.8775,0.0726,0.0154,46.44,0.0427,209
18,44,bearing_wear,14645.4,0.7798,4334.0,67.0,95.76,810.93,419.09,89.62,26.133,461.69,0.9655,0.0614,0.0154,38.64,0.0427,208
18,45,bearing_wear,14752.3,0.7771,4256.0,69.4,100.06,821.64,419.98,93.17,26.243,447.54,0.7714,0.0425,0.0154,51.52,0.0427,207
18,46,bearing_wear,15162.4,0.7667,4338.0,66.3,95.41,812.28,410.21,90.15,25.725,459.45,0.8108,0.0295,0.0154,50.55,0.0427,206
18,47,bearing_wear,15348.8,0.7621,4363.0,71.6,95.17,834.71,421.39,90.64,27.011,446.68,0.7852,0.0362,0.0154,41.91,0.0427,205
18,48,bearing_wear,15788.1,0.7512,4332.0,63.6,96.35,814.99,401.83,91.27,25.542,475.3,0.9065,0.0775,0.0154,45.67,0.0427,204
18,49,bearing_wear,16042.4,0.7449,4334.0,67.9,94.33,823.15,409.03,89.82,27.015,471.04,0.9218,0.0559,0.017,44.99,0.0451,203
18,50,bearing_wear,16570.5,0.7321,4467.0,71.9,98.03,828.7,414.74,87.67,26.441,435.01,0.8619,0.0499,0.017,42.2,0.0451,202
18,51,bearing_wear,16512.2,0.7335,4354.0,68.6,94.78,818.25,417.74,89.16,25.93,447.29,0.8382,0.0552,0.017,38.26,0.0451,201
18,52,bearing_wear,16880.7,0.7246,4342.0,63.8,95.0,812.8,408.61,89.05,25.284,468.7,0.8667,0.0659,0.0188,47.16,0.0476,200
18,53,bearing_wear,17127.4,0.7187,4290.0,67.0,97.62,826.47,409.33,90.97,26.097,460.62,0.7274,0.0322,0.022,37.23,0.0521,199
18,54,bearing_wear,17661.2,0.7061,4350.0,67.5,96.75,809.73,409.66,93.28,26.179,459.3,0.8051,0.043,0.022,41.71,0.0521,198
18,55,bearing_wear,17655.4,0.7062,4321.0,74.4,96.74,839.38,414.41,89.59,26.517,421.95,0.8116,0.0656,0.022,53.25,0.0521,197
18,56,bearing_wear,17864.4,0.7013,4458.0,72.2,94.41,826.45,403.16,90.84,26.514,434.8,0.837,0.0575,0.022,46.77,0.0521,196
18,57,bearing_wear,18147.7,0.6947,4384.0,72.6,97.9,815.97,409.0,91.52,27.093,441.55,0.7859,0.0748,0.022,46.6,0.0521,195
18,58,bearing_wear,18408.3,0.6887,4435.0,66.4,94.94,822.96,407.17,89.49,26.419,471.0,0.7722,0.068,0.0235,43.39,0.054,194
18,59,bearing_wear,18700.3,0.682,4363.0,70.2,93.9,831.62,408.32,91.85,26.481,446.24,0.7123,0.0375,0.0235,37.05,0.054,193
18,60,bearing_wear,18916.5,0.677,4425.0,75.0,97.05,822.86,404.57,93.28,27.147,428.24,0.8747,-0.0138,0.0235,46.93,0.054,192
18,61,bearing_wear,19301.6,0.6683,4290.0,73.2,96.17,812.94,406.98,91.87,26.213,423.93,0.7304,0.057,0.0235,47.36,0.054,191
18,62,bearing_wear,19355.8,0.6671,4365.0,69.1,96.22,826.28,409.45,91.06,26.634,456.15,0.9244,0.0325,0.0266,49.17,0.0578,190
18,63,bearing_wear,19885.5,0.6552,4298.0,73.1,97.6,835.39,412.67,89.48,26.867,434.89,0.8705,0.0636,0.0267,43.25,0.0579,189
18,64,bearing_wear,20050.4,0.6516,4324.0,67.0,96.14,828.41,405.8,90.95,26.829,473.66,0.917,0.0854,0.0278,43.29,0.0592,188
18,65,bearing_wear,20529.7,0.641,4352.0,68.4,93.99,830.47,411.67,89.68,25.766,445.51,0.7748,0.033,0.0278,48.17,0.0592,187
18,66,bearing_wear,20595.5,0.6396,4293.0,65.5,96.1,833.43,420.04,90.01,25.79,466.02,0.9952,0.0665,0.0278,39.04,0.0592,186
18,67,bearing_wear,20816.2,0.6348,4262.0,70.9,97.05,841.16,414.87,90.94,26.139,436.1,1.0237,0.071,0.0278,49.4,0.0592,185
18,68,bearing_wear,21295.3,0.6245,4409.0,73.3,97.02,809.2,408.85,90.87,26.813,432.94,0.8543,0.0612,0.032,44.97,0.0641,184
18,69,bearing_wear,21288.4,0.6246,4249.0,68.6,96.47,817.81,420.19,93.35,26.431,455.81,0.8834,0.0608,0.032,47.23,0.0641,183
18,70,bearing_wear,21417.0,0.6219,4451.0,71.4,100.36,831.12,403.95,90.11,26.733,443.33,0.8509,0.0127,0.032,57.31,0.0641,182
18,71,bearing_wear,21541.6,0.6192,4301.0,69.2,99.23,830.93,417.03,92.06,25.536,436.46,0.9325,0.0556,0.032,44.41,0.0641,181
18,72,bearing_wear,22109.2,0.6072,4384.0,70.1,94.99,817.16,393.38,90.39,27.026,456.25,0.9175,0.0544,0.0337,46.63,0.0659,180
18,73,bearing_wear,21956.0,0.6105,4388.0,68.9,94.73,822.67,402.77,89.5,26.456,454.73,0.7121,0.0755,0.0337,46.08,0.0659,179
18,74,bearing_wear,22148.8,0.6064,4284.0,75.8,98.8,846.3,405.51,92.54,27.003,421.44,0.7886,0.0738,0.0341,36.08,0.0664,178
18,75,bearing_wear,22358.5,0.602,4378.0,70.1,98.4,826.84,415.89,92.17,26.589,448.61,0.8862,0.0444,0.0341,49.03,0.0664,177
18,76,bearing_wear,22621.4,0.5966,4360.0,71.6,99.02,832.08,412.08,90.13,26.276,434.43,0.9166,0.0166,0.0341,34.29,0.0664,176
18,77,bearing_wear,22942.8,0.59,4388.0,70.9,96.14,844.36,399.66,85.08,26.691,445.78,0.8667,0.0227,0.0341,49.76,0.0664,175
18,78,bearing_wear,23095.4,0.5868,4423.0,73.5,96.57,832.1,399.32,93.57,26.672,429.53,0.719,0.0828,0.0341,42.52,0.0664,174
18,79,bearing_wear,23408.3,0.5805,4399.0,80.1,94.35,842.72,396.69,93.04,27.092,400.2,0.9095,0.0544,0.0419,43.0,0.0744,173
18,80,bearing_wear,23357.2,0.5815,4298.0,81.1,97.24,841.49,411.93,93.8,27.324,398.69,1.0109,0.027,0.0419,46.5,0.0744,172
18,81,bearing_wear,23577.5,0.5771,4342.0,72.2,96.05,829.77,408.93,93.9,26.551,435.25,0.6812,0.0295,0.0419,40.07,0.0744,171
18,82,bearing_wear,23915.2,0.5703,4301.0,74.2,95.84,830.32,407.3,91.52,26.168,417.36,0.9401,0.0605,0.0419,46.14,0.0744,170
18,83,bearing_wear,23927.7,0.57,4315.0,75.9,98.45,844.24,403.45,90.7,26.751,416.93,1.0142,0.0587,0.044,41.4,0.0765,169
18,84,bearing_wear,24044.4,0.5677,4379.0,76.9,96.83,835.21,405.33,87.95,27.532,423.65,0.9431,0.0894,0.044,40.43,0.0765,168
18,85,bearing_wear,24191.9,0.5648,4386.0,75.1,98.3,826.32,420.63,91.8,26.555,418.22,0.8612,0.0547,0.044,45.79,0.0765,167
18,86,bearing_wear,24582.9,0.5571,4385.0,76.6,96.91,843.82,402.92,90.63,26.904,415.42,0.9395,0.064,0.0441,53.01,0.0766,166
18,87,bearing_wear,24744.9,0.5539,4367.0,74.7,97.99,812.26,412.2,90.05,27.096,429.53,0.8666,0.0563,0.0486,50.88,0.0808,165
18,88,bearing_wear,24899.0,0.5509,4376.0,71.6,95.19,846.21,403.08,88.9,27.427,453.25,0.9169,0.0735,0.0486,44.55,0.0808,164
18,89,bearing_wear,25256.3,0.544,4323.0,76.9,95.69,834.73,413.37,89.56,26.794,412.41,0.8802,0.0923,0.0486,46.46,0.0808,163
18,90,bearing_wear,25272.5,0.5437,4431.0,74.1,97.89,835.24,405.47,88.96,26.243,419.2,0.8846,0.0763,0.0504,44.7,0.0824,162
18,91,bearing_wear,25376.7,0.5417,4390.0,74.8,99.75,836.18,403.69,93.64,27.043,428.12,0.8148,0.0969,0.0504,41.45,0.0825,161
18,92,bearing_wear,25724.4,0.535,4349.0,69.8,98.03,844.79,408.88,93.98,26.167,443.89,0.8458,0.0693,0.0561,42.64,0.0875,160
18,93,bearing_wear,25810.0,0.5334,4418.0,71.6,97.35,836.45,408.79,90.27,26.72,441.66,1.0129,0.0268,0.0561,49.2,0.0875,159
18,94,bearing_wear,25691.8,0.5356,4319.0,72.8,99.75,836.95,405.74,94.33,26.942,437.8,0.8429,0.0435,0.064,44.82,0.0942,158
18,95,bearing_wear,26060.1,0.5287,4357.0,75.6,97.18,830.92,402.34,92.09,26.676,417.39,0.736,0.0764,0.064,48.17,0.0942,157
18,96,bearing_wear,26330.4,0.5236,4404.0,79.5,96.32,834.76,405.09,94.82,26.991,401.75,1.1737,0.0551,0.064,43.37,0.0942,156
18,97,bearing_wear,26456.5,0.5212,4277.0,76.5,97.52,844.12,417.22,93.08,27.249,421.39,0.8576,0.06,0.064,52.43,0.0942,155
18,98,bearing_wear,26457.9,0.5212,4483.0,73.7,98.06,839.35,388.77,93.15,27.189,436.55,0.871,0.0437,0.064,51.67,0.0942,154
18,99,bearing_wear,26486.9,0.5207,4315.0,71.4,95.71,850.91,397.11,92.47,26.645,441.93,0.8672,0.0899,0.0698,56.67,0.0988,153
18,100,bearing_wear,26585.5,0.5188,4323.0,78.1,97.82,834.28,412.8,90.53,27.1,410.55,0.9006,0.0917,0.0698,55.7,0.0988,152
18,101,bearing_wear,26869.7,0.5136,4351.0,75.4,95.03,830.2,399.64,89.34,26.42,414.72,0.8386,0.0565,0.0698,44.28,0.0988,151
18,102,bearing_wear,26555.4,0.5194,4394.0,64.9,97.23,837.29,407.61,92.45,26.298,479.61,1.0235,0.0575,0.074,44.88,0.102,150
18,103,bearing_wear,27047.0,0.5103,4400.0,77.7,97.47,840.6,395.82,91.85,26.861,409.26,0.8883,0.0874,0.074,50.94,0.102,149
18,104,bearing_wear,26973.0,0.5117,4440.0,75.7,97.76,831.62,394.32,97.32,26.946,421.16,0.827,0.0839,0.0794,45.12,0.1061,148
18,105,bearing_wear,26907.5,0.5129,4346.0,68.2,94.85,833.29,408.06,93.62,27.03,469.07,0.6811,0.0303,0.0794,50.73,0.1061,147
18,106,bearing_wear,26956.9,0.512,4370.0,76.6,97.96,847.26,405.05,90.43,26.514,409.86,0.9982,0.0765,0.0794,47.82,0.1061,146
18,107,bearing_wear,26962.3,0.5119,4258.0,75.0,99.11,830.28,399.44,91.95,27.341,431.47,0.8754,0.0729,0.0794,54.13,0.1061,145
18,108,bearing_wear,27382.7,0.5042,4286.0,70.8,99.95,830.02,408.13,91.42,26.705,446.18,0.9432,0.0671,0.0816,54.42,0.1077,144
18,109,bearing_wear,27661.9,0.4991,4345.0,80.9,100.15,839.33,396.8,92.17,27.238,398.27,0.846,0.0471,0.0878,48.57,0.1122,143
18,110,bearing_wear,27370.0,0.5044,4371.0,76.2,98.05,837.58,401.69,89.66,26.623,413.62,0.9313,0.0481,0.0908,41.15,0.1144,142
18,111,bearing_wear,27383.8,0.5042,4347.0,73.4,101.76,848.5,400.43,94.13,26.923,433.85,0.9236,0.0037,0.0926,55.46,0.1156,141
18,112,bearing_wear,27755.9,0.4974,4381.0,72.6,96.9,837.28,397.32,91.52,27.628,450.51,0.9995,0.0525,0.0926,47.35,0.1156,140
18,113,bearing_wear,27650.1,0.4993,4347.0,74.4,97.05,856.55,395.68,93.7,25.862,411.48,0.9456,0.0274,0.0984,50.65,0.1196,139
18,114,bearing_wear,27875.4,0.4953,4336.0,74.5,98.17,835.22,389.89,91.18,26.107,414.67,0.8425,0.056,0.0984,50.08,0.1196,138
18,115,bearing_wear,27590.8,0.5004,4494.0,76.7,99.4,847.75,388.1,91.61,26.955,415.69,1.1257,0.0751,0.0995,52.75,0.1203,137
18,116,bearing_wear,27880.6,0.4952,4334.0,74.3,99.35,845.29,402.41,93.77,27.042,430.64,0.9836,0.0467,0.1133,48.53,0.1293,136
18,117,bearing_wear,28096.2,0.4913,4411.0,73.8,94.83,845.39,397.16,88.44,27.257,437.01,0.8733,0.0966,0.1133,46.05,0.1293,135
18,118,bearing_wear,27703.4,0.4984,4272.0,75.5,96.99,826.99,396.0,94.6,27.174,425.66,0.9676,0.1098,0.1166,52.59,0.1314,134
18,119,bearing_wear,27845.3,0.4958,4357.0,73.8,99.71,838.13,402.45,95.67,26.25,421.04,0.9926,0.0772,0.1248,56.41,0.1364,133
18,120,bearing_wear,27867.5,0.4954,4310.0,74.8,97.23,846.06,400.42,95.63,27.209,430.73,1.0,0.0847,0.1248,51.66,0.1364,132
18,121,bearing_wear,28058.1,0.492,4469.0,79.3,98.45,834.52,393.48,91.38,27.174,405.72,0.9954,0.0412,0.1295,51.9,0.1393,131
18,122,bearing_wear,28154.3,0.4903,4317.0,73.7,99.18,824.2,391.09,93.4,27.264,437.92,0.9868,0.0774,0.1303,46.65,0.1398,130
18,123,bearing_wear,27878.2,0.4952,4348.0,74.6,99.37,838.17,406.58,91.9,26.679,423.17,1.0406,0.0456,0.1303,55.15,0.1398,129
18,124,bearing_wear,28366.0,0.4866,4301.0,72.7,100.0,850.43,400.51,89.88,26.249,427.26,1.0306,0.0403,0.1351,55.77,0.1426,128
18,125,bearing_wear,28006.3,0.4929,4297.0,78.3,100.64,854.46,406.96,93.04,27.019,408.3,1.0329,0.0497,0.1359,52.34,0.1431,127
18,126,bearing_wear,27914.9,0.4946,4345.0,69.9,99.83,838.07,390.39,90.08,26.916,455.49,0.8429,0.0744,0.1471,48.58,0.1495,126
18,127,bearing_wear,28212.0,0.4893,4372.0,72.5,97.13,848.31,381.25,94.26,27.039,441.32,0.8528,0.0781,0.1534,54.18,0.153,125
18,128,bearing_wear,28012.3,0.4928,4413.0,77.1,99.86,855.63,384.48,94.7,27.171,416.85,0.9281,0.0775,0.1534,54.6,0.153,124
18,129,bearing_wear,27924.0,0.4944,4315.0,74.5,100.6,861.54,401.31,95.64,26.763,424.92,0.9717,0.0557,0.1534,53.57,0.153,123
18,130,bearing_wear,27883.8,0.4951,4314.0,77.6,99.74,863.49,387.75,94.15,27.152,413.92,0.9369,0.0825,0.1593,48.65,0.1563,122
18,131,bearing_wear,28261.0,0.4884,4427.0,74.4,101.02,859.12,397.63,92.32,27.607,439.18,0.9186,0.0669,0.1614,55.44,0.1574,121
18,132,bearing_wear,27772.6,0.4971,4446.0,72.9,99.55,847.74,382.64,92.86,27.963,453.69,1.0273,0.0853,0.1695,55.37,0.1617,120
18,133,bearing_wear,28062.3,0.4919,4345.0,74.6,99.11,853.44,393.56,93.57,27.226,432.05,0.9469,0.08,0.1778,57.05,0.1661,119
18,134,bearing_wear,27739.1,0.4977,4378.0,71.1,98.16,853.84,390.01,96.36,27.274,454.27,0.8351,0.0512,0.1884,54.76,0.1715,118
18,135,bearing_wear,27730.5,0.4979,4450.0,72.4,102.49,852.22,383.13,96.38,26.655,435.53,0.9187,0.0736,0.1884,61.86,0.1715,117
18,136,bearing_wear,27770.4,0.4972,4509.0,77.6,97.88,845.54,380.23,93.26,27.799,423.83,0.9786,0.0981,0.1884,55.43,0.1715,116
18,137,bearing_wear,27806.9,0.4965,4375.0,74.1,99.57,867.51,381.85,95.51,26.925,430.11,1.0176,0.1067,0.1993,62.9,0.177,115
18,138,bearing_wear,27440.6,0.5031,4395.0,74.7,99.08,860.11,398.24,92.54,26.603,421.22,1.1133,0.066,0.2024,57.18,0.1785,114
18,139,bearing_wear,27551.4,0.5011,4358.0,75.2,97.61,863.83,391.45,94.44,27.596,434.42,1.0762,0.0754,0.2024,50.28,0.1785,113
18,140,bearing_wear,27729.0,0.4979,4261.0,70.1,101.02,860.33,382.83,92.94,26.876,453.94,0.8878,0.0834,0.2093,60.55,0.1819,112
18,141,bearing_wear,27665.5,0.4991,4371.0,70.1,100.55,852.56,378.15,94.21,27.413,463.05,1.1736,0.1181,0.2187,54.95,0.1864,111
18,142,bearing_wear,27401.3,0.5038,4432.0,75.8,100.34,848.33,385.25,92.21,27.556,429.95,1.0548,0.1075,0.2323,55.13,0.1927,110
18,143,bearing_wear,27197.2,0.5076,4305.0,73.4,99.13,866.01,387.64,91.09,26.577,428.31,1.0849,0.0748,0.2412,62.9,0.1968,109
18,144,bearing_wear,27330.3,0.5051,4239.0,74.0,100.91,865.76,380.12,91.44,27.2,435.21,1.089,0.1102,0.2412,51.46,0.1968,108
18,145,bearing_wear,27343.2,0.5049,4385.0,76.4,99.7,863.95,398.8,95.11,26.918,416.81,1.0124,0.1261,0.2425,49.0,0.1974,107
18,146,bearing_wear,27161.4,0.5082,4245.0,71.7,101.0,878.29,372.42,91.88,27.529,454.16,1.1431,0.1097,0.2607,57.4,0.2055,106
18,147,bearing_wear,27256.7,0.5065,4256.0,72.8,102.44,857.07,385.82,93.43,27.121,440.95,0.9422,0.0899,0.2607,60.0,0.2055,105
18,148,bearing_wear,26913.0,0.5128,4252.0,73.4,96.74,860.48,387.99,95.99,26.876,433.44,1.2163,0.1254,0.2723,63.28,0.2105,104
18,149,bearing_wear,26659.1,0.5175,4230.0,75.4,101.96,866.04,384.58,96.48,26.454,415.23,1.1278,0.1131,0.2763,59.82,0.2122,103
18,150,bearing_wear,26666.8,0.5173,4413.0,73.3,104.11,860.23,383.88,92.37,27.619,446.18,1.1509,0.107,0.2859,48.21,0.2163,102
18,151,bearing_wear,26651.3,0.5176,4358.0,72.4,103.19,862.36,384.21,89.57,26.97,440.97,1.1687,0.1312,0.291,54.8,0.2184,101
18,152,bearing_wear,26436.4,0.5216,4473.0,79.3,101.98,877.74,374.77,92.92,27.446,409.59,1.1097,0.1185,0.3107,54.09,0.2265,100
18,153,bearing_wear,26350.8,0.5232,4394.0,74.3,102.65,861.79,377.45,94.93,27.443,437.23,1.2467,0.1202,0.3107,50.96,0.2265,99
18,154,bearing_wear,26455.7,0.5213,4474.0,76.1,99.61,863.81,376.65,95.93,27.012,420.29,1.0931,0.1376,0.3173,59.77,0.2292,98
18,155,bearing_wear,26068.1,0.5285,4311.0,68.6,101.43,871.09,378.85,92.38,26.339,454.36,1.0894,0.1159,0.3374,63.9,0.2371,97
18,156,bearing_wear,25864.5,0.5324,4372.0,70.1,100.84,856.67,368.02,91.21,27.113,457.73,1.1815,0.1028,0.3375,66.2,0.2372,96
18,157,bearing_wear,26056.4,0.5287,4274.0,75.7,100.48,870.25,387.06,93.01,27.011,422.54,1.069,0.1353,0.3481,64.19,0.2413,95
18,158,bearing_wear,25898.1,0.5317,4333.0,73.1,102.84,870.11,387.49,93.93,27.224,440.75,1.1507,0.1651,0.3667,59.56,0.2483,94
18,159,bearing_wear,25508.2,0.5391,4436.0,72.6,101.12,876.48,371.93,99.19,26.887,438.34,1.2227,0.0903,0.3732,67.98,0.2508,93
18,160,bearing_wear,25628.3,0.5369,4348.0,70.8,98.76,878.14,375.55,95.34,26.601,444.51,1.273,0.1544,0.387,61.98,0.2559,92
18,161,bearing_wear,25207.0,0.5449,4336.0,76.5,102.34,874.4,374.37,96.52,26.848,415.24,1.2237,0.1444,0.401,63.79,0.261,91
18,162,bearing_wear,25118.6,0.5466,4349.0,75.5,101.63,874.47,366.04,97.42,27.483,430.91,1.1544,0.1331,0.401,60.18,0.261,90
18,163,bearing_wear,24908.1,0.5507,4359.0,73.2,102.79,874.49,369.59,94.39,27.758,448.54,1.208,0.1335,0.4103,62.57,0.2643,89
18,164,bearing_wear,24847.7,0.5519,4359.0,74.1,101.22,873.43,377.06,95.55,27.773,443.64,1.1893,0.167,0.4192,61.97,0.2675,88
18,165,bearing_wear,24839.8,0.5521,4430.0,72.3,99.44,887.07,368.85,96.01,27.314,446.8,1.2543,0.169,0.4413,57.87,0.2753,87
18,166,bearing_wear,24630.7,0.5561,4307.0,71.1,100.73,881.57,382.61,96.85,27.823,462.97,1.2291,0.1402,0.4604,68.55,0.2818,86
18,167,bearing_wear,24299.3,0.5627,4338.0,71.5,100.81,887.89,375.25,95.38,27.064,447.78,1.2005,0.167,0.4604,66.2,0.2818,85
18,168,bearing_wear,24277.1,0.5631,4356.0,75.3,100.68,872.87,367.22,97.75,27.835,437.55,1.1934,0.1894,0.4637,69.44,0.2829,84
18,169,bearing_wear,24129.6,0.566,4296.0,71.7,101.45,888.8,376.15,97.93,27.107,447.34,1.1425,0.1786,0.4729,62.22,0.2861,83
18,170,bearing_wear,24035.5,0.5679,4323.0,73.0,103.6,882.2,368.06,95.32,27.118,439.79,1.3975,0.1388,0.4979,70.02,0.2944,82
18,171,bearing_wear,23762.2,0.5734,4396.0,71.4,100.62,887.57,354.4,97.55,27.665,458.46,1.3878,0.1919,0.5208,59.32,0.3018,81
18,172,bearing_wear,23631.4,0.576,4301.0,75.4,104.26,870.93,373.61,97.0,27.788,436.03,1.2576,0.1632,0.5508,70.73,0.3113,80
18,173,bearing_wear,23339.2,0.5819,4516.0,70.5,101.02,896.78,359.59,101.55,27.574,462.56,1.4079,0.1925,0.5508,71.4,0.3113,79
18,174,bearing_wear,23012.5,0.5885,4448.0,77.0,102.67,893.19,375.41,98.26,27.155,417.49,1.3923,0.1854,0.5903,63.92,0.3235,78
18,175,bearing_wear,22960.5,0.5896,4361.0,70.6,103.18,901.37,358.92,97.24,27.778,465.85,1.2855,0.2084,0.5903,74.7,0.3235,77
18,176,bearing_wear,22916.6,0.5905,4385.0,70.5,102.9,896.34,364.5,95.43,27.647,464.35,1.3177,0.1918,0.6058,77.33,0.3282,76
18,177,bearing_wear,22718.9,0.5946,4396.0,78.1,104.44,876.12,354.05,94.61,27.692,419.73,1.4055,0.1902,0.6248,67.18,0.3339,75
18,178,bearing_wear,21932.5,0.611,4384.0,68.8,103.32,900.01,353.92,97.73,27.527,473.79,1.4768,0.2175,0.6248,77.3,0.3339,74
18,179,bearing_wear,22201.6,0.6053,4356.0,71.7,103.43,892.32,373.29,93.4,27.935,460.87,1.4839,0.2208,0.6479,62.15,0.3407,73
18,180,bearing_wear,21817.1,0.6134,4515.0,74.8,100.21,898.39,338.2,100.15,27.398,433.7,1.405,0.2395,0.6623,70.36,0.3449,72
18,181,bearing_wear,21732.0,0.6152,4307.0,67.0,104.62,896.03,358.84,92.99,26.971,476.54,1.5149,0.2243,0.6993,58.92,0.3555,71
18,182,bearing_wear,21244.4,0.6256,4327.0,72.3,106.87,893.76,368.33,95.07,27.468,449.82,1.468,0.2058,0.7028,76.73,0.3565,70
18,183,bearing_wear,21158.7,0.6274,4354.0,66.8,103.5,890.28,345.82,99.29,26.392,467.89,1.4448,0.2587,0.7308,65.13,0.3643,69
18,184,bearing_wear,20753.3,0.6362,4389.0,71.4,105.35,902.45,349.5,97.3,27.704,459.47,1.5934,0.2794,0.7471,63.43,0.3688,68
18,185,bearing_wear,20696.4,0.6374,4471.0,77.2,103.44,895.77,351.7,97.99,28.332,434.14,1.565,0.2539,0.7922,75.6,0.381,67
18,186,bearing_wear,20616.6,0.6391,4350.0,63.9,106.13,896.01,345.07,96.24,27.398,507.08,1.5934,0.2751,0.7922,79.47,0.381,66
18,187,bearing_wear,20353.2,0.6449,4385.0,70.6,105.56,911.36,351.7,97.46,27.78,465.38,1.4783,0.2649,0.8094,72.68,0.3856,65
18,188,bearing_wear,20366.2,0.6446,4373.0,69.4,104.5,892.17,343.58,99.3,27.96,476.96,1.5574,0.3239,0.8513,76.37,0.3965,64
18,189,bearing_wear,19721.7,0.6589,4345.0,67.6,104.52,900.47,356.92,96.36,27.419,480.12,1.6789,0.2809,0.8696,84.92,0.4012,63
18,190,bearing_wear,19418.9,0.6657,4425.0,65.9,106.4,912.94,350.78,97.72,26.767,480.79,1.6239,0.305,0.9123,72.33,0.412,62
18,191,bearing_wear,19507.1,0.6637,4376.0,73.6,105.59,901.64,341.94,98.32,27.923,448.77,1.6386,0.27,0.9252,72.47,0.4153,61
18,192,bearing_wear,18787.4,0.68,4409.0,70.8,103.84,892.93,324.73,97.89,28.245,472.14,1.5918,0.351,0.9516,83.39,0.4218,60
18,193,bearing_wear,18816.5,0.6793,4332.0,64.5,103.6,891.07,347.36,100.11,27.52,505.03,1.7192,0.321,0.9866,79.86,0.4304,59
18,194,bearing_wear,18602.6,0.6842,4318.0,67.1,106.92,905.7,350.14,99.64,27.403,483.3,1.6348,0.3658,1.0098,86.36,0.436,58
18,195,bearing_wear,17917.5,0.7001,4329.0,68.1,105.09,925.21,345.12,98.67,27.956,485.54,1.7758,0.3381,1.0432,73.47,0.4439,57
18,196,bearing_wear,17834.5,0.702,4368.0,64.9,106.45,905.53,341.21,95.6,27.628,503.57,1.6889,0.3603,1.0722,71.62,0.4507,56
18,197,bearing_wear,17524.5,0.7093,4417.0,69.8,107.39,912.64,337.22,101.46,27.691,469.76,1.7648,0.3524,1.0897,73.76,0.4548,55
18,198,bearing_wear,17582.7,0.7079,4476.0,70.1,104.82,916.57,329.8,97.34,27.863,470.27,1.9227,0.3566,1.11,84.89,0.4595,54
18,199,bearing_wear,17087.1,0.7197,4360.0,69.9,105.37,927.21,331.13,102.95,27.714,469.01,1.8603,0.386,1.156,88.3,0.47,53
18,200,bearing_wear,16867.5,0.7249,4462.0,75.1,109.38,928.26,330.5,97.75,28.405,447.5,1.8101,0.3924,1.1651,87.84,0.472,52
18,201,bearing_wear,16384.9,0.7366,4388.0,66.1,106.6,918.18,330.47,100.18,27.297,488.83,1.9443,0.4066,1.2165,86.29,0.4835,51
18,202,bearing_wear,16223.3,0.7405,4310.0,67.3,108.97,926.77,338.28,101.12,27.895,490.25,1.8474,0.3981,1.2566,90.57,0.4923,50
18,203,bearing_wear,15941.6,0.7474,4357.0,67.0,111.53,933.16,324.32,99.71,28.138,496.83,1.8704,0.4566,1.3169,82.44,0.5053,49
18,204,bearing_wear,15740.2,0.7524,4396.0,71.0,108.22,914.31,324.22,100.8,28.137,468.9,1.9327,0.4182,1.3342,75.88,0.5089,48
18,205,bearing_wear,15437.4,0.7599,4401.0,70.5,106.92,927.27,324.54,99.89,28.161,472.52,2.0976,0.4754,1.4004,78.97,0.5228,47
18,206,bearing_wear,15411.8,0.7605,4321.0,64.7,108.5,918.76,322.64,104.32,27.758,507.37,2.1085,0.4587,1.4219,80.19,0.5273,46
18,207,bearing_wear,15000.7,0.7708,4329.0,72.3,108.1,926.81,318.08,100.99,28.406,464.85,1.9928,0.5122,1.4321,77.97,0.5294,45
18,208,bearing_wear,14333.7,0.7877,4330.0,65.1,108.89,937.93,327.18,100.69,27.674,503.1,2.0692,0.5506,1.5154,82.36,0.5463,44
18,209,bearing_wear,14453.8,0.7846,4338.0,70.2,110.08,927.53,313.55,101.58,28.102,473.59,2.1554,0.554,1.5575,85.29,0.5546,43
18,210,bearing_wear,14132.0,0.7929,4368.0,69.9,110.27,955.58,320.87,103.37,27.776,470.39,2.3184,0.5339,1.5609,93.01,0.5553,42
18,211,bearing_wear,13706.8,0.8039,4463.0,68.5,106.42,945.26,315.29,102.21,28.004,483.59,2.1635,0.5608,1.6437,92.91,0.5715,41
18,212,bearing_wear,13539.0,0.8082,4325.0,66.2,111.49,936.62,325.51,102.02,27.209,486.51,2.3342,0.5936,1.7025,99.99,0.5828,40
18,213,bearing_wear,13263.9,0.8154,4252.0,66.1,110.11,940.19,334.47,98.79,28.016,501.76,2.2435,0.5976,1.7025,86.25,0.5828,39
18,214,bearing_wear,12701.0,0.8303,4248.0,68.3,109.12,934.49,326.74,104.19,28.422,492.56,2.3327,0.6316,1.7613,95.31,0.5939,38
18,215,bearing_wear,12279.3,0.8416,4399.0,68.3,111.48,936.42,304.21,102.89,28.202,488.97,2.4038,0.6636,1.8457,101.44,0.6095,37
18,216,bearing_wear,12233.5,0.8428,4317.0,68.6,108.96,946.72,309.61,101.43,28.642,493.84,2.3606,0.6288,1.8804,92.87,0.6158,36
18,217,bearing_wear,11711.0,0.857,4366.0,68.5,109.4,963.45,308.09,103.27,28.85,498.64,2.4005,0.7162,1.9628,94.54,0.6307,35
18,218,bearing_wear,11555.7,0.8612,4308.0,67.2,112.7,942.95,307.31,105.56,28.262,497.74,2.4184,0.73,2.0103,104.43,0.6391,34
18,219,bearing_wear,11041.3,0.8754,4341.0,70.2,111.47,967.75,305.15,104.41,28.087,473.23,2.501,0.7296,2.0664,96.63,0.649,33
18,220,bearing_wear,11022.3,0.8759,4330.0,64.0,113.99,955.8,310.19,107.14,28.589,528.43,2.6121,0.753,2.132,106.6,0.6603,32
18,221,bearing_wear,10439.8,0.8922,4309.0,65.8,110.72,961.07,303.75,105.05,28.63,515.06,2.6407,0.7846,2.1585,92.43,0.6649,31
18,222,bearing_wear,10197.9,0.899,4424.0,63.8,112.49,961.45,300.49,99.68,28.378,526.34,2.6797,0.8169,2.2304,109.03,0.6771,30
18,223,bearing_wear,9862.5,0.9085,4429.0,72.6,113.09,975.35,284.82,106.42,28.58,465.64,2.6156,0.8356,2.3359,108.81,0.6947,29
18,224,bearing_wear,9364.1,0.9228,4388.0,67.4,113.21,976.24,295.75,100.49,28.643,502.74,2.624,0.8695,2.361,98.11,0.6988,28
18,225,bearing_wear,9409.7,0.9215,4473.0,68.0,113.93,969.44,275.81,106.99,28.455,495.26,2.6659,0.9125,2.4563,102.75,0.7144,27
18,226,bearing_wear,9110.4,0.9302,4271.0,66.1,113.87,975.95,301.28,106.21,28.2,504.76,2.775,0.946,2.503,98.76,0.7219,26
18,227,bearing_wear,8564.5,0.9461,4337.0,64.4,113.45,983.61,288.36,107.99,28.571,524.77,2.8777,0.9532,2.5648,103.39,0.7317,25
18,228,bearing_wear,8139.2,0.9587,4329.0,72.4,110.8,986.15,279.61,105.74,28.557,466.56,2.8035,0.9453,2.6352,99.04,0.7428,24
18,229,bearing_wear,7883.9,0.9663,4393.0,67.9,115.42,977.7,280.06,105.76,29.034,506.11,2.903,1.0374,2.7419,99.44,0.7594,23
18,230,bearing_wear,7507.6,0.9776,4274.0,63.1,110.91,980.22,287.9,107.95,28.607,536.51,3.0298,1.04,2.836,103.37,0.7738,22
18,231,bearing_wear,7243.5,0.9856,4390.0,63.1,112.87,976.04,270.05,103.32,28.482,534.46,2.9942,1.0858,2.9015,115.71,0.7836,21
18,232,bearing_wear,6862.5,0.9972,4263.0,64.4,113.96,1001.73,276.41,105.99,28.63,526.37,3.055,1.111,2.9808,102.29,0.7955,20
18,233,bearing_wear,6434.3,1.0104,4395.0,61.9,116.58,990.27,271.21,105.62,28.098,537.22,3.196,1.1737,3.0384,119.22,0.804,19
18,234,bearing_wear,6400.3,1.0115,4419.0,62.3,115.3,980.4,274.41,105.55,28.204,535.79,3.1795,1.1926,3.1507,118.4,0.8203,18
18,235,bearing_wear,5857.7,1.0284,4282.0,58.6,118.78,986.06,261.74,105.54,29.128,588.28,3.1797,1.2774,3.2458,121.65,0.834,17
18,236,bearing_wear,5837.8,1.029,4328.0,55.8,114.14,992.38,272.44,107.2,28.241,599.11,3.2897,1.2668,3.3173,117.7,0.8442,16
18,237,bearing_wear,5221.2,1.0485,4421.0,68.7,115.03,1014.66,260.34,108.67,28.569,492.0,3.3942,1.307,3.4421,125.8,0.8617,15
18,238,bearing_wear,4801.4,1.0619,4434.0,61.1,113.55,1000.87,265.82,110.42,29.085,563.47,3.6063,1.375,3.5172,111.31,0.8721,14
18,239,bearing_wear,4475.7,1.0724,4264.0,61.5,115.58,1010.71,267.58,107.17,28.385,546.13,3.5945,1.4059,3.626,126.67,0.8869,13
18,240,bearing_wear,4118.1,1.084,4373.0,62.4,116.79,1004.53,264.73,107.36,29.144,552.34,3.8088,1.5202,3.7574,136.63,0.9047,12
18,241,bearing_wear,3811.8,1.0941,4389.0,64.1,120.37,1019.97,255.16,102.79,29.663,547.33,3.5458,1.5404,3.8848,121.62,0.9216,11
18,242,bearing_wear,3515.2,1.1039,4349.0,64.2,120.1,1028.42,244.82,111.65,29.041,535.38,3.809,1.6293,3.9948,123.96,0.936,10
18,243,bearing_wear,2966.7,1.1221,4436.0,64.8,119.14,1026.81,248.54,106.2,29.66,541.95,3.8682,1.6367,4.0716,120.53,0.9459,9
18,244,bearing_wear,2634.7,1.1333,4317.0,63.2,118.74,1003.85,251.76,110.22,29.458,551.44,3.8272,1.7144,4.2059,127.02,0.9632,8
18,245,bearing_wear,2557.4,1.1359,4325.0,60.5,120.74,1024.37,241.41,110.16,29.685,580.64,3.8674,1.7565,4.3297,129.02,0.9788,7
18,246,bearing_wear,2169.3,1.1491,4310.0,64.9,121.9,1022.77,240.23,111.87,29.608,539.77,4.0322,1.8755,4.4549,117.68,0.9944,6
18,247,bearing_wear,1507.9,1.1719,4365.0,60.4,119.37,1037.5,223.73,108.42,28.943,567.1,4.0162,1.862,4.5715,133.85,1.0088,5
18,248,bearing_wear,1474.1,1.173,4334.0,63.8,120.02,1038.74,240.57,111.72,28.597,530.09,4.046,1.9035,4.733,138.11,1.0284,4
18,249,bearing_wear,1173.0,1.1835,4402.0,55.9,120.44,1050.27,229.95,114.04,28.677,606.65,4.0762,2.0137,4.8218,129.11,1.0391,3
18,250,bearing_wear,735.9,1.1988,4329.0,64.3,118.88,1041.4,228.3,111.55,29.345,540.28,4.1439,2.0511,4.9484,132.75,1.0542,2
18,251,bearing_wear,100.9,1.2214,4340.0,57.5,123.82,1045.97,221.27,109.76,29.612,609.33,4.3883,2.1671,5.1308,141.04,1.0756,1
19,0,injector_drift,111.5,1.221,4298.0,63.4,93.04,822.72,423.5,89.06,26.115,487.13,0.8492,0.0598,0.0,37.76,0.0179,261
19,1,injector_drift,379.9,1.2114,4352.0,57.8,96.43,807.68,414.07,89.18,25.575,524.0,0.8375,0.0435,0.0,36.6,0.0253,260
19,2,injector_drift,1024.2,1.1887,4340.0,58.7,94.46,819.62,419.39,87.35,25.481,513.55,0.7632,0.0798,0.0,48.85,0.0253,259
19,3,injector_drift,991.6,1.1898,4215.0,64.1,95.14,822.19,414.34,90.7,26.365,486.41,0.8346,0.0599,0.0,39.27,0.0268,258
19,4,injector_drift,1267.5,1.1802,4388.0,65.3,96.33,832.33,412.05,92.42,26.248,475.64,0.7387,0.0321,0.0,44.67,0.0268,257
19,5,injector_drift,1721.2,1.1645,4291.0,50.3,97.07,807.15,422.61,93.07,24.93,586.11,0.9246,0.0551,0.0,44.07,0.0268,256
19,6,injector_drift,2037.8,1.1536,4317.0,64.7,96.3,816.38,420.26,88.42,25.558,467.63,0.8805,0.0403,0.0,47.64,0.0268,255
19,7,injector_drift,2601.2,1.1344,4353.0,54.3,93.69,816.51,414.98,89.58,25.281,551.1,0.7381,0.0572,0.0,46.08,0.0268,254
19,8,injector_drift,2929.0,1.1234,4373.0,61.3,95.89,816.67,415.94,89.05,25.52,493.05,0.9242,0.0815,0.0,40.87,0.0268,253
19,9,injector_drift,2917.9,1.1238,4377.0,57.5,96.52,803.51,420.32,88.92,25.233,519.65,0.8296,0.0565,0.0,36.09,0.0268,252
19,10,injector_drift,3333.3,1.1099,4397.0,60.2,94.63,824.09,417.14,89.94,26.003,511.53,0.7237,0.0462,0.0,46.87,0.0268,251
19,11,injector_drift,3592.3,1.1013,4202.0,62.3,94.53,829.83,411.31,90.58,26.282,499.29,0.9074,0.0684,0.0,48.52,0.0268,250
19,12,injector_drift,3899.5,1.0912,4379.0,63.8,95.69,819.0,413.68,89.96,25.895,480.7,0.9455,0.0509,0.0,54.73,0.0268,249
19,13,injector_drift,3874.4,1.092,4351.0,66.6,96.69,809.28,415.05,87.77,26.093,463.48,0.7945,0.0705,0.0,47.41,0.028,248
19,14,injector_drift,4949.4,1.0572,4317.0,58.5,94.97,814.49,409.12,92.5,25.311,512.2,0.8442,0.0663,0.0,39.32,0.028,247
19,15,injector_drift,4927.5,1.0579,4366.0,66.2,96.19,811.96,407.84,90.92,25.642,458.66,0.8139,0.0387,0.0,39.97,0.028,246
19,16,injector_drift,5292.3,1.0462,4405.0,62.0,93.93,815.1,421.19,91.35,26.138,498.62,0.8613,0.0335,0.0,32.13,0.028,245
19,17,injector_drift,6105.1,1.0206,4297.0,62.3,96.23,818.77,413.24,91.46,25.326,481.26,0.8785,0.0523,0.0,38.46,0.028,244
19,18,injector_drift,5923.1,1.0263,4434.0,68.3,93.1,825.56,408.22,91.79,25.95,449.46,0.8938,0.0679,0.0,36.17,0.028,243
19,19,injector_drift,6320.4,1.0139,4419.0,65.9,96.3,830.36,406.73,90.87,25.793,462.99,0.6671,0.0943,0.0,45.46,0.028,242
19,20,injector_drift,6715.7,1.0017,4372.0,58.5,97.19,820.93,415.93,88.94,25.787,521.4,0.7754,0.0377,0.0,47.51,0.0302,241
19,21,injector_drift,7053.2,0.9914,4277.0,63.5,95.63,809.94,419.91,93.64,25.838,481.41,0.894,0.0401,0.0,54.01,0.0302,240
19,22,injector_drift,7235.5,0.9859,4479.0,61.7,96.74,823.21,419.51,91.91,25.583,490.83,0.762,0.08,0.0,58.26,0.0314,239
19,23,injector_drift,7821.5,0.9682,4367.0,62.8,96.29,816.15,410.17,88.84,26.423,497.97,0.8461,0.0644,0.0,44.12,0.032,238
19,24,injector_drift,8000.8,0.9628,4359.0,63.9,93.86,817.59,416.94,88.87,26.597,492.74,0.745,0.057,0.0,39.96,0.032,237
19,25,injector_drift,8316.0,0.9535,4357.0,65.8,94.16,819.84,402.58,94.62,26.218,471.28,0.8725,0.074,0.0,40.92,0.032,236
19,26,injector_drift,8519.4,0.9475,4383.0,60.9,95.38,818.54,404.08,90.31,25.821,502.15,0.8213,0.0853,0.0,39.42,0.032,235
19,27,injector_drift,8920.9,0.9357,4406.0,64.1,95.7,827.2,419.45,89.28,25.758,475.37,0.8666,0.0813,0.0,54.6,0.032,234
19,28,injector_drift,9405.4,0.9217,4348.0,63.8,94.75,822.9,420.95,89.58,25.931,481.18,0.8499,0.0465,0.0,29.03,0.032,233
19,29,injector_drift,9723.3,0.9125,4275.0,66.3,94.14,811.05,420.34,91.57,25.613,457.29,0.7073,0.0698,0.0,51.12,0.0336,232
19,30,injector_drift,9828.2,0.9095,4412.0,65.1,91.69,807.98,417.58,89.72,26.422,480.02,0.9875,0.0837,0.0,38.37,0.0338,231
19,31,injector_drift,10091.0,0.902,4301.0,68.3,98.5,826.81,409.88,90.95,26.163,453.45,0.7154,0.0553,0.0,41.1,0.034,230
19,32,injector_drift,10652.0,0.8862,4290.0,66.4,98.54,824.99,426.82,95.3,25.829,460.26,1.0189,0.0686,0.0,30.16,0.034,229
19,33,injector_drift,10877.0,0.88,4346.0,67.6,94.72,831.37,407.87,87.54,26.043,455.83,0.6472,0.0494,0.0,48.33,0.034,228
19,34,injector_drift,11273.3,0.869,4323.0,66.7,93.91,820.79,416.57,89.94,26.414,468.88,0.8287,0.0431,0.0,47.34,0.0375,227
19,35,injector_drift,11304.8,0.8681,4373.0,62.7,98.24,821.83,428.75,90.87,25.79,486.88,0.7106,0.0705,0.0,37.91,0.0375,226
19,36,injector_drift,11753.7,0.8558,4384.0,65.2,92.89,824.65,406.25,87.22,25.727,467.14,0.9525,0.0807,0.0,48.91,0.0375,225
19,37,injector_drift,12193.8,0.8439,4322.0,64.5,97.61,808.04,422.76,91.78,25.163,462.0,0.7421,0.0775,0.0,47.95,0.0375,224
19,38,injector_drift,12258.4,0.8422,4357.0,68.9,97.03,809.8,418.69,92.54,26.234,450.59,0.7356,0.0355,0.0,40.72,0.0375,223
19,39,injector_drift,12949.8,0.8237,4321.0,69.3,95.55,828.8,411.51,87.97,26.442,451.28,0.8259,0.0885,0.0,33.11,0.0375,222
19,40,injector_drift,13210.8,0.8168,4396.0,66.7,98.16,824.55,423.5,90.59,25.937,460.19,0.9376,0.0739,0.0,42.28,0.0375,221
19,41,injector_drift,13233.5,0.8162,4379.0,67.5,95.14,833.32,405.88,91.16,25.875,453.36,0.9241,0.0856,0.0,48.8,0.0399,220
19,42,injector_drift,13530.4,0.8085,4393.0,62.5,97.38,834.79,410.45,91.95,25.441,481.53,0.8077,0.0445,0.0,39.02,0.0399,219
19,43,injector_drift,13902.0,0.7988,4333.0,66.3,95.76,819.5,417.52,96.14,25.964,463.79,0.7999,0.0799,0.0,49.0,0.0399,218
19,44,injector_drift,14171.2,0.7919,4365.0,60.1,94.29,815.99,411.47,89.32,25.298,498.38,0.8672,0.0759,0.0,39.29,0.0399,217
19,45,injector_drift,14617.7,0.7805,4381.0,70.2,99.2,813.01,429.94,91.87,25.901,436.88,0.8208,0.0379,0.0,43.14,0.0399,216
19,46,injector_drift,14591.1,0.7811,4395.0,74.6,95.08,830.21,403.02,90.54,26.422,419.3,0.832,0.072,0.0,39.91,0.0399,215
19,47,injector_drift,14878.3,0.7739,4390.0,66.4,95.57,806.28,419.92,90.27,26.892,478.99,0.8175,0.0436,0.0,44.68,0.0433,214
19,48,injector_drift,15332.9,0.7625,4343.0,68.9,97.44,816.2,399.0,90.9,27.218,467.65,0.8777,0.0646,0.0,48.0,0.0433,213
19,49,injector_drift,15647.7,0.7547,4281.0,69.6,98.08,826.79,398.31,91.69,26.798,455.7,0.8649,0.1106,0.0,52.05,0.0433,212
19,50,injector_drift,15847.0,0.7497,4380.0,65.1,94.23,816.8,411.02,90.89,26.314,478.49,0.9505,0.0701,0.0,44.94,0.0433,211
19,51,injector_drift,16263.4,0.7395,4377.0,68.2,98.38,823.27,415.27,91.42,25.471,441.69,0.7779,0.062,0.0,36.1,0.0433,210
19,52,injector_drift,16608.5,0.7312,4284.0,70.2,96.21,822.97,424.45,90.71,27.433,462.54,0.7771,0.0346,0.0,47.06,0.0433,209
19,53,injector_drift,16787.4,0.7268,4401.0,69.4,96.11,815.5,419.19,89.01,26.477,451.24,0.8221,0.0703,0.0,42.47,0.044,208
19,54,injector_drift,17000.6,0.7217,4359.0,69.3,96.09,808.67,412.09,92.61,25.884,442.29,0.8175,0.0627,0.0,42.73,0.048,207
19,55,injector_drift,17179.5,0.7175,4342.0,68.3,96.31,830.33,414.73,93.01,27.343,473.54,0.9027,0.0255,0.0,44.85,0.048,206
19,56,injector_drift,17487.8,0.7102,4363.0,66.9,94.0,822.6,412.17,92.92,26.144,462.37,0.7493,0.0439,0.0,47.12,0.048,205
19,57,injector_drift,17533.6,0.7091,4406.0,71.5,96.95,829.05,417.72,92.31,26.794,443.28,0.9353,0.0835,0.0,42.25,0.048,204
19,58,injector_drift,17819.6,0.7024,4444.0,74.9,96.67,827.7,399.15,89.42,26.54,419.21,0.8116,0.0917,0.0,47.28,0.0487,203
19,59,injector_drift,18443.7,0.6879,4347.0,63.8,95.79,821.98,407.41,89.07,26.223,486.7,0.9289,0.0674,0.0,46.4,0.0487,202
19,60,injector_drift,18772.2,0.6803,4336.0,63.5,96.65,823.74,417.07,92.81,26.252,489.59,1.0368,0.0862,0.0,47.29,0.0487,201
19,61,injector_drift,18555.8,0.6853,4386.0,66.4,96.13,823.18,415.07,88.64,26.512,472.46,0.9204,0.0677,0.0,49.11,0.0524,200
19,62,injector_drift,19091.5,0.673,4270.0,68.9,96.43,824.11,421.96,89.76,26.842,461.31,0.8927,0.0531,0.0,34.04,0.0563,199
19,63,injector_drift,19026.9,0.6745,4402.0,69.5,97.17,819.11,406.86,95.42,26.431,449.87,0.932,0.1123,0.0,43.1,0.0563,198
19,64,injector_drift,19746.1,0.6583,4269.0,70.8,96.21,847.66,410.94,92.14,26.531,443.29,0.8192,0.04,0.0,44.3,0.0563,197
19,65,injector_drift,19736.8,0.6585,4268.0,70.8,95.49,836.8,417.42,91.53,26.441,442.01,0.8689,0.078,0.0,44.22,0.0607,196
19,66,injector_drift,20354.8,0.6449,4443.0,70.3,97.8,840.42,397.83,87.51,26.012,437.97,0.7941,0.0565,0.0,41.13,0.0607,195
19,67,injector_drift,20116.1,0.6501,4225.0,74.6,95.05,840.83,425.32,89.87,26.329,417.43,0.7992,0.0654,0.0,42.2,0.0607,194
19,68,injector_drift,20366.9,0.6446,4428.0,68.2,98.23,825.21,402.14,92.89,26.18,454.45,0.8725,0.1013,0.0,48.07,0.0607,193
19,69,injector_drift,20732.1,0.6366,4444.0,73.8,96.18,829.1,402.49,88.28,27.15,435.39,0.8572,0.0709,0.0,47.89,0.0621,192
19,70,injector_drift,21033.6,0.6301,4370.0,77.2,98.02,832.26,412.31,92.05,27.035,414.69,0.884,0.0635,0.0,45.75,0.0621,191
19,71,injector_drift,21242.5,0.6256,4386.0,66.9,98.84,824.2,402.65,88.48,26.194,463.34,0.8602,0.0591,0.0,40.57,0.0621,190
19,72,injector_drift,21486.6,0.6204,4256.0,65.6,96.59,833.47,406.65,89.99,26.047,470.01,0.8269,0.0812,0.0,49.89,0.0621,189
19,73,injector_drift,21523.3,0.6196,4320.0,72.1,98.0,823.2,417.22,88.09,26.077,427.99,0.9234,0.051,0.0,49.52,0.0621,188
19,74,injector_drift,21918.5,0.6112,4372.0,73.6,97.64,821.93,401.49,91.43,26.274,422.45,0.8001,0.0719,0.0,51.15,0.0621,187
19,75,injector_drift,22314.6,0.6029,4370.0,71.9,96.97,819.23,409.4,87.84,26.592,437.79,0.8696,0.0673,0.0,41.68,0.0621,186
19,76,injector_drift,22308.4,0.6031,4377.0,65.5,97.61,824.0,407.47,91.09,26.154,472.48,0.9423,0.0546,0.0,63.8,0.0629,185
19,77,injector_drift,22269.5,0.6039,4370.0,66.9,96.36,824.2,395.75,92.6,26.558,469.56,0.9109,0.0425,0.0,47.03,0.0659,184
19,78,injector_drift,22656.9,0.5958,4351.0,70.6,99.25,824.85,401.79,91.72,26.379,442.31,0.8519,0.0718,0.0,42.15,0.0659,183
19,79,injector_drift,22496.7,0.5992,4277.0,73.5,97.01,832.7,413.27,92.32,26.878,433.02,0.715,0.0648,0.0,58.15,0.0695,182
19,80,injector_drift,23089.8,0.587,4371.0,71.2,95.79,821.6,413.82,91.84,25.906,430.29,0.8315,0.0767,0.0,50.0,0.0695,181
19,81,injector_drift,22925.2,0.5903,4282.0,73.1,96.24,837.82,406.28,91.21,26.248,425.19,1.0289,0.0289,0.0,47.29,0.0698,180
19,82,injector_drift,23470.5,0.5792,4328.0,73.1,98.22,823.11,403.22,91.26,26.734,432.97,0.8391,0.0631,0.0,47.9,0.0698,179
19,83,injector_drift,23540.8,0.5778,4434.0,75.4,95.51,823.67,407.05,91.98,26.775,420.2,0.8586,0.0893,0.0,52.69,0.0698,178
19,84,injector_drift,23878.2,0.571,4256.0,69.2,99.72,824.82,416.94,89.21,26.693,456.3,0.8725,0.0393,0.0,47.54,0.0698,177
19,85,injector_drift,23912.0,0.5704,4343.0,73.1,99.03,832.34,412.14,90.74,27.123,439.28,0.9024,0.1119,0.0,38.29,0.0768,176
19,86,injector_drift,24290.4,0.5628,4402.0,77.2,95.23,842.4,404.89,95.6,27.39,419.8,0.8158,0.0816,0.0,46.83,0.0768,175
19,87,injector_drift,24334.6,0.562,4388.0,70.6,98.22,831.62,401.07,92.51,27.141,454.81,0.9288,0.0715,0.0,51.41,0.0768,174
19,88,injector_drift,24580.7,0.5571,4368.0,71.2,95.63,819.84,409.81,94.05,27.272,453.3,0.9019,0.0768,0.0,46.75,0.0776,173
19,89,injector_drift,24521.1,0.5583,4309.0,73.4,95.84,837.69,407.56,92.23,26.535,427.67,0.7314,0.0575,0.0,42.06,0.0776,172
19,90,injector_drift,24672.8,0.5553,4429.0,70.1,96.42,836.24,405.81,90.12,27.402,462.73,0.668,0.1035,0.0,46.96,0.0793,171
19,91,injector_drift,24685.3,0.5551,4277.0,69.8,96.06,828.14,405.95,91.01,27.63,468.17,0.8311,0.0792,0.0,51.63,0.0812,170
19,92,injector_drift,24876.2,0.5513,4392.0,72.4,98.26,835.42,402.05,88.14,26.106,426.86,0.7772,0.077,0.0,53.69,0.0812,169
19,93,injector_drift,25210.2,0.5449,4359.0,72.8,97.56,845.72,408.14,94.37,26.415,429.6,0.8988,0.0957,0.0,41.76,0.0812,168
19,94,injector_drift,25350.7,0.5422,4303.0,75.8,97.89,829.5,394.89,93.47,26.988,421.19,0.848,0.0843,0.0,41.68,0.0841,167
19,95,injector_drift,25542.7,0.5385,4327.0,71.0,97.28,841.97,413.82,90.04,26.65,444.44,0.9176,0.0633,0.0,47.4,0.0855,166
19,96,injector_drift,25516.9,0.539,4459.0,73.8,96.49,845.83,398.88,93.24,26.053,417.69,0.9186,0.0763,0.0,44.23,0.0855,165
19,97,injector_drift,25779.9,0.534,4280.0,77.5,96.59,839.62,390.66,93.12,26.58,405.87,0.8037,0.0892,0.0,45.07,0.0884,164
19,98,injector_drift,26086.7,0.5282,4244.0,77.4,99.06,828.65,410.11,91.95,27.045,413.56,0.8572,0.0795,0.0,46.75,0.0899,163
19,99,injector_drift,26076.4,0.5284,4312.0,73.6,96.97,847.92,402.4,92.83,26.658,428.62,0.8479,0.0525,0.0,52.29,0.0939,162
19,100,injector_drift,26140.2,0.5272,4375.0,74.6,99.59,845.28,395.6,93.02,27.051,429.32,0.9668,0.1075,0.0,44.24,0.0939,161
19,101,injector_drift,26296.2,0.5242,4435.0,71.3,96.54,840.73,410.57,92.65,27.392,454.34,0.8781,0.0827,0.0,42.62,0.0939,160
19,102,injector_drift,26555.1,0.5194,4352.0,75.0,97.66,838.53,407.39,92.25,26.343,415.71,0.9976,0.0726,0.0,45.08,0.0975,159
19,103,injector_drift,26506.1,0.5203,4252.0,78.8,98.12,850.66,405.93,92.17,28.002,420.67,1.0058,0.0943,0.0,41.44,0.1,158
19,104,injector_drift,26509.7,0.5202,4356.0,78.1,99.43,834.28,402.03,90.87,27.791,420.89,0.8904,0.0714,0.0,49.27,0.1,157
19,105,injector_drift,26615.0,0.5183,4401.0,74.2,99.1,845.98,401.03,93.82,26.114,416.31,0.8539,0.0506,0.0,49.55,0.1,156
19,106,injector_drift,26709.7,0.5165,4369.0,75.4,98.11,837.13,391.26,95.96,26.396,414.35,0.8312,0.0812,0.0,54.05,0.1,155
19,107,injector_drift,26801.9,0.5148,4380.0,72.2,97.76,824.7,416.28,89.76,26.52,434.71,0.9581,0.0946,0.0,43.71,0.1,154
19,108,injector_drift,27097.9,0.5094,4238.0,71.7,96.5,831.75,406.29,92.25,26.3,434.3,0.9069,0.0785,0.0,50.41,0.1089,153
19,109,injector_drift,27322.7,0.5053,4269.0,73.4,97.58,843.89,415.28,90.87,27.018,435.57,0.8566,0.0793,0.0,51.47,0.1089,152
19,110,injector_drift,27090.6,0.5095,4342.0,75.4,101.27,843.45,395.68,93.28,27.157,426.48,0.987,0.0802,0.0,42.08,0.1091,151
19,111,injector_drift,27096.9,0.5094,4418.0,76.8,96.48,846.25,400.22,93.06,27.049,417.05,0.9909,0.0823,0.0,51.05,0.1106,150
19,112,injector_drift,27118.1,0.509,4303.0,74.4,97.07,838.58,395.37,92.48,27.0,429.52,0.8418,0.0873,0.0,51.23,0.1106,149
19,113,injector_drift,27640.1,0.4995,4362.0,76.0,95.86,844.19,382.05,91.04,26.896,418.87,0.9479,0.1006,0.0,49.38,0.1114,148
19,114,injector_drift,27594.6,0.5003,4360.0,67.0,96.98,844.64,403.57,91.43,26.597,469.44,0.9779,0.1015,0.0,44.27,0.1187,147
19,115,injector_drift,27411.9,0.5037,4287.0,75.3,96.35,862.71,402.86,90.86,27.697,435.58,1.0676,0.1276,0.0,50.34,0.1191,146
19,116,injector_drift,27595.7,0.5003,4306.0,72.9,96.43,840.77,396.57,89.05,25.857,419.68,0.9278,0.1235,0.0,41.45,0.1248,145
19,117,injector_drift,27841.6,0.4959,4348.0,71.0,98.75,851.17,377.37,94.95,26.707,444.84,0.9411,0.0714,0.0,52.86,0.1248,144
19,118,injector_drift,27674.1,0.4989,4328.0,76.2,99.37,850.72,395.81,93.83,27.194,422.38,0.9939,0.084,0.0,54.94,0.1248,143
19,119,injector_drift,27861.6,0.4955,4399.0,79.2,98.81,848.03,396.72,95.08,27.149,405.68,1.0426,0.103,0.0,50.13,0.1248,142
19,120,injector_drift,27753.3,0.4975,4325.0,74.8,96.75,834.6,392.22,91.81,27.054,427.81,0.9742,0.0529,0.0,57.68,0.1254,141
19,121,injector_drift,27772.8,0.4971,4403.0,77.5,95.8,857.79,395.3,93.52,27.576,420.86,0.9625,0.0955,0.0,47.93,0.1268,140
19,122,injector_drift,27456.3,0.5028,4328.0,73.7,95.25,846.72,394.45,90.84,26.657,428.23,0.8996,0.0721,0.0,47.77,0.1268,139
19,123,injector_drift,27825.3,0.4962,4351.0,81.1,96.57,844.34,389.38,91.45,28.203,411.56,0.9235,0.089,0.0,50.27,0.1296,138
19,124,injector_drift,27833.9,0.496,4398.0,70.2,96.92,837.21,392.88,96.75,26.084,439.56,0.9426,0.0912,0.0,63.25,0.1326,137
19,125,injector_drift,28016.7,0.4928,4344.0,74.7,97.88,849.53,382.67,91.99,27.207,431.23,1.0181,0.0568,0.0,50.9,0.1369,136
19,126,injector_drift,27996.4,0.4931,4324.0,77.2,98.97,841.22,399.65,94.63,27.108,415.37,0.9979,0.1406,0.0,63.03,0.1369,135
19,127,injector_drift,28004.8,0.493,4346.0,74.9,98.01,843.16,396.04,93.25,27.079,427.89,0.9081,0.0816,0.0,52.19,0.1376,134
19,128,injector_drift,28130.2,0.4907,4404.0,79.1,101.12,846.4,395.12,90.08,27.554,412.13,1.0419,0.1229,0.0,48.88,0.1435,133
19,129,injector_drift,27644.8,0.4994,4370.0,68.8,102.25,846.94,399.45,92.66,26.391,454.1,0.9655,0.0623,0.0,62.93,0.1463,132
19,130,injector_drift,27992.1,0.4932,4221.0,74.7,98.85,856.07,397.15,93.84,27.461,435.24,0.9815,0.0843,0.0,54.81,0.1542,131
19,131,injector_drift,27824.0,0.4962,4307.0,74.3,96.13,848.52,378.27,94.5,27.785,442.84,1.0553,0.113,0.0,52.41,0.1542,130
19,132,injector_drift,27807.7,0.4965,4307.0,74.7,98.2,849.57,392.84,89.51,26.904,426.41,1.0653,0.0922,0.0,58.19,0.1542,129
19,133,injector_drift,27943.7,0.4941,4385.0,70.2,98.6,849.92,383.61,91.15,26.547,447.25,1.0215,0.1131,0.0,60.12,0.1542,128
19,134,injector_drift,27978.4,0.4934,4235.0,74.1,100.17,846.23,405.57,93.82,27.512,439.32,1.1542,0.1114,0.0,51.48,0.1598,127
19,135,injector_drift,28034.3,0.4924,4367.0,74.0,97.14,847.45,388.17,91.31,27.39,438.24,0.8545,0.0821,0.0,58.89,0.1598,126
19,136,injector_drift,28004.1,0.493,4388.0,75.7,96.72,849.37,394.29,95.64,26.477,413.93,1.0826,0.1233,0.0,53.29,0.1603,125
19,137,injector_drift,27790.4,0.4968,4388.0,78.2,99.64,857.45,397.39,93.15,27.489,415.74,0.932,0.1114,0.0,49.83,0.1637,124
19,138,injector_drift,27856.4,0.4956,4345.0,75.3,98.5,867.24,385.72,94.31,27.411,430.95,1.0169,0.0719,0.0,51.49,0.1669,123
19,139,injector_drift,28069.1,0.4918,4253.0,76.2,98.58,845.71,394.55,96.01,27.147,421.74,1.0279,0.104,0.0,49.52,0.1709,122
19,140,injector_drift,28059.2,0.492,4335.0,78.7,98.11,858.84,390.25,90.99,27.919,419.96,1.022,0.115,0.0,55.81,0.1709,121
19,141,injector_drift,27730.6,0.4979,4438.0,78.4,98.95,856.1,397.14,94.44,26.681,402.5,0.964,0.1015,0.0,56.29,0.176,120
19,142,injector_drift,27746.1,0.4976,4314.0,67.7,99.83,851.2,397.71,93.79,25.818,451.29,0.9282,0.1044,0.0,61.55,0.176,119
19,143,injector_drift,27549.2,0.5012,4481.0,77.2,96.04,854.18,374.77,93.92,27.687,424.31,0.8901,0.1142,0.0,60.49,0.1794,118
19,144,injector_drift,27785.2,0.4969,4399.0,77.2,99.66,867.2,381.6,93.14,26.933,413.0,1.0273,0.0718,0.0,54.13,0.1794,117
19,145,injector_drift,27922.0,0.4945,4341.0,74.0,100.77,837.97,384.6,93.99,27.068,432.96,1.0632,0.1017,0.0,55.56,0.1836,116
19,146,injector_drift,27433.8,0.5033,4364.0,73.4,100.68,850.41,379.42,88.04,26.63,429.56,1.123,0.1016,0.0,54.27,0.1946,115
19,147,injector_drift,27626.0,0.4998,4372.0,71.3,103.17,867.19,381.95,96.38,27.301,453.03,1.1683,0.1242,0.0,58.06,0.1946,114
19,148,injector_drift,27491.6,0.5022,4315.0,68.8,99.35,866.56,383.52,91.22,26.948,463.23,1.1426,0.0978,0.0,56.41,0.1946,113
19,149,injector_drift,27283.5,0.506,4325.0,77.2,99.95,876.11,385.92,97.5,27.269,418.13,1.1605,0.1489,0.0,58.02,0.1975,112
19,150,injector_drift,27127.8,0.5088,4470.0,76.9,102.03,864.63,377.54,92.08,26.815,412.75,1.0043,0.0986,0.0,65.2,0.1988,111
19,151,injector_drift,27523.7,0.5016,4440.0,74.2,100.2,864.72,386.66,91.99,27.086,431.74,1.1727,0.0877,0.0,65.46,0.1988,110
19,152,injector_drift,27182.5,0.5078,4327.0,76.6,102.4,847.33,380.63,94.8,27.43,423.61,1.116,0.1351,0.0,54.84,0.1996,109
19,153,injector_drift,27123.2,0.5089,4303.0,77.5,101.59,864.61,374.83,94.71,27.168,414.73,1.001,0.125,0.0,62.63,0.2083,108
19,154,injector_drift,26855.5,0.5138,4254.0,69.0,100.63,865.4,383.85,95.12,26.68,457.49,1.1964,0.1215,0.0,62.25,0.211,107
19,155,injector_drift,26800.4,0.5149,4479.0,75.1,100.48,860.74,371.32,95.0,27.259,429.55,1.0471,0.1099,0.0,56.52,0.2141,106
19,156,injector_drift,26508.9,0.5203,4411.0,73.6,100.31,864.6,386.05,94.13,27.456,441.65,1.0495,0.1096,0.0,66.92,0.2207,105
19,157,injector_drift,26701.7,0.5167,4425.0,75.5,100.74,877.28,380.71,93.78,27.492,430.7,1.2672,0.1274,0.0,52.92,0.2257,104
19,158,injector_drift,26423.8,0.5218,4317.0,74.7,99.56,879.01,388.53,95.71,27.75,439.37,1.1663,0.1073,0.0,65.82,0.2272,103
19,159,injector_drift,26214.6,0.5258,4313.0,76.4,101.86,870.27,386.66,93.17,27.346,423.4,1.0644,0.1543,0.0,59.89,0.2275,102
19,160,injector_drift,26125.0,0.5274,4295.0,69.3,103.82,865.38,369.1,94.89,27.378,467.42,1.1162,0.125,0.0,55.56,0.2324,101
19,161,injector_drift,26495.8,0.5205,4160.0,77.9,98.41,877.37,381.36,91.39,27.046,410.66,1.2591,0.1167,0.0,60.58,0.2389,100
19,162,injector_drift,25966.7,0.5304,4298.0,72.4,102.96,866.45,370.09,95.35,27.348,447.25,1.0854,0.1148,0.0,71.16,0.2419,99
19,163,injector_drift,25940.0,0.5309,4369.0,73.5,101.63,878.92,384.4,95.09,27.402,441.42,1.1767,0.0995,0.0,74.58,0.2447,98
19,164,injector_drift,25575.1,0.5379,4365.0,68.5,102.84,864.02,380.14,94.82,27.913,482.1,1.178,0.1382,0.0,58.18,0.2453,97
19,165,injector_drift,25591.9,0.5375,4313.0,73.4,100.61,878.56,378.54,98.49,27.025,435.64,1.4278,0.1108,0.0,62.65,0.2539,96
19,166,injector_drift,25276.8,0.5436,4389.0,73.6,101.34,873.55,368.06,98.16,26.841,431.6,1.105,0.125,0.0,62.35,0.2587,95
19,167,injector_drift,25396.7,0.5413,4310.0,73.3,103.57,869.14,372.3,97.05,27.006,435.79,1.1141,0.1793,0.0,63.4,0.261,94
19,168,injector_drift,25059.1,0.5478,4396.0,71.3,101.85,878.22,363.69,97.21,26.974,447.78,1.2077,0.0953,0.0,72.55,0.2714,93
19,169,injector_drift,25166.6,0.5457,4395.0,69.8,103.16,871.44,372.79,95.64,27.299,463.12,1.2018,0.1294,0.0,62.47,0.2714,92
19,170,injector_drift,24626.0,0.5562,4399.0,75.3,101.12,885.9,368.81,96.1,26.971,424.11,1.2628,0.1049,0.0,60.77,0.2742,91
19,171,injector_drift,24643.5,0.5559,4354.0,68.0,101.76,866.97,374.11,96.4,27.19,472.9,1.229,0.1223,0.0,62.69,0.2768,90
19,172,injector_drift,24755.2,0.5537,4301.0,75.6,102.88,880.92,374.78,96.78,27.524,430.97,1.3393,0.1308,0.0,64.15,0.2788,89
19,173,injector_drift,24645.4,0.5558,4278.0,78.2,102.76,874.81,378.14,95.74,28.035,424.47,1.2816,0.1079,0.0,69.04,0.2799,88
19,174,injector_drift,24249.6,0.5636,4220.0,79.6,103.54,892.25,378.21,96.79,28.026,416.45,1.2116,0.1438,0.0,66.33,0.2855,87
19,175,injector_drift,24020.2,0.5682,4395.0,69.6,101.88,884.34,372.14,95.93,27.525,467.69,1.2814,0.1664,0.0,69.43,0.29,86
19,176,injector_drift,23922.2,0.5702,4249.0,74.6,102.48,881.43,376.73,96.71,27.697,439.51,1.287,0.1446,0.0,71.68,0.2932,85
19,177,injector_drift,24035.3,0.5679,4342.0,71.0,104.11,881.5,363.23,97.85,27.78,462.89,1.4194,0.157,0.0,65.64,0.3005,84
19,178,injector_drift,23506.5,0.5785,4363.0,76.3,104.97,898.95,367.19,94.81,27.052,419.65,1.4117,0.1743,0.0,67.19,0.306,83
19,179,injector_drift,23363.3,0.5814,4286.0,73.7,101.75,892.07,368.48,96.55,26.94,432.61,1.4218,0.1564,0.0,70.75,0.3143,82
19,180,injector_drift,23017.4,0.5884,4343.0,71.5,104.78,878.88,362.65,96.44,27.384,453.01,1.3065,0.0972,0.0,65.21,0.3143,81
19,181,injector_drift,22882.8,0.5912,4369.0,69.6,102.06,893.35,360.78,94.43,27.34,464.98,1.4135,0.1505,0.0,69.3,0.3231,80
19,182,injector_drift,22856.4,0.5917,4334.0,71.1,103.61,882.81,368.15,99.31,26.998,449.37,1.3048,0.0978,0.0,74.65,0.3262,79
19,183,injector_drift,22726.9,0.5944,4378.0,70.1,103.85,889.2,362.19,94.98,27.589,465.89,1.4639,0.135,0.0,70.45,0.3315,78
19,184,injector_drift,22437.5,0.6004,4323.0,71.9,102.79,872.92,366.58,99.57,26.967,443.72,1.5192,0.1206,0.0,76.55,0.3352,77
19,185,injector_drift,22312.8,0.603,4333.0,72.0,103.55,898.84,358.62,94.25,27.425,450.98,1.2879,0.1595,0.0,66.67,0.347,76
19,186,injector_drift,21831.0,0.6131,4297.0,70.1,101.16,886.03,367.11,93.95,27.414,462.72,1.4481,0.1361,0.0,72.92,0.347,75
19,187,injector_drift,21605.7,0.6179,4342.0,69.7,104.97,890.12,362.12,96.32,27.636,469.03,1.4555,0.1609,0.0,74.36,0.3496,74
19,188,injector_drift,21676.3,0.6164,4350.0,73.4,103.66,884.13,350.87,97.94,27.454,442.46,1.5566,0.1727,0.0,73.72,0.3571,73
19,189,injector_drift,21269.1,0.625,4295.0,73.5,104.17,898.16,355.21,98.05,28.17,453.36,1.4551,0.1399,0.0,71.27,0.3634,72
19,190,injector_drift,20944.6,0.632,4376.0,68.9,103.49,896.07,347.28,99.96,28.094,482.72,1.4687,0.1656,0.0,65.87,0.3685,71
19,191,injector_drift,20928.4,0.6324,4202.0,71.0,105.57,887.46,353.72,95.93,28.184,469.56,1.5443,0.1096,0.0,79.19,0.3734,70
19,192,injector_drift,20685.1,0.6376,4415.0,68.5,104.94,898.29,364.28,99.47,28.165,486.72,1.6023,0.1344,0.0,67.22,0.3809,69
19,193,injector_drift,20414.9,0.6435,4265.0,78.8,103.11,902.39,364.61,94.42,28.507,428.26,1.5882,0.1914,0.0,68.14,0.3869,68
19,194,injector_drift,20449.7,0.6428,4412.0,68.0,104.74,909.81,353.44,95.89,27.695,481.94,1.6543,0.1496,0.0,78.09,0.391,67
19,195,injector_drift,20258.1,0.647,4387.0,71.5,103.66,898.64,348.36,97.53,27.397,453.71,1.6742,0.1603,0.0,74.39,0.4026,66
19,196,injector_drift,19883.3,0.6553,4411.0,71.9,105.29,908.79,340.89,95.89,27.505,452.65,1.5837,0.155,0.0,77.13,0.4046,65
19,197,injector_drift,19563.3,0.6624,4282.0,68.4,106.38,892.37,343.17,99.27,27.917,482.65,1.6395,0.1379,0.0,70.36,0.4087,64
19,198,injector_drift,19462.6,0.6647,4338.0,67.7,105.91,906.8,343.84,97.09,26.82,468.59,1.7152,0.1552,0.0,79.22,0.4195,63
19,199,injector_drift,19033.2,0.6744,4368.0,69.3,106.28,909.83,339.28,100.4,28.159,480.55,1.6079,0.1757,0.0,81.94,0.4195,62
19,200,injector_drift,18731.6,0.6812,4376.0,67.5,107.35,910.57,346.43,100.24,27.294,478.84,1.6351,0.1699,0.0,70.48,0.4254,61
19,201,injector_drift,18421.6,0.6884,4400.0,70.5,104.78,909.94,340.14,97.34,27.537,462.37,1.6023,0.2019,0.0,80.39,0.4348,60
19,202,injector_drift,18137.6,0.6949,4389.0,67.2,105.44,923.95,344.24,98.07,27.879,490.75,1.8256,0.1692,0.0,83.98,0.4386,59
19,203,injector_drift,18137.3,0.6949,4379.0,70.1,103.72,911.45,338.79,98.85,27.897,471.08,1.9455,0.1852,0.0,73.95,0.4513,58
19,204,injector_drift,17513.3,0.7096,4379.0,63.3,106.01,916.3,325.91,101.87,27.234,509.08,1.74,0.1766,0.0,81.96,0.4582,57
19,205,injector_drift,17387.4,0.7125,4391.0,66.9,105.91,913.87,332.71,97.47,27.289,482.44,1.8717,0.209,0.0,82.36,0.4678,56
19,206,injector_drift,17158.9,0.718,4351.0,68.0,107.82,910.3,337.97,94.62,27.116,472.19,1.9273,0.1618,0.0,83.93,0.4683,55
19,207,injector_drift,16733.8,0.7281,4419.0,72.1,107.81,911.92,331.99,98.73,27.136,445.53,1.7694,0.2033,0.0,81.75,0.479,54
19,208,injector_drift,16616.6,0.731,4345.0,63.4,109.59,911.85,328.97,97.93,28.098,524.57,1.9224,0.2047,0.0,76.68,0.4885,53
19,209,injector_drift,16417.5,0.7358,4249.0,71.8,106.71,929.13,333.46,96.79,27.948,460.43,2.0147,0.1814,0.0,82.35,0.4926,52
19,210,injector_drift,16283.2,0.7391,4425.0,70.6,108.3,936.52,321.78,99.98,27.641,463.21,1.9217,0.1988,0.0,82.47,0.5027,51
19,211,injector_drift,15776.5,0.7515,4378.0,63.1,108.92,927.96,317.28,97.8,27.864,522.29,1.9517,0.2099,0.0,85.31,0.5072,50
19,212,injector_drift,15588.6,0.7561,4341.0,70.0,111.56,926.53,326.81,101.06,27.703,468.64,2.1103,0.1919,0.0,92.76,0.5193,49
19,213,injector_drift,15068.1,0.7691,4357.0,65.4,108.81,922.29,330.55,98.01,27.444,496.59,1.972,0.192,0.0,79.46,0.521,48
19,214,injector_drift,14826.4,0.7752,4440.0,69.8,108.23,932.06,317.82,106.44,28.505,483.6,1.9798,0.1834,0.0,92.21,0.5267,47
19,215,injector_drift,14437.7,0.7851,4356.0,69.8,108.79,925.01,315.33,102.89,28.368,481.11,2.0521,0.252,0.0,97.3,0.5384,46
19,216,injector_drift,14582.3,0.7814,4441.0,70.1,109.53,942.6,322.84,99.49,28.197,475.93,2.2453,0.2049,0.0,97.82,0.5476,45
19,217,injector_drift,14096.5,0.7938,4378.0,65.9,111.13,938.57,326.38,99.61,27.682,497.39,2.1994,0.1928,0.0,99.14,0.5577,44
19,218,injector_drift,13887.0,0.7992,4328.0,69.5,108.66,931.58,316.51,100.95,28.244,481.15,2.2099,0.1845,0.0,91.93,0.5663,43
19,219,injector_drift,13638.5,0.8056,4271.0,71.9,108.37,953.61,315.42,102.9,28.546,469.95,2.228,0.2054,0.0,91.8,0.5715,42
19,220,injector_drift,13385.4,0.8122,4355.0,66.2,113.55,930.96,314.54,100.69,28.106,502.19,2.1258,0.2292,0.0,83.12,0.5795,41
19,221,injector_drift,13267.1,0.8153,4429.0,66.5,108.35,944.85,310.39,99.6,28.56,508.62,2.3224,0.2238,0.0,92.59,0.5964,40
19,222,injector_drift,12660.5,0.8314,4316.0,68.9,111.43,953.18,310.96,99.1,27.835,477.98,2.2581,0.2371,0.0,99.69,0.6002,39
19,223,injector_drift,12258.5,0.8422,4372.0,58.1,110.95,948.79,299.95,102.13,27.512,560.53,2.3078,0.2469,0.0,87.66,0.6085,38
19,224,injector_drift,12166.7,0.8446,4442.0,63.5,111.12,943.23,309.5,100.96,28.205,525.51,2.3481,0.2331,0.0,91.53,0.6203,37
19,225,injector_drift,12111.3,0.8461,4244.0,69.3,108.95,949.08,314.09,103.09,28.121,480.09,2.4651,0.2353,0.0,96.89,0.626,36
19,226,injector_drift,11369.3,0.8663,4374.0,66.6,115.11,945.68,313.53,98.48,28.605,508.32,2.5762,0.2723,0.0,89.01,0.6365,35
19,227,injector_drift,11022.5,0.8759,4383.0,65.3,111.67,957.6,301.43,103.96,28.735,520.58,2.4123,0.26,0.0,107.7,0.6509,34
19,228,injector_drift,10448.5,0.8919,4371.0,63.0,110.74,962.25,309.78,102.47,28.097,527.97,2.589,0.2543,0.0,101.91,0.6555,33
19,229,injector_drift,10210.2,0.8987,4248.0,65.7,109.75,943.82,304.11,99.79,28.422,511.84,2.5277,0.2425,0.0,101.54,0.6647,32
19,230,injector_drift,10420.0,0.8928,4304.0,63.9,109.06,965.53,296.62,104.28,28.122,521.02,2.6552,0.2669,0.0,105.06,0.6779,31
19,231,injector_drift,9866.5,0.9084,4225.0,60.1,113.43,957.95,299.01,104.8,27.902,549.8,2.6675,0.2641,0.0,100.43,0.6903,30
19,232,injector_drift,9405.9,0.9216,4271.0,69.0,111.49,968.71,308.13,102.47,29.121,499.18,2.6505,0.2676,0.0,104.78,0.7043,29
19,233,injector_drift,9259.6,0.9259,4401.0,62.9,112.52,959.55,288.19,105.53,27.93,525.69,2.6805,0.2779,0.0,99.19,0.712,28
19,234,injector_drift,9330.6,0.9238,4330.0,64.0,112.31,966.2,300.25,101.74,28.701,530.94,2.7607,0.2736,0.0,93.53,0.7235,27
19,235,injector_drift,8621.0,0.9445,4399.0,59.3,114.18,986.18,283.37,100.01,27.914,557.37,2.8333,0.2386,0.0,105.54,0.73,26
19,236,injector_drift,8586.3,0.9455,4396.0,62.8,114.33,972.61,275.3,104.56,28.04,528.05,2.906,0.2746,0.0,114.96,0.745,25
19,237,injector_drift,7836.1,0.9678,4283.0,67.3,115.08,979.12,292.11,103.28,29.075,511.33,3.1355,0.2535,0.0,116.1,0.7525,24
19,238,injector_drift,7872.1,0.9667,4360.0,66.9,115.58,975.6,276.99,102.91,28.988,512.85,3.0161,0.2938,0.0,108.39,0.7703,23
19,239,injector_drift,7244.1,0.9856,4255.0,64.0,113.55,1004.21,286.22,106.74,28.308,523.43,2.9087,0.2526,0.0,108.8,0.7798,22
19,240,injector_drift,6887.0,0.9965,4366.0,61.9,112.89,988.76,277.95,106.26,28.415,543.45,3.1623,0.2868,0.0,103.44,0.7913,21
19,241,injector_drift,6534.7,1.0073,4375.0,63.7,115.03,988.8,274.91,109.38,28.588,531.49,3.169,0.2927,0.0,117.78,0.8052,20
19,242,injector_drift,6299.3,1.0146,4336.0,64.9,116.27,999.04,283.94,107.13,28.84,525.75,3.1491,0.2715,0.0,115.43,0.8146,19
19,243,injector_drift,6165.6,1.0188,4249.0,58.7,115.96,994.2,277.65,107.65,28.224,568.68,3.1284,0.2966,0.0,113.51,0.8273,18
19,244,injector_drift,5617.3,1.0359,4261.0,63.8,113.29,995.03,274.22,105.03,29.458,546.42,3.2447,0.317,0.0,105.62,0.8387,17
19,245,injector_drift,5519.6,1.039,4503.0,65.2,116.71,1000.73,255.47,102.92,28.476,517.1,3.4544,0.2968,0.0,108.37,0.8598,16
19,246,injector_drift,4920.4,1.0581,4387.0,62.5,115.3,989.69,265.3,111.3,28.179,533.46,3.4326,0.3159,0.0,118.68,0.867,15
19,247,injector_drift,4683.8,1.0657,4333.0,62.5,117.16,1001.94,265.08,108.59,28.781,545.34,3.5603,0.3242,0.0,111.5,0.8802,14
19,248,injector_drift,4283.9,1.0786,4408.0,60.2,118.99,1003.33,253.29,111.14,27.953,549.89,3.6313,0.2977,0.0,123.4,0.8968,13
19,249,injector_drift,4302.1,1.078,4438.0,63.1,114.1,1013.98,257.7,105.81,28.652,537.79,3.5971,0.3234,0.0,124.71,0.9086,12
19,250,injector_drift,3774.1,1.0953,4423.0,66.8,120.28,1013.14,250.33,110.32,28.96,513.01,3.3609,0.3205,0.0,115.83,0.9156,11
19,251,injector_drift,3404.8,1.1075,4338.0,66.0,117.13,1025.93,254.34,109.44,29.267,524.63,3.6669,0.3326,0.0,125.1,0.9429,10
19,252,injector_drift,2985.5,1.1215,4330.0,59.9,120.36,1019.71,242.07,111.12,28.839,569.82,3.6482,0.3029,0.0,120.79,0.9498,9
19,253,injector_drift,2604.6,1.1343,4398.0,60.3,120.47,1015.39,249.67,110.43,29.086,570.65,3.9488,0.3109,0.0,131.42,0.9634,8
19,254,injector_drift,2205.4,1.1479,4336.0,65.4,119.19,1040.28,239.93,109.15,29.041,525.83,3.9568,0.3685,0.0,144.69,0.9804,7
19,255,injector_drift,2218.7,1.1474,4422.0,62.9,120.67,1027.13,241.45,110.45,29.101,547.81,3.9655,0.3635,0.0,128.91,0.9945,6
19,256,injector_drift,1442.0,1.1741,4357.0,62.6,119.32,1037.93,245.56,109.49,29.524,557.9,4.0152,0.3574,0.0,138.28,1.0099,5
19,257,injector_drift,1293.2,1.1793,4398.0,55.3,118.21,1023.18,235.15,112.22,28.006,599.36,4.2282,0.3762,0.0,137.6,1.0274,4
19,258,injector_drift,1143.3,1.1845,4412.0,63.3,122.77,1046.01,237.08,109.15,29.596,553.44,4.118,0.3347,0.0,132.97,1.0373,3
19,259,injector_drift,422.7,1.2099,4272.0,59.5,120.62,1030.14,226.41,109.82,28.428,565.23,4.2041,0.3638,0.0,138.17,1.0612,2
19,260,injector_drift,363.8,1.212,4359.0,60.9,124.78,1063.15,224.99,111.24,29.431,572.09,4.2816,0.367,0.0,130.71,1.0782,1
20,0,cooling_degradation,20.7,1.2243,4452.0,62.5,97.1,817.93,419.67,89.19,25.998,492.16,0.6366,0.03,0.0,40.49,0.0187,342
20,1,cooling_degradation,212.2,1.2174,4373.0,58.1,96.69,813.09,406.5,91.89,25.146,511.88,0.8231,0.089,0.0,38.45,0.0187,341
20,2,cooling_degradation,718.3,1.1995,4421.0,61.1,93.81,809.36,419.4,87.66,25.601,495.82,0.7963,0.0614,0.0,36.88,0.0201,340
20,3,cooling_degradation,677.5,1.2009,4236.0,59.9,93.1,808.09,425.02,92.36,25.338,500.98,0.6086,0.0555,0.0,38.23,0.0201,339
20,4,cooling_degradation,870.5,1.1941,4306.0,56.4,97.34,805.65,429.64,88.9,25.195,528.53,0.8184,0.0295,0.0,39.26,0.0218,338
20,5,cooling_degradation,1133.2,1.1849,4315.0,57.6,95.57,826.25,419.72,85.92,25.506,524.26,0.8147,0.0406,0.0,46.58,0.0255,337
20,6,cooling_degradation,1670.8,1.1662,4452.0,62.8,100.28,813.87,411.21,91.6,26.044,490.75,0.7622,0.0499,0.0,42.13,0.0255,336
20,7,cooling_degradation,1771.6,1.1627,4365.0,62.8,97.21,834.31,418.78,89.89,25.568,481.47,0.9372,0.0565,0.0,48.31,0.0255,335
20,8,cooling_degradation,1803.2,1.1617,4353.0,57.0,97.81,806.67,407.81,92.86,25.254,524.48,0.793,0.0639,0.0,36.45,0.0255,334
20,9,cooling_degradation,2464.4,1.1391,4368.0,64.6,94.35,816.8,409.62,92.44,26.252,480.57,0.7794,0.05,0.0,48.75,0.0255,333
20,10,cooling_degradation,2341.9,1.1432,4342.0,60.2,95.63,805.58,416.23,88.54,25.36,498.29,0.811,0.086,0.0,41.55,0.0255,332
20,11,cooling_degradation,2742.2,1.1297,4476.0,57.7,96.97,818.7,405.99,93.56,25.189,516.92,0.7019,0.0495,0.0,41.16,0.0255,331
20,12,cooling_degradation,3048.6,1.1194,4473.0,60.0,95.63,813.98,405.59,86.74,26.569,524.01,0.7377,0.0609,0.0,41.11,0.0255,330
20,13,cooling_degradation,3171.4,1.1153,4423.0,57.7,95.84,814.2,423.97,91.44,25.342,519.57,0.5855,0.0798,0.0,53.59,0.0255,329
20,14,cooling_degradation,3336.4,1.1098,4417.0,59.7,96.12,813.0,422.84,93.36,24.944,494.07,0.8418,0.0461,0.0,39.91,0.0255,328
20,15,cooling_degradation,3967.9,1.089,4326.0,60.6,94.67,820.37,401.39,88.48,25.231,492.51,0.8842,0.0297,0.0,52.65,0.0255,327
20,16,cooling_degradation,4198.3,1.0814,4384.0,63.7,94.44,822.84,413.94,94.73,25.117,466.3,0.8335,0.0488,0.0,46.61,0.0255,326
20,17,cooling_degradation,4362.8,1.0761,4236.0,64.8,95.49,824.64,413.96,90.83,26.635,486.65,0.8273,0.0753,0.0,36.77,0.0255,325
20,18,cooling_degradation,4663.4,1.0664,4330.0,65.7,95.15,810.91,423.29,91.26,26.0,468.62,0.8037,0.0584,0.0,37.49,0.0255,324
20,19,cooling_degradation,4607.0,1.0682,4263.0,65.0,94.48,820.88,420.91,92.88,25.574,465.88,0.9317,0.0709,0.0,43.35,0.0265,323
20,20,cooling_degradation,5193.5,1.0494,4386.0,57.0,95.59,810.37,422.21,91.37,25.739,534.11,0.799,0.0311,0.0,42.9,0.0265,322
20,21,cooling_degradation,5429.9,1.0419,4350.0,58.5,93.82,825.73,410.05,87.88,26.29,531.47,0.8823,0.0251,0.0,40.39,0.0265,321
20,22,cooling_degradation,5686.5,1.0338,4402.0,66.3,96.94,820.96,406.92,84.1,26.003,464.11,0.8742,0.069,0.0,39.71,0.0265,320
20,23,cooling_degradation,5937.7,1.0259,4396.0,61.7,96.67,819.11,411.64,88.58,26.451,506.95,0.7004,0.0644,0.0,50.13,0.0265,319
20,24,cooling_degradation,6272.2,1.0154,4424.0,62.9,96.87,815.52,407.58,88.8,25.738,484.51,0.8646,0.0397,0.0,43.35,0.0286,318
20,25,cooling_degradation,6356.4,1.0128,4310.0,65.3,94.59,812.45,416.28,88.68,25.548,462.92,0.7229,0.0351,0.0,44.93,0.0286,317
20,26,cooling_degradation,6633.4,1.0043,4248.0,67.4,94.4,820.6,427.05,89.31,26.869,471.64,0.7671,0.0547,0.0,43.16,0.0286,316
20,27,cooling_degradation,6673.4,1.003,4473.0,65.1,97.83,828.64,411.51,84.88,25.717,467.56,0.7976,0.0571,0.0,42.79,0.0286,315
20,28,cooling_degradation,7225.5,0.9862,4324.0,61.2,95.75,812.58,412.89,88.35,25.577,494.3,0.9195,0.0361,0.0,54.1,0.0369,314
20,29,cooling_degradation,7270.8,0.9848,4354.0,60.3,96.9,828.82,413.5,91.83,26.162,513.56,0.762,0.0591,0.0,46.19,0.0369,313
20,30,cooling_degradation,7529.4,0.977,4421.0,60.9,94.32,823.11,400.33,92.82,25.796,501.52,0.8458,0.0315,0.0,56.47,0.0369,312
20,31,cooling_degradation,7804.7,0.9687,4339.0,67.9,95.63,805.82,402.2,89.28,26.158,456.0,0.6945,0.0478,0.0,47.21,0.0369,311
20,32,cooling_degradation,7951.7,0.9643,4288.0,66.9,97.84,814.26,423.74,92.12,26.043,460.5,0.8044,0.0342,0.0,40.06,0.0369,310
20,33,cooling_degradation,8342.4,0.9527,4483.0,64.6,96.25,838.74,402.12,85.56,25.74,471.42,0.7811,0.0583,0.0,49.54,0.0369,309
20,34,cooling_degradation,8727.2,0.9414,4323.0,60.3,95.67,817.32,423.29,91.28,25.822,506.49,0.9203,0.0477,0.0,42.94,0.0369,308
20,35,cooling_degradation,8681.2,0.9427,4467.0,67.4,96.91,814.6,405.66,93.11,26.369,462.89,0.7594,0.0875,0.0,50.95,0.0369,307
20,36,cooling_degradation,9089.1,0.9308,4379.0,65.4,96.53,813.86,412.73,91.77,25.966,469.59,0.6943,0.0666,0.0,39.94,0.0369,306
20,37,cooling_degradation,9434.4,0.9208,4417.0,62.7,99.18,818.38,414.99,90.69,26.118,492.96,0.7849,0.0343,0.0,35.4,0.0369,305
20,38,cooling_degradation,9204.5,0.9275,4416.0,65.0,96.11,827.95,415.75,85.64,26.192,477.11,0.7702,0.0788,0.0,43.83,0.0369,304
20,39,cooling_degradation,10096.0,0.9019,4332.0,66.8,97.03,818.81,411.17,94.52,26.291,465.91,0.839,0.0566,0.0,50.66,0.0369,303
20,40,cooling_degradation,9989.0,0.9049,4393.0,64.1,95.85,813.94,411.64,94.62,25.859,477.77,0.9253,0.0756,0.0,40.17,0.0369,302
20,41,cooling_degradation,10157.7,0.9002,4475.0,62.4,94.56,801.2,406.99,92.14,25.725,487.82,0.7928,0.0347,0.0,46.22,0.0369,301
20,42,cooling_degradation,10548.9,0.8891,4436.0,66.2,96.69,813.95,411.32,93.4,26.25,469.18,0.849,0.0725,0.0,39.95,0.0369,300
20,43,cooling_degradation,10673.3,0.8856,4426.0,66.5,93.86,815.8,410.7,90.74,25.641,456.11,0.8119,0.1015,0.0,48.04,0.0369,299
20,44,cooling_degradation,11000.9,0.8765,4398.0,60.2,97.55,821.03,406.38,92.28,26.906,528.76,0.8609,0.0725,0.0,41.59,0.038,298
20,45,cooling_degradation,11135.1,0.8728,4351.0,65.8,94.22,825.51,413.19,92.53,25.092,451.21,0.7471,0.0504,0.0,45.17,0.0426,297
20,46,cooling_degradation,11651.6,0.8586,4306.0,63.6,94.86,832.69,405.77,90.72,25.742,478.81,0.8235,0.0852,0.0,42.17,0.0426,296
20,47,cooling_degradation,12119.2,0.8459,4453.0,67.7,94.75,813.7,407.22,89.2,26.417,461.74,0.9009,0.0486,0.0,40.08,0.0426,295
20,48,cooling_degradation,12058.2,0.8476,4323.0,61.3,97.12,821.08,414.4,92.6,26.118,504.3,0.7644,0.0719,0.0,34.22,0.0426,294
20,49,cooling_degradation,12211.8,0.8434,4328.0,62.7,94.51,822.0,407.56,94.61,25.573,482.65,0.8115,0.1072,0.0,37.33,0.0426,293
20,50,cooling_degradation,12330.1,0.8402,4358.0,59.6,96.95,811.18,410.24,93.34,25.466,505.49,0.8198,0.0507,0.0,42.44,0.0426,292
20,51,cooling_degradation,12802.1,0.8276,4269.0,68.0,95.19,830.68,413.3,91.53,26.25,456.72,0.7066,0.0725,0.0,46.08,0.0426,291
20,52,cooling_degradation,12756.7,0.8288,4335.0,62.4,96.01,834.2,410.13,91.38,25.35,480.77,0.883,0.1024,0.0,53.1,0.0426,290
20,53,cooling_degradation,13147.5,0.8185,4312.0,63.0,95.39,821.08,418.79,91.49,25.45,477.78,0.7797,0.0819,0.0,41.23,0.0426,289
20,54,cooling_degradation,13248.5,0.8158,4271.0,66.9,99.71,819.14,418.94,86.3,26.514,469.26,0.8223,0.0767,0.0,40.71,0.0433,288
20,55,cooling_degradation,13363.7,0.8128,4282.0,66.8,93.72,834.87,421.39,90.65,26.485,469.34,0.8751,0.0232,0.0,37.27,0.0433,287
20,56,cooling_degradation,13744.7,0.8029,4355.0,69.3,96.96,827.66,424.43,90.43,26.314,449.41,0.8832,0.0432,0.0,48.17,0.0433,286
20,57,cooling_degradation,13852.2,0.8001,4418.0,69.7,96.21,814.66,415.39,88.45,26.642,452.27,0.7309,0.0798,0.0,46.75,0.0433,285
20,58,cooling_degradation,14443.5,0.7849,4351.0,71.0,95.05,823.48,402.94,92.97,26.449,440.8,0.8592,0.0563,0.0,46.13,0.0433,284
20,59,cooling_degradation,14330.0,0.7878,4291.0,72.6,96.82,822.92,411.23,91.43,26.197,427.14,0.9048,0.0526,0.0,45.62,0.0433,283
20,60,cooling_degradation,14643.3,0.7798,4317.0,71.0,94.78,818.25,421.91,85.63,25.947,432.59,0.7735,0.086,0.0,42.03,0.0433,282
20,61,cooling_degradation,14783.9,0.7763,4377.0,69.0,94.72,818.57,407.7,91.42,26.555,455.64,0.8941,0.077,0.0,51.08,0.0476,281
20,62,cooling_degradation,14913.3,0.773,4425.0,68.7,94.61,819.5,404.89,93.51,26.021,447.98,0.8636,0.0473,0.0,40.4,0.0476,280
20,63,cooling_degradation,15417.2,0.7604,4414.0,70.1,96.45,831.99,410.23,89.76,26.694,450.94,0.8701,0.079,0.0,41.92,0.0476,279
20,64,cooling_degradation,15515.0,0.7579,4371.0,62.3,95.42,819.29,408.64,88.91,25.781,490.06,0.9,0.0446,0.0,39.22,0.0478,278
20,65,cooling_degradation,16094.1,0.7437,4447.0,68.0,95.03,825.19,416.78,88.38,26.765,466.01,0.7602,0.032,0.0,43.66,0.0478,277
20,66,cooling_degradation,16111.7,0.7432,4325.0,63.1,96.84,829.79,411.69,91.16,25.569,479.8,0.7555,0.0701,0.0,40.43,0.0478,276
20,67,cooling_degradation,16175.8,0.7417,4286.0,66.5,97.95,821.35,429.06,89.5,25.699,457.65,0.9241,0.039,0.0,41.16,0.0478,275
20,68,cooling_degradation,16429.7,0.7355,4339.0,64.3,94.2,813.07,408.56,88.02,26.11,480.23,0.8066,0.0386,0.0,38.3,0.0478,274
20,69,cooling_degradation,16569.1,0.7321,4432.0,70.1,96.83,833.12,403.32,94.2,26.231,443.15,0.7156,0.0433,0.0,39.52,0.0479,273
20,70,cooling_degradation,16635.0,0.7305,4399.0,70.8,97.12,822.89,403.94,91.37,26.475,442.54,0.8191,0.067,0.0,36.27,0.0479,272
20,71,cooling_degradation,16778.7,0.7271,4422.0,72.8,98.25,841.17,403.06,89.91,26.504,431.12,0.8236,0.0794,0.0,46.1,0.0479,271
20,72,cooling_degradation,17039.6,0.7208,4351.0,66.3,95.9,831.76,415.65,94.31,25.94,462.95,0.8519,0.0578,0.0,40.0,0.0479,270
20,73,cooling_degradation,17600.8,0.7075,4365.0,67.3,98.65,828.45,402.54,91.51,26.101,458.64,0.8016,0.0395,0.0,52.37,0.0479,269
20,74,cooling_degradation,17639.5,0.7066,4344.0,72.7,97.25,828.93,405.45,90.71,25.656,417.77,0.9726,0.0414,0.0,49.14,0.049,268
20,75,cooling_degradation,17880.8,0.7009,4305.0,68.0,93.62,834.42,416.0,91.48,26.858,467.42,0.7651,0.0337,0.0,45.03,0.052,267
20,76,cooling_degradation,18116.1,0.6954,4359.0,67.5,96.89,827.17,397.17,89.98,25.974,455.49,0.6815,0.0791,0.0,47.53,0.052,266
20,77,cooling_degradation,18164.3,0.6943,4344.0,71.9,96.42,810.01,402.12,90.76,26.669,439.05,0.7194,0.0467,0.0,48.97,0.052,265
20,78,cooling_degradation,18298.2,0.6912,4328.0,71.4,97.92,826.33,411.43,92.21,25.634,424.84,0.7779,0.0693,0.0,42.21,0.052,264
20,79,cooling_degradation,18885.2,0.6777,4393.0,72.8,98.22,832.43,410.92,94.4,26.197,425.7,0.8748,0.0286,0.0,43.66,0.052,263
20,80,cooling_degradation,18853.5,0.6785,4365.0,71.5,94.99,819.16,407.88,89.94,26.572,439.78,0.8203,0.0901,0.0,50.07,0.052,262
20,81,cooling_degradation,18714.2,0.6816,4438.0,69.0,97.8,846.67,408.84,92.3,27.043,463.98,0.8644,0.0645,0.0,50.39,0.052,261
20,82,cooling_degradation,18889.0,0.6776,4305.0,74.4,96.25,827.46,407.72,88.09,26.822,426.73,0.783,0.0333,0.0,40.82,0.052,260
20,83,cooling_degradation,19451.6,0.6649,4333.0,73.0,95.39,832.53,420.51,92.06,26.784,434.14,0.87,0.0527,0.0,56.2,0.0524,259
20,84,cooling_degradation,19391.8,0.6663,4251.0,70.4,98.7,836.82,420.41,94.72,26.22,440.71,0.7139,0.0694,0.0,38.24,0.0556,258
20,85,cooling_degradation,19688.3,0.6596,4298.0,73.2,95.83,833.75,407.67,91.17,26.58,429.62,0.8536,0.0482,0.0,33.61,0.0559,257
20,86,cooling_degradation,19561.5,0.6625,4395.0,70.6,96.59,826.76,406.56,89.96,26.35,441.59,0.8886,0.0731,0.0,53.65,0.0559,256
20,87,cooling_degradation,20000.4,0.6527,4406.0,68.0,96.6,831.07,394.07,90.2,26.418,459.97,0.7753,0.0936,0.0,49.32,0.0631,255
20,88,cooling_degradation,20385.2,0.6442,4399.0,71.2,97.49,827.92,411.79,92.23,26.984,448.63,0.9835,0.0863,0.0,46.6,0.0631,254
20,89,cooling_degradation,20344.9,0.6451,4435.0,76.7,98.71,831.48,396.72,91.38,26.68,411.54,0.699,0.0675,0.0,49.73,0.0631,253
20,90,cooling_degradation,20424.7,0.6433,4390.0,74.2,99.14,821.78,403.43,90.45,26.677,425.7,0.9051,0.0965,0.0,42.28,0.0631,252
20,91,cooling_degradation,20737.0,0.6365,4361.0,72.4,98.08,827.98,406.34,92.57,26.402,431.69,0.9158,0.0719,0.0,36.99,0.0631,251
20,92,cooling_degradation,20950.4,0.6319,4397.0,68.5,94.18,818.52,398.02,89.51,26.224,452.86,0.7797,0.0654,0.0,43.43,0.0631,250
20,93,cooling_degradation,21062.1,0.6295,4312.0,67.8,98.9,827.72,405.55,92.99,26.736,466.92,0.8743,0.066,0.0,42.19,0.0631,249
20,94,cooling_degradation,21046.3,0.6298,4259.0,70.7,97.62,825.95,415.43,90.63,26.636,446.05,0.7802,0.0697,0.0,40.73,0.0631,248
20,95,cooling_degradation,21508.2,0.6199,4334.0,69.7,98.42,833.21,406.06,92.62,26.532,450.69,0.8751,0.0773,0.0,42.86,0.0653,247
20,96,cooling_degradation,21527.6,0.6195,4341.0,71.6,96.32,818.22,413.92,92.99,26.472,437.34,0.8338,0.0507,0.0,42.93,0.0653,246
20,97,cooling_degradation,21802.4,0.6137,4364.0,72.1,96.76,823.0,411.98,87.42,26.206,430.03,0.8517,0.0913,0.0,43.52,0.0653,245
20,98,cooling_degradation,21790.6,0.6139,4310.0,67.5,98.19,820.75,405.16,91.16,26.552,465.63,0.8048,0.0945,0.0,47.78,0.0653,244
20,99,cooling_degradation,22282.8,0.6036,4322.0,69.3,99.81,829.1,406.79,88.26,26.723,456.19,0.8062,0.1183,0.0,48.74,0.0661,243
20,100,cooling_degradation,22359.9,0.602,4405.0,70.9,97.09,828.02,402.62,87.86,26.832,448.13,0.7907,0.0345,0.0,47.45,0.0661,242
20,101,cooling_degradation,22354.2,0.6021,4285.0,73.3,94.93,839.98,408.94,90.85,26.621,429.71,0.904,0.0695,0.0,33.25,0.0661,241
20,102,cooling_degradation,22607.1,0.5969,4352.0,73.5,97.74,832.07,416.49,91.98,26.334,423.97,0.9885,0.0534,0.0,41.04,0.0681,240
20,103,cooling_degradation,22958.2,0.5897,4321.0,69.1,96.56,829.52,410.35,88.27,26.635,456.38,1.0372,0.0824,0.0,41.11,0.0681,239
20,104,cooling_degradation,23038.5,0.588,4257.0,68.6,95.38,821.88,401.59,92.0,26.798,462.48,0.936,0.0954,0.0,52.54,0.0729,238
20,105,cooling_degradation,23236.2,0.584,4334.0,69.5,96.87,829.37,403.04,89.79,26.771,455.94,0.8661,0.073,0.0,42.68,0.077,237
20,106,cooling_degradation,23246.1,0.5838,4304.0,74.8,97.79,823.65,405.66,91.68,26.442,418.37,0.9464,0.0661,0.0,37.44,0.077,236
20,107,cooling_degradation,23217.7,0.5844,4333.0,71.1,98.65,836.41,409.54,96.6,26.681,444.34,0.8947,0.0626,0.0,50.37,0.077,235
20,108,cooling_degradation,23528.9,0.578,4363.0,72.9,96.35,840.02,416.31,90.9,25.861,419.95,0.8392,0.0684,0.0,47.38,0.077,234
20,109,cooling_degradation,23835.2,0.5719,4228.0,73.9,96.41,821.81,416.99,89.26,27.235,436.24,1.0245,0.0798,0.0,59.5,0.077,233
20,110,cooling_degradation,23808.9,0.5724,4420.0,76.4,96.92,835.48,402.03,91.5,26.918,417.02,0.945,0.0797,0.0,40.02,0.077,232
20,111,cooling_degradation,23729.7,0.574,4539.0,69.1,99.7,830.66,391.62,91.16,26.493,453.62,0.8075,0.1023,0.0,45.84,0.077,231
20,112,cooling_degradation,23997.4,0.5687,4302.0,76.5,99.09,844.81,417.1,90.85,27.475,425.1,0.944,0.0692,0.0,41.74,0.077,230
20,113,cooling_degradation,24233.1,0.564,4323.0,74.7,98.01,827.09,405.05,91.68,26.525,420.47,0.9183,0.0918,0.0,42.09,0.0807,229
20,114,cooling_degradation,24274.5,0.5631,4309.0,78.0,97.96,830.68,399.0,91.24,27.008,409.81,0.7972,0.0559,0.0,43.15,0.0807,228
20,115,cooling_degradation,24490.8,0.5589,4293.0,77.3,96.7,838.51,410.46,89.14,26.574,406.97,0.8782,0.0484,0.0,41.77,0.0807,227
20,116,cooling_degradation,24408.9,0.5605,4478.0,73.5,98.32,830.58,391.67,93.26,26.091,420.35,0.8677,0.0939,0.0,48.19,0.0807,226
20,117,cooling_degradation,24593.0,0.5569,4339.0,70.9,95.67,829.75,409.96,94.24,26.651,444.55,0.6646,0.0821,0.0,47.58,0.0807,225
20,118,cooling_degradation,24797.8,0.5529,4400.0,75.2,97.89,831.75,400.62,90.87,26.89,422.95,0.7597,0.0634,0.0,47.11,0.0807,224
20,119,cooling_degradation,24924.2,0.5504,4429.0,70.0,94.11,836.92,399.7,92.32,25.631,433.55,0.9598,0.0556,0.0,53.61,0.0807,223
20,120,cooling_degradation,24888.2,0.5511,4421.0,74.0,94.77,844.46,384.97,87.58,27.026,432.01,0.8189,0.0653,0.0,50.3,0.0834,222
20,121,cooling_degradation,24730.7,0.5542,4425.0,71.2,94.33,833.3,407.68,91.63,26.548,441.17,0.9237,0.0792,0.0,51.69,0.0834,221
20,122,cooling_degradation,24779.0,0.5532,4279.0,72.8,100.05,832.58,401.45,95.52,26.96,438.36,0.9781,0.078,0.0,48.32,0.0834,220
20,123,cooling_degradation,25315.0,0.5429,4413.0,67.0,96.99,837.27,397.43,93.28,26.409,466.32,0.7118,0.0461,0.0,49.09,0.0838,219
20,124,cooling_degradation,25458.2,0.5401,4335.0,73.4,95.26,837.17,406.5,92.02,27.12,437.43,1.0088,0.0501,0.0,52.34,0.0856,218
20,125,cooling_degradation,25506.2,0.5392,4457.0,74.0,100.97,837.31,398.23,91.64,27.209,434.9,0.8675,0.0785,0.0,42.07,0.0865,217
20,126,cooling_degradation,25646.9,0.5365,4305.0,72.1,96.15,844.22,420.41,91.14,26.712,438.2,0.9126,0.0876,0.0,44.53,0.0867,216
20,127,cooling_degradation,25984.0,0.5301,4286.0,73.5,98.1,827.31,397.22,92.57,27.085,435.87,1.0367,0.0601,0.0,48.17,0.0867,215
20,128,cooling_degradation,25769.5,0.5342,4355.0,70.6,96.24,833.23,401.06,93.88,26.907,451.08,0.9651,0.0488,0.0,48.41,0.0911,214
20,129,cooling_degradation,25996.6,0.5299,4393.0,76.2,98.69,830.94,405.63,90.88,26.43,410.29,0.8779,0.0788,0.0,41.35,0.094,213
20,130,cooling_degradation,26290.1,0.5243,4247.0,74.0,97.47,833.39,405.57,93.38,26.417,422.34,0.8494,0.034,0.0,52.27,0.094,212
20,131,cooling_degradation,25975.6,0.5303,4330.0,80.7,96.39,830.83,404.05,90.26,26.768,392.47,0.8562,0.0704,0.0,55.65,0.094,211
20,132,cooling_degradation,26487.9,0.5207,4289.0,74.9,95.5,835.11,421.66,91.01,27.09,427.89,0.8469,0.0901,0.0,55.28,0.094,210
20,133,cooling_degradation,26457.1,0.5212,4410.0,75.2,96.58,842.52,399.45,89.77,26.581,418.07,1.0018,0.075,0.0,45.51,0.0997,209
20,134,cooling_degradation,26351.7,0.5232,4321.0,72.7,96.13,817.26,411.92,92.32,25.9,421.41,0.944,0.0486,0.0,53.23,0.0997,208
20,135,cooling_degradation,26102.6,0.5279,4422.0,77.8,95.04,838.48,402.12,92.19,26.616,405.04,0.9194,0.1104,0.0,47.07,0.101,207
20,136,cooling_degradation,26773.9,0.5153,4312.0,72.9,98.82,838.43,407.8,92.85,26.584,431.29,0.8883,0.081,0.0,49.63,0.1031,206
20,137,cooling_degradation,26911.0,0.5128,4373.0,79.5,99.41,840.2,399.12,92.68,27.312,406.77,0.9641,0.0851,0.0,54.79,0.1031,205
20,138,cooling_degradation,26619.1,0.5182,4272.0,79.4,96.72,829.03,395.55,93.51,27.644,411.94,0.7555,0.0986,0.0,56.0,0.1033,204
20,139,cooling_degradation,27074.0,0.5098,4348.0,72.8,94.63,846.99,407.86,96.26,27.115,440.66,1.0567,0.0776,0.0,47.17,0.1043,203
20,140,cooling_degradation,26618.8,0.5182,4289.0,73.6,98.3,847.26,407.63,93.55,26.85,431.93,0.8863,0.0758,0.0,46.79,0.1043,202
20,141,cooling_degradation,26987.3,0.5114,4446.0,72.3,97.98,848.22,399.64,88.14,26.37,431.88,0.8316,0.1058,0.0,56.88,0.1043,201
20,142,cooling_degradation,26985.7,0.5114,4419.0,70.5,96.33,834.45,396.27,91.66,25.803,433.37,1.0048,0.0659,0.0,49.19,0.1077,200
20,143,cooling_degradation,26878.3,0.5134,4367.0,75.4,97.75,842.76,395.86,92.08,26.705,419.22,1.0029,0.1006,0.0,34.69,0.1077,199
20,144,cooling_degradation,27105.7,0.5092,4416.0,74.6,93.7,835.13,405.26,88.98,26.736,424.38,0.9071,0.0597,0.0,51.89,0.1077,198
20,145,cooling_degradation,27200.6,0.5075,4324.0,76.6,97.86,833.39,403.86,93.81,27.01,417.52,1.0192,0.0677,0.0,45.68,0.1077,197
20,146,cooling_degradation,27086.4,0.5096,4391.0,74.5,97.72,832.88,386.8,95.82,27.217,432.6,1.0002,0.0894,0.0,48.66,0.112,196
20,147,cooling_degradation,27423.6,0.5034,4350.0,77.3,99.96,844.94,399.48,90.51,27.297,418.15,0.9508,0.1123,0.0,53.07,0.1123,195
20,148,cooling_degradation,27275.1,0.5061,4385.0,74.5,98.34,848.66,396.19,94.77,26.902,427.2,0.7892,0.0866,0.0,40.86,0.1123,194
20,149,cooling_degradation,27376.3,0.5043,4362.0,74.1,98.11,852.2,383.31,94.41,26.683,426.09,0.9316,0.0559,0.0,53.99,0.113,193
20,150,cooling_degradation,27697.7,0.4985,4351.0,75.0,101.13,843.82,393.59,92.98,26.315,415.32,0.9362,0.1007,0.0,43.36,0.1215,192
20,151,cooling_degradation,27430.6,0.5033,4246.0,77.0,97.0,839.78,418.92,94.09,26.727,410.62,0.9156,0.0706,0.0,47.22,0.1215,191
20,152,cooling_degradation,27235.4,0.5069,4316.0,73.7,95.94,842.78,385.69,90.9,26.459,425.08,0.9058,0.0991,0.0,52.52,0.1215,190
20,153,cooling_degradation,27580.4,0.5006,4463.0,77.5,99.56,853.25,385.54,94.73,28.113,429.18,0.9956,0.0922,0.0,44.78,0.1215,189
20,154,cooling_degradation,27675.6,0.4989,4348.0,72.6,99.75,856.01,383.66,94.96,27.579,449.53,0.8359,0.0564,0.0,44.8,0.1215,188
20,155,cooling_degradation,27661.9,0.4991,4312.0,73.9,99.86,853.73,390.03,93.44,26.366,422.24,1.0359,0.0945,0.0,52.87,0.1244,187
20,156,cooling_degradation,27863.7,0.4955,4358.0,69.3,97.97,851.27,385.68,93.16,26.758,457.2,0.9413,0.0635,0.0,54.1,0.1273,186
20,157,cooling_degradation,27828.8,0.4961,4263.0,73.9,97.33,856.37,393.87,91.01,26.345,422.16,0.8822,0.116,0.0,50.79,0.1298,185
20,158,cooling_degradation,27710.7,0.4983,4326.0,71.5,96.52,844.9,408.12,94.49,26.835,443.99,0.9264,0.0575,0.0,54.78,0.1298,184
20,159,cooling_degradation,27934.5,0.4942,4366.0,76.6,97.07,849.09,401.28,92.62,26.852,415.01,0.9655,0.0857,0.0,71.82,0.1298,183
20,160,cooling_degradation,27926.7,0.4944,4384.0,76.5,96.16,855.43,393.23,92.34,26.987,417.76,1.0664,0.0702,0.0,44.3,0.1306,182
20,161,cooling_degradation,27947.0,0.494,4376.0,78.6,97.76,852.14,405.26,94.5,27.593,415.52,1.0078,0.1174,0.0,40.55,0.1306,181
20,162,cooling_degradation,27880.4,0.4952,4446.0,79.9,100.99,856.3,388.32,92.09,27.413,405.85,1.0508,0.0591,0.0,57.64,0.1336,180
20,163,cooling_degradation,27967.2,0.4936,4314.0,74.5,97.67,841.77,392.0,91.26,27.284,433.57,0.9512,0.1367,0.0,46.11,0.1336,179
20,164,cooling_degradation,27958.5,0.4938,4265.0,72.8,98.77,857.77,396.96,94.92,27.047,439.94,0.9458,0.084,0.0,54.2,0.1373,178
20,165,cooling_degradation,27912.4,0.4946,4333.0,76.4,99.41,844.4,386.63,89.73,26.771,414.76,1.1113,0.0799,0.0,55.39,0.1373,177
20,166,cooling_degradation,28042.3,0.4923,4321.0,73.8,98.04,856.01,385.43,94.2,26.385,422.99,0.9518,0.1066,0.0,52.18,0.1373,176
20,167,cooling_degradation,28064.6,0.4919,4366.0,73.2,98.18,847.46,397.32,90.41,26.773,432.99,0.9303,0.0924,0.0,54.31,0.1436,175
20,168,cooling_degradation,28072.9,0.4918,4337.0,74.9,100.68,844.9,396.69,89.26,26.88,424.47,0.923,0.0762,0.0,61.51,0.1441,174
20,169,cooling_degradation,28087.8,0.4915,4363.0,73.2,99.03,832.42,385.64,94.2,26.69,431.31,0.999,0.078,0.0,49.93,0.1443,173
20,170,cooling_degradation,27661.4,0.4991,4361.0,81.2,100.47,850.68,396.22,93.54,27.095,395.0,0.8894,0.0835,0.0,59.41,0.1447,172
20,171,cooling_degradation,28135.6,0.4906,4408.0,74.2,102.36,839.07,394.02,91.64,26.987,430.38,0.9917,0.0797,0.0,46.52,0.1452,171
20,172,cooling_degradation,27854.2,0.4957,4354.0,74.9,97.54,842.59,389.58,90.64,27.54,435.1,0.995,0.1105,0.0,55.06,0.1478,170
20,173,cooling_degradation,28163.3,0.4901,4367.0,77.4,98.75,856.52,385.84,93.74,26.342,402.63,1.0394,0.0977,0.0,56.23,0.1533,169
20,174,cooling_degradation,27785.3,0.4969,4461.0,81.6,98.75,842.37,391.58,92.13,26.933,390.78,0.8522,0.1053,0.0,53.42,0.1533,168
20,175,cooling_degradation,28218.4,0.4892,4256.0,74.3,98.24,860.73,399.77,94.65,27.1,431.56,0.8323,0.0876,0.0,58.65,0.1533,167
20,176,cooling_degradation,27642.9,0.4995,4366.0,69.4,98.32,868.58,402.06,91.91,25.956,442.81,0.9571,0.1089,0.0,54.02,0.1533,166
20,177,cooling_degradation,28006.0,0.493,4348.0,74.7,101.16,847.85,394.64,92.27,26.454,418.83,0.9862,0.0829,0.0,55.71,0.1561,165
20,178,cooling_degradation,27887.3,0.4951,4357.0,69.9,99.28,859.67,380.27,95.41,27.596,467.53,0.9147,0.0795,0.0,50.83,0.1596,164
20,179,cooling_degradation,27993.9,0.4932,4389.0,73.4,102.92,841.04,379.79,91.17,27.194,438.39,0.898,0.0882,0.0,49.53,0.1614,163
20,180,cooling_degradation,28163.2,0.4902,4304.0,79.4,98.58,858.43,391.92,90.32,28.399,423.06,1.0421,0.1269,0.0,49.41,0.1614,162
20,181,cooling_degradation,27917.4,0.4945,4320.0,72.5,101.6,856.06,396.11,91.49,26.257,428.4,0.9953,0.0889,0.0,52.05,0.168,161
20,182,cooling_degradation,27998.1,0.4931,4399.0,71.8,101.98,877.45,389.26,93.84,27.729,457.13,1.085,0.0898,0.0,48.71,0.168,160
20,183,cooling_degradation,28060.2,0.492,4345.0,77.5,99.23,852.72,386.31,97.18,26.712,407.99,0.9102,0.1048,0.0,64.46,0.168,159
20,184,cooling_degradation,27707.7,0.4983,4297.0,74.2,100.18,859.19,381.17,93.79,27.423,437.14,1.0244,0.0997,0.0,54.16,0.1744,158
20,185,cooling_degradation,27823.1,0.4962,4402.0,78.5,100.87,856.43,394.6,91.77,26.455,398.79,1.1695,0.081,0.0,55.77,0.1757,157
20,186,cooling_degradation,27939.8,0.4941,4392.0,74.0,98.71,852.69,394.78,91.86,27.172,434.43,1.0119,0.0791,0.0,50.07,0.1757,156
20,187,cooling_degradation,27751.0,0.4975,4364.0,76.8,102.17,857.1,378.28,94.44,27.384,422.12,0.9998,0.1193,0.0,66.51,0.181,155
20,188,cooling_degradation,27571.3,0.5008,4379.0,70.2,98.45,853.42,389.95,90.16,26.666,449.6,1.1195,0.0806,0.0,55.02,0.1811,154
20,189,cooling_degradation,27695.4,0.4985,4388.0,72.0,98.93,851.11,386.76,89.89,26.402,434.01,1.1472,0.1225,0.0,53.49,0.1826,153
20,190,cooling_degradation,27591.8,0.5004,4349.0,74.2,99.04,860.25,390.63,94.12,26.993,430.42,1.0066,0.0966,0.0,54.29,0.1864,152
20,191,cooling_degradation,27605.2,0.5002,4373.0,73.5,100.18,850.95,394.15,95.53,27.166,437.19,1.0158,0.0599,0.0,55.86,0.1879,151
20,192,cooling_degradation,27401.4,0.5038,4283.0,82.2,100.48,860.36,397.2,95.68,27.148,390.77,1.1404,0.1208,0.0,55.84,0.1929,150
20,193,cooling_degradation,27466.5,0.5027,4342.0,77.7,99.02,876.69,388.73,94.55,27.257,414.92,1.0952,0.1239,0.0,50.63,0.1929,149
20,194,cooling_degradation,27356.5,0.5047,4412.0,77.6,99.81,860.33,380.72,96.25,27.308,416.27,1.097,0.1195,0.0,61.66,0.1929,148
20,195,cooling_degradation,27248.1,0.5066,4486.0,74.1,98.38,867.33,376.08,93.55,27.315,436.1,1.0972,0.0996,0.0,52.09,0.1963,147
20,196,cooling_degradation,27461.4,0.5028,4361.0,70.4,101.84,858.17,382.47,93.2,26.282,441.63,1.078,0.1023,0.0,61.87,0.198,146
20,197,cooling_degradation,27128.1,0.5088,4300.0,79.6,101.35,871.24,401.83,94.01,27.258,405.28,1.1791,0.1027,0.0,51.88,0.2059,145
20,198,cooling_degradation,27029.9,0.5106,4333.0,69.7,99.77,858.73,384.08,94.71,26.972,458.09,1.21,0.0973,0.0,59.39,0.2059,144
20,199,cooling_degradation,26901.0,0.513,4267.0,72.9,100.0,841.04,391.78,101.9,26.933,437.48,1.0165,0.1174,0.0,53.41,0.2059,143
20,200,cooling_degradation,27002.6,0.5111,4394.0,76.2,99.3,863.14,383.23,93.72,26.853,417.09,1.1699,0.1077,0.0,54.89,0.2059,142
20,201,cooling_degradation,26920.7,0.5126,4357.0,82.3,99.14,860.33,375.1,94.65,28.061,403.7,1.1146,0.1051,0.0,61.72,0.2146,141
20,202,cooling_degradation,26980.7,0.5115,4297.0,79.6,98.9,864.62,386.9,97.77,27.916,414.94,1.0153,0.1001,0.0,65.22,0.2146,140
20,203,cooling_degradation,26614.3,0.5183,4343.0,76.2,99.16,871.11,377.55,95.43,27.63,428.97,1.047,0.1177,0.0,68.54,0.2159,139
20,204,cooling_degradation,26470.7,0.521,4396.0,80.8,102.03,882.73,372.88,90.99,27.46,402.37,1.0915,0.1406,0.0,61.43,0.2173,138
20,205,cooling_degradation,26367.2,0.5229,4357.0,72.8,102.26,854.05,383.19,97.89,27.064,439.98,1.2202,0.1191,0.0,59.99,0.2224,137
20,206,cooling_degradation,26633.7,0.5179,4313.0,75.6,98.66,864.8,374.25,95.1,27.813,435.47,1.0528,0.0896,0.0,55.2,0.2224,136
20,207,cooling_degradation,26638.1,0.5179,4415.0,78.6,101.84,869.03,381.4,88.83,27.824,419.12,0.9986,0.1172,0.0,51.35,0.2255,135
20,208,cooling_degradation,26541.2,0.5197,4375.0,69.9,98.96,865.11,381.48,93.71,27.493,465.24,1.123,0.1275,0.0,63.46,0.2262,134
20,209,cooling_degradation,26236.2,0.5254,4308.0,75.2,102.27,870.6,386.7,93.34,27.383,430.79,1.1353,0.1358,0.0,60.23,0.2388,133
20,210,cooling_degradation,26241.8,0.5253,4356.0,75.4,101.25,874.74,379.61,93.83,27.602,433.37,1.2591,0.132,0.0,61.54,0.2388,132
20,211,cooling_degradation,25794.0,0.5337,4227.0,75.2,100.34,866.66,377.42,94.71,27.615,434.41,1.194,0.1243,0.0,59.5,0.2388,131
20,212,cooling_degradation,26280.2,0.5245,4370.0,70.8,101.99,868.22,381.2,96.39,27.692,462.75,1.2504,0.1784,0.0,58.66,0.2472,130
20,213,cooling_degradation,26115.4,0.5276,4522.0,75.2,103.35,875.15,373.9,97.48,26.466,416.47,1.1619,0.1004,0.0,65.64,0.2472,129
20,214,cooling_degradation,25979.5,0.5302,4419.0,74.7,98.52,866.17,377.38,97.55,27.398,433.89,1.096,0.154,0.0,70.78,0.2472,128
20,215,cooling_degradation,25609.2,0.5372,4344.0,72.1,103.04,865.85,380.12,98.16,27.577,452.37,1.2996,0.1354,0.0,56.3,0.2477,127
20,216,cooling_degradation,25587.1,0.5376,4369.0,76.1,100.15,872.01,365.6,94.55,27.902,434.04,1.1474,0.1702,0.0,52.93,0.2477,126
20,217,cooling_degradation,25508.7,0.5391,4386.0,77.7,103.74,870.93,376.85,90.98,27.386,416.94,1.2715,0.0985,0.0,62.06,0.2581,125
20,218,cooling_degradation,25685.7,0.5358,4390.0,71.5,102.9,864.72,364.03,90.16,27.35,452.6,1.1902,0.1582,0.0,59.64,0.2581,124
20,219,cooling_degradation,25472.0,0.5398,4347.0,75.1,99.94,865.72,369.84,96.73,27.703,436.84,1.2741,0.1604,0.0,69.22,0.2589,123
20,220,cooling_degradation,25183.1,0.5454,4223.0,77.6,100.77,875.56,374.66,95.07,28.069,427.8,1.2472,0.1247,0.0,65.88,0.2595,122
20,221,cooling_degradation,25185.9,0.5453,4333.0,77.6,102.48,887.92,363.88,98.28,27.726,422.59,1.245,0.1123,0.0,73.26,0.2643,121
20,222,cooling_degradation,24846.4,0.5519,4318.0,72.9,103.28,878.68,374.34,96.3,27.418,444.98,1.2783,0.173,0.0,69.56,0.2685,120
20,223,cooling_degradation,24658.2,0.5556,4348.0,76.5,102.74,871.1,370.48,91.99,27.446,424.37,1.2416,0.1159,0.0,65.25,0.2748,119
20,224,cooling_degradation,24736.3,0.5541,4309.0,72.5,102.62,889.26,380.45,94.3,27.764,453.03,1.1263,0.1536,0.0,65.53,0.2755,118
20,225,cooling_degradation,24454.7,0.5596,4390.0,75.6,101.22,875.68,374.62,96.48,28.02,438.37,1.3003,0.1643,0.0,67.26,0.2812,117
20,226,cooling_degradation,24248.0,0.5637,4475.0,70.9,102.22,890.01,364.18,93.4,27.656,461.57,1.3688,0.1311,0.0,60.76,0.2812,116
20,227,cooling_degradation,24381.3,0.561,4412.0,68.5,102.24,877.17,369.66,98.78,27.417,473.71,1.2928,0.1333,0.0,68.16,0.2887,115
20,228,cooling_degradation,24209.0,0.5644,4349.0,74.6,100.11,882.94,367.44,94.89,27.584,437.65,1.2713,0.1719,0.0,72.84,0.2887,114
20,229,cooling_degradation,23967.8,0.5692,4444.0,75.6,102.99,879.43,361.78,95.23,27.326,427.98,1.3298,0.1319,0.0,63.26,0.2935,113
20,230,cooling_degradation,23927.4,0.57,4410.0,75.0,101.94,879.67,364.91,92.66,27.229,429.83,1.3872,0.1269,0.0,65.21,0.2935,112
20,231,cooling_degradation,23910.6,0.5704,4397.0,70.3,104.66,891.85,363.04,100.04,27.676,465.71,1.2989,0.0855,0.0,70.13,0.2983,111
20,232,cooling_degradation,23684.2,0.5749,4319.0,65.3,104.5,878.19,368.01,95.7,27.436,497.32,1.218,0.1638,0.0,74.9,0.3045,110
20,233,cooling_degradation,23601.4,0.5766,4345.0,75.3,103.04,892.15,369.44,96.67,27.679,435.28,1.3502,0.1339,0.0,63.69,0.3045,109
20,234,cooling_degradation,23415.2,0.5803,4389.0,76.9,104.53,886.8,355.16,94.63,27.795,427.56,1.3785,0.1583,0.0,69.02,0.3089,108
20,235,cooling_degradation,23558.5,0.5774,4483.0,66.8,103.94,881.81,354.18,95.51,27.196,481.83,1.3801,0.1416,0.0,68.21,0.3152,107
20,236,cooling_degradation,23354.7,0.5816,4440.0,71.5,103.07,890.76,362.88,96.98,27.883,461.58,1.335,0.1722,0.0,67.27,0.3183,106
20,237,cooling_degradation,23027.2,0.5882,4389.0,69.5,100.97,883.83,357.44,97.23,27.588,469.64,1.4013,0.173,0.0,59.35,0.3183,105
20,238,cooling_degradation,22739.3,0.5941,4363.0,73.0,103.07,882.03,357.37,97.68,27.35,443.46,1.3787,0.1281,0.0,65.67,0.3265,104
20,239,cooling_degradation,22628.7,0.5964,4399.0,76.2,102.96,885.17,363.78,98.67,27.938,434.02,1.3785,0.1405,0.0,63.79,0.3325,103
20,240,cooling_degradation,22367.7,0.6018,4386.0,71.4,103.35,893.99,353.51,98.08,26.822,444.64,1.3972,0.1621,0.0,69.46,0.3349,102
20,241,cooling_degradation,22288.5,0.6035,4445.0,70.5,103.17,871.24,357.56,97.79,27.154,455.91,1.4339,0.1786,0.0,67.87,0.3349,101
20,242,cooling_degradation,22353.2,0.6021,4288.0,73.1,105.2,893.43,363.57,95.4,26.861,434.9,1.4451,0.153,0.0,64.28,0.3358,100
20,243,cooling_degradation,22006.9,0.6094,4356.0,65.5,105.53,876.75,363.26,96.41,26.787,484.23,1.4025,0.1573,0.0,69.56,0.3433,99
20,244,cooling_degradation,21910.8,0.6114,4399.0,74.3,103.14,895.27,354.36,94.52,27.371,436.17,1.4752,0.1616,0.0,80.72,0.3488,98
20,245,cooling_degradation,21953.5,0.6105,4439.0,74.8,102.01,905.96,347.13,96.08,26.895,425.3,1.5039,0.1386,0.0,68.52,0.3538,97
20,246,cooling_degradation,21696.6,0.6159,4471.0,71.6,102.53,886.55,346.37,97.93,28.003,462.89,1.5179,0.1471,0.0,69.9,0.3538,96
20,247,cooling_degradation,21459.6,0.621,4266.0,70.2,105.98,898.31,369.47,97.99,27.264,459.81,1.5276,0.1541,0.0,71.2,0.3592,95
20,248,cooling_degradation,21265.9,0.6251,4311.0,70.6,105.61,903.75,353.75,98.55,27.369,459.05,1.599,0.1784,0.0,68.87,0.3612,94
20,249,cooling_degradation,21085.3,0.629,4349.0,70.5,102.56,890.92,350.74,100.24,27.162,456.08,1.5604,0.1954,0.0,64.96,0.365,93
20,250,cooling_degradation,21084.8,0.629,4279.0,71.0,102.28,892.52,353.53,94.84,27.796,463.0,1.6908,0.1439,0.0,82.66,0.3735,92
20,251,cooling_degradation,20818.3,0.6348,4454.0,66.4,103.66,899.05,345.43,93.8,27.857,496.13,1.6217,0.1774,0.0,64.73,0.3765,91
20,252,cooling_degradation,20561.8,0.6403,4361.0,72.3,107.4,910.28,348.15,97.12,27.884,456.56,1.6369,0.1691,0.0,65.85,0.3825,90
20,253,cooling_degradation,20234.1,0.6475,4424.0,69.8,105.37,917.63,350.58,100.63,27.673,468.92,1.463,0.1551,0.0,78.29,0.3839,89
20,254,cooling_degradation,20320.8,0.6456,4343.0,70.9,104.59,895.8,350.37,100.73,26.837,447.9,1.6463,0.1484,0.0,65.05,0.3921,88
20,255,cooling_degradation,20121.3,0.65,4378.0,69.0,104.75,905.96,344.46,98.24,27.473,471.07,1.6539,0.1722,0.0,79.15,0.3921,87
20,256,cooling_degradation,19652.4,0.6604,4272.0,71.8,102.27,899.62,356.6,97.39,27.96,460.86,1.5999,0.1577,0.0,80.13,0.398,86
20,257,cooling_degradation,19684.7,0.6597,4290.0,74.5,104.73,896.41,352.55,98.54,28.355,450.14,1.448,0.1777,0.0,72.06,0.4007,85
20,258,cooling_degradation,19574.6,0.6622,4291.0,71.1,107.24,903.8,357.16,100.43,27.942,465.17,1.4528,0.1529,0.0,77.08,0.4097,84
20,259,cooling_degradation,19299.9,0.6683,4251.0,65.4,105.02,903.07,351.42,96.82,28.229,510.42,1.6457,0.1536,0.0,77.46,0.4191,83
20,260,cooling_degradation,19424.4,0.6655,4415.0,70.3,105.26,908.14,340.44,97.25,27.394,461.32,1.6267,0.1974,0.0,73.74,0.4196,82
20,261,cooling_degradation,19192.9,0.6707,4353.0,70.8,106.21,911.83,342.48,98.65,27.437,458.69,1.5614,0.1808,0.0,75.0,0.4231,81
20,262,cooling_degradation,18584.5,0.6846,4417.0,69.9,104.15,910.93,340.51,100.79,27.844,471.46,1.7264,0.1818,0.0,77.72,0.4278,80
20,263,cooling_degradation,18545.0,0.6855,4347.0,67.7,106.43,918.52,344.66,100.3,28.081,491.19,1.617,0.1694,0.0,76.52,0.4317,79
20,264,cooling_degradation,18534.4,0.6858,4421.0,69.7,104.94,927.09,336.89,94.9,28.305,480.49,1.6066,0.1977,0.0,82.65,0.4419,78
20,265,cooling_degradation,18181.8,0.6939,4411.0,72.3,105.52,914.15,334.22,100.57,27.079,443.42,1.9148,0.1798,0.0,79.29,0.4449,77
20,266,cooling_degradation,18108.6,0.6956,4346.0,68.8,105.69,908.32,343.85,98.87,27.727,477.25,1.7901,0.199,0.0,82.3,0.4449,76
20,267,cooling_degradation,17703.1,0.7051,4366.0,73.7,106.02,915.88,339.48,100.42,28.403,456.23,1.756,0.1782,0.0,79.23,0.4575,75
20,268,cooling_degradation,17365.5,0.7131,4375.0,67.5,106.72,912.54,336.53,98.72,28.02,491.41,1.6771,0.166,0.0,84.37,0.4575,74
20,269,cooling_degradation,17504.2,0.7098,4421.0,66.2,106.6,910.24,337.14,100.26,27.82,497.12,1.7372,0.1744,0.0,86.09,0.463,73
20,270,cooling_degradation,17148.1,0.7182,4352.0,68.5,106.65,906.03,334.56,99.53,27.728,478.91,1.7866,0.2,0.0,72.55,0.4716,72
20,271,cooling_degradation,17381.0,0.7127,4375.0,63.0,107.16,905.04,333.47,98.39,26.226,492.6,1.8013,0.1725,0.0,84.57,0.4742,71
20,272,cooling_degradation,16930.2,0.7234,4265.0,69.0,105.98,927.38,340.14,98.25,28.67,491.94,1.866,0.2327,0.0,80.47,0.4883,70
20,273,cooling_degradation,16423.6,0.7356,4301.0,67.9,104.11,927.36,339.38,99.38,28.027,488.57,1.7974,0.1693,0.0,81.75,0.4883,69
20,274,cooling_degradation,16475.7,0.7344,4310.0,70.8,107.5,926.89,336.87,97.31,27.629,461.61,1.8441,0.1955,0.0,86.1,0.4949,68
20,275,cooling_degradation,16154.7,0.7422,4385.0,63.5,106.47,918.7,324.61,99.01,27.414,510.66,1.7771,0.2223,0.0,85.15,0.4949,67
20,276,cooling_degradation,16033.5,0.7452,4311.0,70.8,108.39,921.99,333.69,99.41,28.115,469.65,1.7824,0.2065,0.0,84.08,0.5028,66
20,277,cooling_degradation,15634.1,0.755,4360.0,68.9,107.06,915.7,327.91,102.28,28.109,482.83,1.8432,0.196,0.0,89.22,0.5102,65
20,278,cooling_degradation,15576.0,0.7564,4344.0,73.1,105.29,925.63,329.14,101.72,27.647,447.74,1.9496,0.2289,0.0,87.66,0.5196,64
20,279,cooling_degradation,15473.4,0.759,4354.0,67.7,107.94,922.29,337.23,104.42,27.484,480.47,1.9737,0.1873,0.0,82.97,0.5196,63
20,280,cooling_degradation,15221.9,0.7652,4406.0,69.1,110.03,920.37,320.12,97.29,28.21,483.05,2.0803,0.2039,0.0,93.41,0.5324,62
20,281,cooling_degradation,15045.5,0.7697,4363.0,69.9,108.99,934.47,323.09,100.19,27.836,471.43,2.0868,0.1783,0.0,93.51,0.5354,61
20,282,cooling_degradation,15130.2,0.7675,4339.0,61.8,106.55,924.27,319.58,103.31,26.892,515.35,2.1278,0.2304,0.0,88.87,0.5423,60
20,283,cooling_degradation,14373.1,0.7867,4378.0,71.1,107.84,935.85,319.28,101.46,27.857,463.86,2.0646,0.2248,0.0,86.3,0.5454,59
20,284,cooling_degradation,14493.0,0.7836,4451.0,67.2,108.17,923.05,311.69,100.59,27.958,492.13,2.162,0.2266,0.0,85.75,0.5512,58
20,285,cooling_degradation,14044.3,0.7951,4357.0,63.7,108.7,938.45,313.49,99.22,27.105,503.67,1.9484,0.2188,0.0,98.23,0.5541,57
20,286,cooling_degradation,13718.6,0.8036,4277.0,67.2,108.46,942.0,309.67,102.75,28.672,505.27,2.2186,0.2221,0.0,90.21,0.5681,56
20,287,cooling_degradation,13551.1,0.8079,4271.0,70.8,106.9,937.95,316.13,101.89,28.737,480.52,2.1949,0.2249,0.0,92.55,0.5758,55
20,288,cooling_degradation,13462.0,0.8102,4333.0,66.1,109.42,951.55,312.76,100.92,28.362,507.69,2.2888,0.23,0.0,94.27,0.5796,54
20,289,cooling_degradation,13044.5,0.8212,4282.0,67.3,111.85,941.22,318.18,103.67,28.116,494.18,2.0091,0.2274,0.0,78.63,0.5827,53
20,290,cooling_degradation,12577.9,0.8336,4206.0,60.9,108.96,941.93,317.25,106.33,27.234,529.29,2.3332,0.2092,0.0,88.77,0.5927,52
20,291,cooling_degradation,12768.9,0.8285,4332.0,64.2,108.33,932.16,318.62,100.27,27.625,509.18,2.1665,0.1856,0.0,105.23,0.6025,51
20,292,cooling_degradation,12447.0,0.8371,4373.0,68.8,112.5,942.11,310.6,103.35,28.787,495.36,2.4104,0.2745,0.0,80.83,0.609,50
20,293,cooling_degradation,12104.0,0.8463,4433.0,69.7,113.46,945.52,309.13,102.63,28.026,475.85,2.2858,0.2223,0.0,88.11,0.6176,49
20,294,cooling_degradation,11760.6,0.8556,4349.0,67.0,109.97,955.74,314.71,103.66,28.172,497.35,2.3879,0.2319,0.0,93.37,0.618,48
20,295,cooling_degradation,11777.7,0.8552,4369.0,68.0,111.22,960.1,314.18,105.22,28.167,490.0,2.3894,0.261,0.0,91.65,0.629,47
20,296,cooling_degradation,11676.2,0.8579,4381.0,65.0,111.39,948.12,309.58,105.59,28.065,511.36,2.5093,0.2479,0.0,93.6,0.6373,46
20,297,cooling_degradation,11113.0,0.8734,4355.0,66.1,112.64,956.75,297.99,101.94,28.179,504.62,2.4775,0.2155,0.0,92.45,0.647,45
20,298,cooling_degradation,11053.8,0.8751,4310.0,62.7,109.72,961.41,310.0,99.7,27.946,527.32,2.606,0.222,0.0,97.72,0.6509,44
20,299,cooling_degradation,11106.5,0.8736,4480.0,64.3,111.63,955.07,296.25,103.05,27.994,515.23,2.4659,0.2662,0.0,101.36,0.662,43
20,300,cooling_degradation,10679.0,0.8855,4291.0,65.6,110.13,947.45,311.29,103.13,28.134,507.86,2.4537,0.2615,0.0,101.88,0.6653,42
20,301,cooling_degradation,10298.6,0.8962,4375.0,60.8,112.56,964.96,297.11,98.03,27.934,543.49,2.5289,0.2427,0.0,96.79,0.6767,41
20,302,cooling_degradation,10043.9,0.9034,4303.0,72.6,114.49,969.96,306.25,105.69,28.367,462.59,2.6572,0.2541,0.0,106.34,0.6831,40
20,303,cooling_degradation,9747.7,0.9118,4357.0,63.1,112.9,965.91,295.89,102.77,27.647,518.13,2.6919,0.2581,0.0,102.9,0.6909,39
20,304,cooling_degradation,9588.9,0.9164,4375.0,65.8,111.54,976.18,292.28,104.04,28.273,508.81,2.6009,0.2672,0.0,109.02,0.7074,38
20,305,cooling_degradation,9273.8,0.9255,4338.0,61.2,114.3,974.58,297.27,103.01,27.801,537.15,2.636,0.2706,0.0,105.11,0.7074,37
20,306,cooling_degradation,9053.0,0.9319,4277.0,55.8,112.08,970.27,292.97,103.89,27.826,590.14,2.7596,0.2569,0.0,103.08,0.7154,36
20,307,cooling_degradation,8832.2,0.9383,4329.0,69.9,113.87,964.16,294.6,106.97,28.289,479.1,2.8582,0.2803,0.0,103.69,0.7209,35
20,308,cooling_degradation,8364.5,0.952,4417.0,64.8,112.38,962.35,274.92,104.9,27.708,506.2,2.767,0.2829,0.0,108.06,0.7366,34
20,309,cooling_degradation,8339.2,0.9528,4260.0,58.0,111.64,974.73,294.09,109.06,28.652,585.05,2.7257,0.2896,0.0,112.97,0.7407,33
20,310,cooling_degradation,8522.6,0.9474,4448.0,61.3,112.76,976.36,272.31,106.28,28.051,541.83,2.9627,0.2907,0.0,108.21,0.7509,32
20,311,cooling_degradation,7663.5,0.9729,4356.0,70.4,110.02,982.95,286.72,106.55,27.986,470.32,2.7692,0.2921,0.0,109.21,0.7573,31
20,312,cooling_degradation,7855.3,0.9672,4393.0,65.5,112.76,995.71,260.52,104.99,28.924,522.37,3.0056,0.2719,0.0,112.13,0.7701,30
20,313,cooling_degradation,7535.7,0.9768,4287.0,56.2,117.84,987.19,271.76,105.49,27.908,587.59,2.8337,0.2817,0.0,101.38,0.7807,29
20,314,cooling_degradation,7227.2,0.9861,4341.0,62.3,110.67,983.67,278.4,107.88,28.478,541.13,3.0413,0.2703,0.0,104.03,0.7909,28
20,315,cooling_degradation,6802.3,0.9991,4310.0,63.1,112.67,980.78,279.15,108.29,28.621,536.49,3.044,0.2928,0.0,112.72,0.7959,27
20,316,cooling_degradation,6771.3,1.0,4368.0,65.1,117.84,994.57,272.9,106.61,29.089,528.6,3.0437,0.2751,0.0,107.57,0.8039,26
20,317,cooling_degradation,6659.6,1.0035,4284.0,63.4,114.02,994.28,281.24,107.38,28.735,536.48,3.2616,0.3033,0.0,111.86,0.8131,25
20,318,cooling_degradation,6297.4,1.0147,4313.0,58.1,115.13,988.76,279.0,106.22,27.775,565.96,3.1902,0.3214,0.0,114.16,0.8248,24
20,319,cooling_degradation,5922.2,1.0264,4474.0,61.2,115.98,972.47,278.65,107.14,28.083,542.65,3.2289,0.3005,0.0,127.23,0.8352,23
20,320,cooling_degradation,5636.3,1.0353,4389.0,60.3,113.79,988.57,266.07,107.09,27.967,548.97,3.2689,0.2929,0.0,115.24,0.8459,22
20,321,cooling_degradation,5285.7,1.0464,4373.0,65.1,117.99,1006.7,271.78,107.11,28.652,520.69,3.2534,0.3154,0.0,106.07,0.8516,21
20,322,cooling_degradation,5145.2,1.0509,4372.0,61.1,116.56,990.43,258.31,109.3,28.812,557.95,3.5189,0.33,0.0,118.83,0.8646,20
20,323,cooling_degradation,4958.2,1.0569,4438.0,60.9,115.95,1006.79,255.51,107.33,28.345,550.44,3.3725,0.2964,0.0,123.51,0.8713,19
20,324,cooling_degradation,4629.7,1.0674,4342.0,61.7,118.65,1008.93,256.28,106.43,28.488,546.54,3.6093,0.3176,0.0,122.25,0.8843,18
20,325,cooling_degradation,4358.2,1.0762,4406.0,59.7,115.6,999.78,254.66,107.45,28.408,562.69,3.4628,0.326,0.0,123.26,0.8993,17
20,326,cooling_degradation,4106.0,1.0844,4208.0,66.7,117.81,1019.64,265.53,107.53,28.901,512.6,3.5561,0.3159,0.0,117.76,0.9049,16
20,327,cooling_degradation,4136.3,1.0834,4343.0,65.4,116.45,1013.07,262.16,109.15,29.359,531.04,3.5561,0.3343,0.0,120.12,0.9136,15
20,328,cooling_degradation,3632.9,1.1,4331.0,65.4,116.45,1015.71,255.95,107.45,29.024,524.95,3.5968,0.2957,0.0,119.28,0.9281,14
20,329,cooling_degradation,3383.2,1.1082,4319.0,58.1,121.64,1006.78,260.28,111.06,29.187,594.64,3.7041,0.3391,0.0,120.98,0.9406,13
20,330,cooling_degradation,2736.0,1.1299,4394.0,62.7,118.98,1030.0,255.5,108.39,28.83,544.1,3.8806,0.3699,0.0,124.16,0.9467,12
20,331,cooling_degradation,2984.9,1.1215,4342.0,63.9,120.45,1012.74,248.55,112.26,29.159,540.21,3.8945,0.348,0.0,130.65,0.9561,11
20,332,cooling_degradation,2672.1,1.132,4340.0,58.3,118.56,1012.7,245.44,109.43,28.781,584.25,3.8543,0.3415,0.0,141.61,0.969,10
20,333,cooling_degradation,2408.7,1.141,4303.0,57.7,118.11,1025.93,236.53,110.69,28.983,594.26,3.8025,0.3201,0.0,129.07,0.9815,9
20,334,cooling_degradation,2162.4,1.1493,4326.0,58.1,115.42,1021.0,238.11,111.97,29.168,593.86,4.0209,0.3428,0.0,132.61,0.999,8
20,335,cooling_degradation,1672.4,1.1662,4230.0,56.6,119.69,1045.25,240.82,112.49,28.883,604.14,3.9669,0.3568,0.0,118.11,1.0019,7
20,336,cooling_degradation,1514.4,1.1716,4331.0,64.0,117.96,1026.91,234.04,111.51,30.433,563.02,3.9848,0.3557,0.0,128.96,1.0129,6
20,337,cooling_degradation,1565.4,1.1699,4265.0,63.6,121.04,1044.89,236.17,115.86,30.005,558.73,4.1998,0.3345,0.0,140.43,1.0308,5
20,338,cooling_degradation,833.9,1.1954,4443.0,59.6,119.18,1051.72,231.34,110.81,28.973,575.48,4.0911,0.367,0.0,134.06,1.0399,4
20,339,cooling_degradation,586.0,1.2041,4394.0,60.2,122.11,1047.13,230.3,108.01,29.808,585.77,4.2579,0.3483,0.0,134.1,1.0513,3
20,340,cooling_degradation,309.5,1.2139,4405.0,58.2,124.92,1038.18,230.83,111.3,29.706,603.71,4.3709,0.3591,0.0,150.68,1.0687,2
20,341,cooling_degradation,245.0,1.2162,4271.0,67.1,126.36,1053.79,231.95,113.18,29.265,516.3,4.442,0.3918,0.0,143.11,1.0795,1
