unit_id,cycle,altitude_ft,air_density_kgm3,rpm,throttle_pct,cht_C,egt_C,oil_press_kPa,oil_temp_C,fuel_flow_kgph,bsfc_g_per_kWh,vibration_rms_g,ae_energy_20k_1M_band,alternator_ripple_mV,degradation_index_groundtruth
1,0,2143.863822296346,1.1307650654776165,4091.2945958962505,33.29713365556565,137.63247595316244,513.4051931826606,471.46006581720604,98.44729582624305,18.477962406703583,290.0056924346237,0.9392858258937317,2144.9459645233555,105.9766856374767,-0.014875335016349378
1,1,10.8827338781603,1.012777449506048,3428.9481770978455,24.023324791901306,185.65447825746548,806.5637167932296,68.18838071753345,104.58435484722173,19.428693914870596,281.1377343472852,0.8691969499019807,339.6811727503136,161.3606893087349,7.940246775803849
1,2,1168.5542024328527,1.143447151609372,4305.8099759127435,92.33828918268662,164.65224644597467,750.0197512011999,184.79857629564032,77.8001614075818,10.605166605449469,340.53518763860177,5.47621172091449,3887.0527432389235,668.3657413426444,10.069723201462436
1,3,4717.00474835179,1.1426628212553585,6632.996836032588,47.73620293065143,182.419483123512,442.72328358749905,119.86106542142213,111.91648119805865,13.417892388306498,320.1498641911991,1.7486415554407388,3367.1680503509383,188.48518390482315,5.05540749446502
1,4,4103.446936604431,1.0289810383982976,3476.637326767324,94.90777384392766,181.34504115343788,621.7633448025996,156.0234429054626,111.16608130210338,19.7627057897187,318.09800036305245,6.552736552999616,4537.964452735301,623.4588331214994,9.984392500719819
1,5,1996.3457895253011,1.2179727963307148,3161.695080030672,86.08790251396486,129.00721417103426,697.6581104844948,308.3310028684056,114.48116930262981,16.08610922598423,298.2163617848302,3.0199132862545217,1541.953454844891,153.25733899309319,0.045242887543538904
1,6,728.263357797428,1.1118792809152171,4421.045112429808,66.96335119690478,121.22135864654135,843.5469992389042,231.61977125036856,80.86669354719574,14.303640312702184,250.000015518137,1.6948146953853223,3913.4333792179677,505.2562506109677,3.997136706605365
1,7,1981.7235273370397,1.1251938589379598,3304.419686786781,22.450621254282748,158.46578873118972,774.0529691841756,57.53650307036337,84.56151281991038,12.825066794221925,311.5041533208571,4.944083773551684,288.53699085571793,397.1000706037441,8.998652262647944
1,8,148.36885841114255,1.1211171690068271,2991.505054108024,66.06269267913444,146.593299950355,561.2386376483634,109.36116953567614,99.62131857741647,14.797183733702227,302.02619264685296,6.7109437342892235,1397.8472196010196,705.3982331242539,9.914397678238094
1,9,2915.0104136957398,1.2113810134091139,2789.8989023983027,74.08107021444901,118.08065674166608,536.6357664377438,294.2495483489703,118.50892879697547,9.438469204224312,312.576550555491,5.917188667366506,3539.7283963738255,255.17644043362503,4.019816216958601
1,10,4244.007757251918,1.093755634889969,5421.080085737651,35.393120938448455,196.47615780149323,494.26349995562765,431.8379357380791,108.56685024407852,15.63393790968399,327.40233790152956,7.430028834603537,2642.4703985253764,523.8394546131298,5.052936309417163
1,11,3532.971910175988,1.2223824013421496,2333.3964537814445,95.54987684198225,103.10453725066547,539.1901796772295,392.129479992028,105.14278519687106,4.439045728317947,338.3990116828705,6.9957705513801764,249.53341588761492,680.1759795068173,6.998621127533994
1,12,2570.0058687097253,1.1593827663615976,4485.028899159595,70.83237648098691,110.72768376749985,857.1105754258228,253.39206683466568,104.47629727204392,9.24729082414413,334.0820724041714,7.208889809650328,1963.980005274596,77.85180277512497,7.053394744989705
1,13,1304.1849857691045,1.114936366579051,2241.847166643204,36.68771441578897,169.55597952676538,791.9037764390436,353.7852135369144,83.9703735041888,4.2716686764771445,301.990937146889,2.7973845541986133,4682.403520808227,670.4752542781061,3.0558741209786247
1,14,3696.577985328867,1.1721422904852945,2191.552704451371,43.612069343318005,184.79906097869463,771.9920495691896,337.20947240901654,90.89905675608553,7.277248138082496,283.05301990693584,6.509016631158992,1415.7478366691462,250.91216662683593,4.0093009961294515
1,15,3084.501110694208,1.0562432631908356,4456.647742028375,98.81156376329083,170.22024674577028,548.1521270967576,160.83532758124537,112.8106685605878,8.344161313503477,315.08250809913096,3.4136396304450702,2807.623220452708,517.2913916984683,5.959830494166898
1,16,1938.8911912946867,1.0713003005098012,6818.585598052293,55.967932612678155,161.28531745258525,588.8789351650594,229.84015852214122,110.85978161295745,8.557295591928682,276.4137241371463,3.39314752635517,1449.7236160812033,257.2127913536109,-0.027247103442265067
1,17,20.345956340472316,1.0032324025865105,5939.972556276219,30.21319587014198,149.14538433720892,799.5881009251294,376.3968954620243,116.38073384879232,11.568667065161648,256.06636422187137,2.5782245247569375,3802.0553109957928,561.4905645652681,1.0169050616636786
1,18,461.12967527637437,1.2209876167550386,6219.077672246547,39.52285424203757,188.8368996993375,626.8910335314815,191.495147987308,114.76390904358038,17.686365813045352,264.78796601965024,4.755762112343617,697.9503686337861,526.7025062924106,10.089138755798963
1,19,4656.989329512667,1.0436873593811686,5548.133662139429,32.19559360728644,192.06070220141697,807.41125263645,352.4602557211669,102.67588505549503,16.270658386405483,250.17627667175276,3.257062131291991,4344.19179808855,136.61412759012876,3.056886812599286
1,20,877.5752611674536,1.1084276271735687,3229.765544109313,86.85115561729872,144.9693929723609,642.3354278865891,284.7585882926497,106.85525918539076,17.79621905182771,348.5267397036686,2.6668803060127564,3892.703678679793,730.0423358250622,0.9876844887973962
1,21,2856.861662815793,1.0873808193496681,5035.924792874103,41.000167603628135,175.51473022345053,763.6812512543474,247.24267797501165,106.64964688575807,5.651305165476728,251.06643680917884,7.923509606044731,1996.1871589423095,260.0232578868467,4.021357676739017
1,22,2528.3822848960895,1.1952991542094387,2244.0275931847896,38.88678953022256,150.9995584616575,737.0389897447312,298.37246955303544,108.42434381691324,7.785592029389141,338.9811507087512,5.158563262741128,2545.2147662191164,228.5195991060624,4.026564672534629
1,23,2396.9060789163914,1.0566898107852607,3842.125395543724,91.57725418684558,193.8492510903128,862.2677809887857,158.04972023824791,95.27549883405216,9.132784196158795,262.7038542359087,5.087278352742896,3978.387390474006,476.65505904560405,13.063273908299937
1,24,2424.8497512199647,1.0373153857101225,2096.545405261862,78.64889112659525,113.6903652125246,552.5753593361899,76.31799724402735,89.92068786629643,4.562586636862243,291.13233770498687,1.9203516429161678,2895.325323635596,180.46875600322144,7.0985868268491545
1,25,455.5471016521662,1.071512973055793,4119.2702380979035,96.52273427509701,191.30153013994823,825.5564712844125,166.29362238683183,101.96956505179395,5.9138543869106535,295.16968094867235,0.21167980251671276,4136.313093832219,758.7390254718631,9.006038571407222
1,26,811.2622772046352,1.1905239175294984,6592.3244019318345,50.444704464961944,160.97847287601263,838.4909532693043,405.80105045473306,70.14360452624017,4.939343772434476,269.81918536252414,3.888317133939905,1624.7156330772204,610.6221322854541,6.077312051947178
1,27,3194.3260579281946,1.1807510467264564,2399.9012004146075,34.60801306537043,160.37259513681028,507.4753282693057,332.25781205315974,81.4191864957811,14.162039839028807,324.1799990547633,7.4051060345904585,1936.0557424238757,332.2128684251289,4.026998528814482
1,28,2652.220609329503,1.1774938934354748,4502.1917430080375,85.80156650075115,151.50793753736258,527.3458847649138,249.71630211582573,114.51088356945561,9.39442613949566,284.19413288422993,2.0249185486144845,1176.2330563312244,696.0897306503999,1.1270963527451603
1,29,1968.5633296322076,1.2189950384570336,5330.546352594227,50.72162595180551,147.36730262865797,488.6437117748749,427.0332159430882,107.03169325184885,10.94109195570808,271.23404300077874,2.969641648510543,1304.67278923383,655.6144143089471,1.0526780055289235
1,30,4886.270160455697,1.1527892900107108,5157.347718592024,74.37751613889631,117.49227735460313,492.4543055434791,192.7607147276923,81.77319482011393,4.016127946350281,310.26164856588935,3.3512007940502024,2965.5279113183833,522.745377539363,8.048346485196843
1,31,4834.831972502879,1.0410683542967827,4940.434381744533,70.08315472562217,137.36035886452305,759.186882402139,392.480836271089,104.16109453665716,19.060946365435736,331.6546522933776,1.4303672674920394,1896.1545707277119,754.556864823765,1.0962779149222095
1,32,2543.039947958315,1.0258304650985142,5859.416323622634,27.756583137908937,173.13454343854573,569.7139715718474,134.16071144098626,91.68905644554332,4.166294757934164,291.2279505250375,2.0598093482534847,722.6048629136254,512.3395512502195,8.13393128150597
1,33,436.57859254344345,1.085549785457207,6920.480938376839,72.44436254597403,112.41852684303542,430.7097595604544,325.7744793308814,81.87772400824402,19.198275575710234,277.72164917807754,3.5756825184152934,4395.619885156026,470.39573825961014,1.1208745087095995
1,34,2178.2227533697014,1.1664321937896367,5530.006791026581,90.7526935645828,169.94454990373552,749.5286398507011,180.3574769558392,92.02551568943487,8.292385015096492,281.3046027834829,6.554953995422913,4007.0001109793657,24.592729079830864,9.085776915364468
1,35,78.66285476887558,1.2216937181498058,5339.683591894771,37.3619461024775,145.3916140071642,468.4966456009199,494.6224932698812,76.96350737804616,11.150748512599908,274.22100888575494,4.190765624576421,4994.150715578785,421.83025066255175,5.113633420788898
1,36,1487.1757201121434,1.0537589339361573,4581.974432500663,71.8491009848733,128.28947460132326,738.7934468072128,470.46896185756583,73.35290639911754,16.046496797267555,299.63284936346747,3.5943928326961863,4089.3612822658292,592.2507636631627,1.0576961815737822
1,37,3175.0981649538453,1.2126634453478515,5352.825488560117,68.31150013426786,174.38742764997647,769.6938398945953,232.32367696902003,108.15789319372799,2.3285364245620563,337.13916764999607,7.364303299432344,4795.823520242898,378.27429260484683,6.076466972968333
1,38,2094.211311058596,1.2081099600815486,2339.7127711784947,33.46307046251779,111.46718018855998,785.6073176975435,328.3081670864179,85.41407084620687,5.875550803163849,314.89064240796097,1.0076351170170792,2375.5369061266265,275.333821787379,0.09743152552879597
1,39,3995.8800221279757,1.1645136511456364,3203.8790445763298,80.84053695619275,171.5796135277664,502.7142931504062,97.22400808053271,114.7206173813822,3.0189579871420626,318.46581774036895,7.109258847226671,770.9365038170959,87.79024324676267,11.021333660255006
1,40,838.1616720469253,1.064336453502183,6566.573897695549,55.26473923417649,184.8724061225682,632.8693022151681,82.86862819661927,103.88977715347326,14.170039721666368,316.7590424726864,7.618034015936812,1795.8794806682372,489.85866296850617,10.087073244488996
1,41,4901.90583314327,1.1898803721301767,3118.3349456883316,49.94837693686533,146.27595888486064,665.1403023377932,97.51133225797588,72.28009198881004,15.262893726295971,337.70903771800187,4.124949225254699,456.6275395974924,414.60724428320174,10.14130918776598
1,42,2033.3733883291789,1.2185584685033364,4993.08478792126,25.147748567798285,184.5562956435165,763.9246028232167,152.61147319782893,78.52459389952054,4.987417134529766,343.8079645985577,5.739393351150454,1425.9002551031997,576.636625940056,12.126210647655572
1,43,588.7878136194053,1.0180378544515405,4528.567212600088,25.687476972961008,117.55552115158625,412.091077247976,321.80529198198093,105.52049833023571,7.825755525747933,295.4315433254292,5.548050509654225,2186.01288339899,720.3671645158508,5.045646802107354
1,44,366.57570349062144,1.0143521963331832,5072.198841441724,54.57118754586064,182.69129312945788,677.5855805826662,199.6704336824075,88.97657333935331,14.55020572604326,255.4593431671468,0.3301172610612576,3801.690805120003,195.9106861745651,5.050697595883213
1,45,1818.7604251269374,1.083323198160688,3817.286456332258,50.03167348647666,184.2283005075127,576.8247651819361,220.18627823256256,100.69165068475235,12.345744304615483,303.6712148225732,1.6064640252047826,1967.3555189141366,197.85016537296704,0.1257604898397893
1,46,4398.039464390743,1.0008230907435087,2878.771984936997,32.72627797068396,157.0397533967619,689.9229773281509,109.78080367896992,83.22883643910845,8.6429445211687,289.0553377219256,5.22483122069223,2171.303182107586,251.03303366597123,9.089343734721846
1,47,72.35630489358601,1.0037321330154814,5034.951340636995,82.35422112737689,175.1035469518386,593.2120515486978,151.4535901037907,73.45234650869247,3.4634377846024296,265.02378983569554,5.228408878229395,1983.380160148513,401.169131562465,12.079875633880167
1,48,4771.321101425054,1.0630361626415983,4568.825242784591,92.42759771366445,184.21855650478014,612.9765353456378,492.42098658424584,93.52527675451302,10.979881686875084,328.28850302010244,1.1676846488269303,3342.0942711139137,488.0671509425472,1.1311676990960666
1,49,4241.892891859883,1.204430822385871,6809.268267923717,36.77739188806861,109.84786173442801,873.3229220541614,57.929025926284105,93.75594530645549,4.428744763841417,310.3786928628161,1.607170526663205,1788.9567959099616,39.77687722147444,10.09607032889745
2,0,4209.897971853204,1.0744500768493026,4330.989718857318,27.94119115425474,158.63689378840758,572.9633042095026,135.62714635853598,90.91255797553336,4.070391923062574,290.61790256242494,5.090481441070623,2398.4645099967356,513.2426386366542,12.11884309994997
2,1,4031.0713526921522,1.0757052358270585,3398.9885049717996,26.764609311534144,170.43592453624169,459.17044832484004,472.02234419234213,104.13365561748742,4.613295079779992,296.604919459555,3.4228135231648142,4675.683432568653,620.3403479182678,3.0903560612912564
2,2,2778.624489304974,1.0981904649231278,6690.492071179927,54.83737548775879,167.64792102603792,558.8113299078441,393.3507564628665,71.43946428113367,9.42290560824149,339.4860343116769,3.610853487331537,2994.2599541825352,132.64457304905633,0.11583206872680415
2,3,43.81452621472937,1.1813498346837905,3841.6545844294933,42.136963740592854,121.92897021392656,855.0105944973084,153.27060737404904,88.29893987488637,9.691867644275085,327.18214368190957,5.017270643377502,4890.308701679069,562.2457164852812,13.058790559999798
2,4,274.89972441907315,1.2043172115349847,2817.9461229122635,21.908908033827288,143.7486093085409,628.7759091299483,344.42256038302196,75.58398365554358,5.952268284239385,282.87502333264416,5.83472969790181,1447.0538499547831,317.5444272733441,4.078854121000836
2,5,4495.626436734776,1.0319948076072185,2582.043091680769,51.54734854986774,102.9704638356761,613.027389841432,402.31627856897387,85.44205104793053,18.521682523855088,266.93962589266573,2.844391006947179,413.09552617952346,491.69386984447567,1.138788034408374
2,6,211.6616029719476,1.213395127849632,2800.688813778842,45.12253837407754,191.41487444973066,816.9627206571869,462.57399666113366,111.60047715916141,4.497720018378101,299.01601284031113,5.96380781183064,1626.245051777466,187.71746408508952,9.043928918333856
2,7,1772.75414546813,1.170286956548834,4750.886051753225,27.802301665379012,139.9051413597656,691.5919978809914,247.7405267755697,89.00635338703333,13.468347122842152,329.279252586698,3.078534451240456,1738.6376089522357,112.79801276965723,0.037051476420244006
2,8,2997.6977883289546,1.1972165861971686,3893.8613819716084,48.541340527970846,118.57127439862771,699.9370575553509,416.80086178134235,98.95281592303412,13.9522630752796,251.1589898725401,2.0681654312184965,1119.2206782076596,554.2974791166025,1.1026567286973064
2,9,90.6792691782532,1.0658636894115232,5012.248315590054,96.86329293404485,179.57535158516515,495.15569038368403,179.11767820468117,107.82244673873876,2.434710363305622,266.4120012007616,3.955209867269348,4199.382535884083,569.5564021367155,8.160427011158754
2,10,891.264675584515,1.1138992159491943,5611.069372844973,22.036635904664568,103.0047213795049,883.7173301043406,340.3156938730812,105.53746159812734,16.24504586420752,261.04680067236154,7.406001588932182,4427.151985672935,743.9292223493154,8.129072785642435
2,11,1590.6064443260505,1.0134324782497666,6681.4750649803245,96.24700748484744,178.19747210178508,679.4380061510348,469.1814860818573,70.82079443010672,3.4130483147916837,344.55192369722,1.1366557125983876,4859.500113111794,381.82131018586006,2.127413712336256
2,12,674.468331817259,1.0834562714885458,3887.3469994486877,76.23123110030748,120.68956567908741,510.8211915242182,140.50352991693018,101.96811394779337,12.914054897351015,261.92726396163886,7.798824665351184,3796.3645282706425,35.29729233640694,9.06855147783453
2,13,2755.4856889539014,1.1995243702594096,3678.4017936064192,21.078691948897557,107.0009280395677,678.9147745197992,351.7529427170316,105.34233473112047,14.247454257603232,265.9067477607804,2.0851612873984613,1243.3512125295217,659.8904630184558,1.1914065268075014
2,14,24.931511159345664,1.2225739652886376,3715.764836018421,81.31396450337775,151.78748745916647,791.5630124615179,247.58623928151792,89.66356483545333,3.2954989721956345,327.0020085962445,7.317777190484896,1720.6748346826648,694.1422408170969,7.086904513197845
2,15,3339.8548234331165,1.0179940618181766,3736.467535106951,58.45401180840635,180.31850884419669,433.89901476924916,114.25473202584831,115.67885595922053,4.953133577034009,313.52963810836286,2.435681656743144,3000.2466132330787,629.2469176343968,8.162126667341365
2,16,4597.776758769751,1.0302395261250392,6276.927328394735,35.37300894372146,199.6065606062535,510.4742280355698,450.75732128612054,107.40526298811608,11.390084665473475,258.26216189887134,6.135595218824342,1486.4571964307625,112.45775299329871,4.126583640084772
2,17,1818.2666456436907,1.0727419364130115,3975.915220454168,96.68699698401183,183.57106525299824,491.10767269202097,100.33235866850904,111.2045300472214,12.790630504682982,285.85090870036794,1.362216397041481,3747.3043192232158,443.4493466479347,6.1898219183289696
2,18,1362.6355030122634,1.010006829078889,2408.6397829439456,57.94713709865755,135.4427267763106,769.9420031540185,181.71379929447983,89.72765998657493,7.528874343313177,330.6881635628312,7.699953764338684,1661.6145487706642,15.770605492886403,9.084385171649936
2,19,1548.1643551097086,1.057617308429594,4841.94143167473,46.17950013377843,171.96914298713943,537.6486427511867,455.70227754259065,118.5935724231375,4.351478511131451,349.770849740912,5.7900431272717965,2345.1392556470323,174.6308155343273,6.116928309746703
2,20,2728.2038642627317,1.1029395699788571,2586.0683737211048,45.201388511684044,161.4277961462644,660.7065256978012,132.84045932792202,98.1466993772076,7.200039155528771,338.25998895112104,0.17121611378278268,1362.959602329432,78.39906755879952,5.134597300679356
2,21,3385.5090536110783,1.132847768525972,6393.878511789973,21.51514083938401,122.61639100327578,639.4548211169539,439.66548295601035,91.25368690184084,6.7514821448195885,263.7677644996452,6.214923960509213,906.3920336107526,421.16398091104895,5.077966236520514
2,22,3429.4851975393763,1.1213022709305538,3037.017114795804,34.677583031701936,165.89646837583294,737.40161694517,231.1877746236451,94.00194556916004,13.377147814103266,251.70068015813354,3.3157610512358837,2525.612102929944,650.2856704272863,1.078391688749469
2,23,4520.011206098168,1.0058733289720128,4123.870242566524,28.334075302933755,153.69333447201964,435.3051561054897,328.29909078250944,109.78594722988282,10.303547777412295,296.6536435935736,5.122532321975591,2441.2338784334324,93.48036585891172,4.085736616410955
2,24,2066.4149408203016,1.1552317290034693,6064.412369304708,25.436018635255586,133.9536820217822,517.6337584582939,109.8823622565108,94.79155917012837,5.52746137810275,312.084593132198,0.6853117060098926,831.5187722263031,557.0440632039924,6.177365760977413
2,25,978.2250945907261,1.1543420948820222,5829.9824599364365,94.5154268410482,194.9668851888052,656.9408002437733,464.067568081318,80.86599086313763,8.148050957602223,266.54406890038894,3.3784146640481194,1908.6922527483407,469.41281607596017,1.1378650671531834
2,26,3614.3311075356855,1.0409143936772092,4246.342043987799,51.259559657215654,197.57081065648615,775.3473021864887,207.08576049645202,96.84284513717903,18.082027588924127,291.8077026441891,6.990390810526662,4478.858840495797,513.5523867063813,5.159519335349212
2,27,970.8523558476079,1.1268146804354866,6487.147984605819,64.14133439939586,129.69779829796323,604.2818959753223,435.21046349072054,75.81759008470749,13.25357610441452,344.2066002003767,4.15698223557092,3961.1870189247174,605.8385585073687,5.187829648838803
2,28,1781.3467959852246,1.0556802029004648,5998.9106207995055,29.89795704824063,122.56984058460114,518.5008924921998,232.10657279935486,86.12640271822048,4.963834214804332,255.69894618679328,0.5400457392253466,3950.249895105886,475.52491439499147,3.2502498551751664
2,29,862.3549678181547,1.213091770429183,3781.834532831441,56.85402955745836,194.65723472839883,459.6626397694591,192.3877050031541,81.99495067276446,15.657548346432646,273.164293010401,5.87281161269,1669.1603566323208,110.62775851850962,9.227786977363245
2,30,365.2944206360975,1.1508808957596384,6895.357888459782,93.8892624842421,190.67863461795568,870.7824129873411,476.84234391024427,113.96980643079752,11.109823483912466,348.237927549486,7.578327952791651,2169.86341873967,116.00075247734594,7.204063057082515
2,31,4001.9050953968176,1.0059487101726134,6331.399868895963,76.51257796042974,173.59558870224288,691.7601562969089,203.7723129917726,108.81826200607972,6.489453206059177,292.97593978709926,3.670141232686687,1747.1134067889336,111.62159123455035,0.18261653733120758
2,32,1463.2008650851192,1.1207962579595925,4972.708859736978,52.33453319074936,172.71314668817706,477.0866608482708,146.4911624381275,106.81303655788955,16.71506322811178,338.31210990136054,2.8946993713436755,2115.228961334845,105.65694806835633,5.137591282703982
2,33,3827.7096718704915,1.1423198463452873,2632.1815323021365,83.22481676631456,194.77676360273938,515.550050527442,429.9762410452213,114.50151940307329,12.393249638157027,346.83330961110744,3.353456168690251,2241.7885524833578,474.1350635893704,1.1935796454527698
2,34,2115.0063824332933,1.094314882569205,3346.8412512803434,40.23104536709169,142.35937029723448,432.7530852782454,228.563014526528,94.27143721316529,9.53748048147505,346.123670780574,7.766345333942345,411.647156426079,698.1696343318977,5.191133377601882
2,35,3296.501812929262,1.0999593083041181,5161.357466552854,61.442825925124076,112.27501221620926,848.1064978775128,194.25656306230053,81.5489674960138,4.801684661683218,338.81274037195874,5.410459796308243,1713.3892428460438,184.72228574234364,14.11405254917393
2,36,570.1383361872253,1.1304321046442536,2876.511500674512,62.12288344564254,179.72848285986703,629.819134704875,458.66915707380565,79.14797511603935,8.990603564065708,293.60442852894255,5.440489048359758,3453.454197725242,683.9340945260764,5.186903110845099
2,37,2326.7528796365905,1.1822848429510782,6353.800800689548,74.63667475538023,120.24080014759211,610.2154489800816,430.60330049054124,71.08148163325687,10.352246229996293,259.53863830609674,6.0988726522986285,398.8470150105549,387.41968730667054,4.176376678812286
2,38,2969.6868492145954,1.2108623553286635,2167.421634123754,21.21379941324112,152.87109264301458,771.9184673805377,192.31000936656937,119.85067594167367,16.75153117058454,302.7900710360522,4.830703151161473,3799.7601697346545,80.24154364555415,9.160575843754636
2,39,4448.60603614096,1.1150108366658467,4264.472202758621,76.88731309586134,190.11142188536616,767.6223274695404,167.23409753961818,119.68986123617846,16.485576940381037,289.53996986078425,1.8735907845284157,742.5591231337928,507.1925546309193,6.277211665142899
2,40,4845.307247965042,1.1313958032763594,2177.1697508298935,63.89467640340062,151.23041006731737,715.6094600532633,415.89121350024635,109.61263273108455,2.0782797564000353,347.0371421615227,5.957753499695905,1782.6554494980328,94.14627812435286,6.259336045691331
2,41,3171.147159216343,1.1196455102628973,5094.730257924317,27.56130789604537,155.5991172874028,616.1246371541772,495.11121325438336,113.73498559556518,11.055057582809047,310.9619589862461,2.022611088596969,4114.840177670721,468.2344211674961,1.2047628095616927
2,42,3555.1341827230367,1.108065634751833,5664.816513282318,73.87980422935401,150.2960431987064,598.3205107070906,350.83829397983123,90.85865564686564,12.575117707213499,262.7977207236798,4.311475090403812,797.1141118402053,369.4953525623135,4.176821108037849
2,43,3338.3422564530083,1.219147026291668,6453.665539874026,54.21593714457742,171.40681426033615,639.0625019538943,226.24688378436028,97.79181482690329,5.224398999932506,261.33358811102624,6.775401518493602,501.7264954698224,267.7012485909311,4.2097919589861394
2,44,1501.0866191260336,1.1878692427496904,6654.4799867817865,26.05077589381291,154.6735010053744,502.37127075372797,378.49309792917074,100.62314131761076,19.974784033762717,258.12381570538344,4.866361650471925,188.4754249247825,258.62014345909745,4.194596605439121
2,45,186.7169699040644,1.102553666180696,6692.719708271632,74.2365224207879,162.3685836117802,655.7032355838155,60.49364249554316,102.19606688713444,12.109710629678585,274.09061109550834,1.2946478838534272,527.4404486291744,310.5728352025977,5.132958736252706
2,46,2596.4641635829726,1.1718225189416112,3306.344679873114,62.156313266568795,118.37180642051645,769.24034462277,219.45303838624235,114.72884692136034,13.176891441205267,309.9059574071063,1.168345979772563,823.954758580167,647.705923341181,1.1753830726741645
2,47,464.36946544252453,1.0625500486162052,2904.7655540821725,24.28617230941874,181.7598445905768,612.1050606352958,213.926212984376,99.33492224453626,19.222412297575307,294.4937178624304,4.302474381276894,2250.19404601298,257.7816997029138,4.144908775718318
2,48,4379.882514485019,1.0417588369598791,2018.1715907802381,75.84415311965158,164.9027491358869,777.3559766571343,395.5815691696123,107.90409398145721,12.584237380634521,316.67745948502306,5.168625793787084,2436.0044824553524,537.9592954410766,5.1800729992973595
2,49,3879.5965327740996,1.1357573126044003,2195.249866346646,80.75735857168613,102.51980219063643,414.21301604655247,235.9105406099436,96.69060949977066,13.655331713138905,286.41424184850695,6.897772455353097,4065.357753155243,522.0418737491611,5.245514868780552
3,0,1722.1513416254447,1.0112442024385195,3880.655695316516,57.66786976310652,148.18420381710004,612.2061210652286,438.1774788784873,108.94697005018668,5.14847760290737,255.91485772668352,0.540373978430995,2707.5948403909897,552.768617871535,1.2244397096504498
3,1,569.2172103209319,1.0578669751378067,2576.375497694938,42.795271384882,190.64354145328278,673.3097303190843,70.49943688561328,114.38287036120042,2.6601174367325737,313.780450376511,0.5074988641265948,3529.7214167783827,329.83920814280356,7.25059281315736
3,2,3737.093495831947,1.0659929795661347,5121.746207674651,35.405122772930596,102.43689598317505,886.8716459449331,385.34478563597247,88.28051727067027,8.178378631918719,259.14916950516704,0.4170694354944029,3086.1117619483994,193.81253926907803,3.0753842136119505
3,3,824.4817747002542,1.1235473720360023,2152.644530399312,83.34816254960113,132.70224816715648,673.2127225119985,216.7501402193866,110.24446822999857,14.131529092249906,329.3375548347992,4.741137583286825,764.8527916541968,541.4716360266865,5.211270745824581
3,4,2251.9702502498303,1.1925736885142073,4512.605545291561,50.175587672462484,123.93692386129223,837.3890604253322,280.42143714145107,96.35331120435202,10.693678804470254,288.1848070747743,0.80676730105832,4754.740307656285,787.088632475843,4.357080999167803
3,5,582.4304397114438,1.1444716923507567,2551.657771936113,68.10396182402367,144.42348537486436,429.4871574089229,393.62673418348805,77.756804491506,4.5772964425528695,285.5765025767522,0.20997688533291825,4234.133223011986,504.57209064456794,3.2354421918475795
3,6,254.07968189108288,1.127986874704522,4340.344415315776,95.38159501346955,161.47559102421505,457.5401504394786,111.44021957791503,106.49444480793898,14.531061649533141,274.8411428443795,1.715512691377923,3354.5772962338665,273.9942646763085,5.21815777189657
3,7,257.3887345933179,1.0153443273416518,4220.913612428571,56.33422639997396,147.30914497811398,700.8249961219936,292.3300081175271,110.47607149888222,13.194286379039587,275.8172615929146,3.649856268413306,929.763663814379,724.2097905022275,1.1795136236635935
3,8,3990.074060604106,1.1126235906241975,3974.938012638301,89.74486533357656,136.56821832111297,489.79480816072277,294.4634173889678,116.10000416981751,16.93377186188038,334.0827357745531,3.5139095683197117,3735.0493170937034,449.83982919561686,1.2435417126988182
3,9,1747.8372322946884,1.1731192971955837,2416.338704283003,61.59477450112363,125.74226479615896,591.5199088000053,240.21998128598662,97.9918117442871,7.218950816632158,286.7140273108791,7.1903456049524825,523.6460484905623,713.8146917474878,5.283957470655306
3,10,3709.9906545982813,1.1655493079594916,4533.330764780635,32.037482078519005,112.93854724988827,862.0217919225181,164.5363221147888,98.93681080337173,9.171295320020993,344.5601355232354,5.54584231155875,3492.6192141811116,579.5935651415468,13.266854269773663
3,11,740.5572176332065,1.1741794348154282,6678.442476884903,69.45392427855525,124.81718886459971,835.073330109919,166.7174652490513,86.33486382891097,16.919055566964396,341.8389919143808,0.9820241525898314,907.5873165675582,680.1003114902551,9.180870361002823
3,12,3952.267736428157,1.1862693313759602,3188.468442880588,76.34524219575027,185.44152362598822,839.5111793266617,154.54540314434206,99.24249030892744,4.8815681987892505,341.57485402696534,2.634352153597681,4611.521140461288,353.162135724597,10.181666837942187
3,13,3696.162844728802,1.2026949347486064,2090.14665864357,90.91963513171657,151.10537898772964,766.3201029335023,374.28880457282327,78.43204955645433,13.09329335880598,295.8495138201187,4.421832395836342,4895.769640014058,764.6552076295487,5.226044892495995
3,14,3541.468341750079,1.074925527716702,4446.42451440927,89.82518072953597,162.2865469403929,530.9904715176943,179.501674253471,105.16217782669051,8.420825247665734,257.90829685468617,2.3158660718589386,3903.048315264229,305.55371532987414,5.175343872959344
3,15,3098.0320230863495,1.01600232333893,2667.493647225415,86.71908614232501,183.1169992896474,409.4854035907435,482.19729449598543,105.71341045853877,9.769012762687591,319.5470650682945,1.6385626582458646,2347.5159941191796,339.4248941238984,0.21137970322886362
3,16,271.5776585620183,1.1951326633973225,2549.3206133986355,91.70445969448834,115.90494435276555,717.9555159831846,499.9328442648124,91.8219880905609,8.500988531982866,348.6977911387703,5.450078752824425,264.18984506704004,169.66130444073158,4.223698464701299
3,17,2233.716881465023,1.1387944835427213,4306.524075715815,67.37430252114686,151.37033246631003,896.637540059096,488.58285658319903,80.0161885553825,4.878925626800521,275.3008105992021,5.40861495689211,1560.3314714823746,525.9560707929735,10.181979418846007
3,18,4703.840526948685,1.1158562468604032,3190.0750918576737,47.67914926704853,161.86532687427592,766.6869097170827,77.44789401832753,95.3754288779969,6.114720841360225,313.77632338185623,3.29883122096685,1300.0502380527876,737.385329644527,6.286445133042997
3,19,2436.6525992255224,1.1578802271826323,2977.11951359027,39.08943506764955,155.67367316555058,401.30655038882276,411.9530442272798,82.63444228837749,6.756266327393377,327.1214520774196,3.7542006086255864,2851.029014849341,43.89294727809962,0.27946604811831793
3,20,4670.530151013428,1.153765911794477,2617.406441073654,45.925635762462136,185.1871369098134,773.7504583252496,247.80373914419442,115.46120115895451,7.141822442402145,334.21610448017674,7.961286544590471,1178.6986629361188,604.8401450092374,5.320445666639844
3,21,2148.2397543734564,1.0992098546607378,2904.9267380145675,49.564093261338556,130.5832923384856,426.0446055194365,368.16441543094385,98.52995473672898,8.27354058944416,278.0348878686215,2.731963837412771,1734.0528986928634,347.8096465249163,0.1722461978536509
3,22,1952.153493728232,1.0606989872111927,5380.881052839879,71.54744102946123,115.45808529449425,542.8113731690958,191.76071494572616,82.18593479934297,18.173210921183312,258.5118072248321,3.543430173117231,1563.1943186764283,610.1235993515135,6.187306578766528
3,23,2950.447904404908,1.1601583056242422,6816.30606742568,93.30333892530909,117.23089133526011,655.0539454119726,354.77387870992544,84.51794324482678,5.414493435006624,315.97529337848675,1.5733611156150455,4790.08341940046,348.2905661246737,0.20504858840500595
3,24,4344.922153481482,1.004206089381412,5408.147219441957,49.67166538676806,144.76429566185112,896.7614597998977,197.88655059178302,72.77904271249434,5.912277236406332,326.690664091501,0.10568283696148899,1530.8612905049374,422.2294866497486,9.268133457689173
3,25,975.5178281911991,1.1421145584014225,5662.580449088975,66.46986920741747,170.0425722634076,619.6997358639865,370.4865527141271,77.31777422350058,15.486139280787599,301.1137593859206,7.977697102432624,2823.3806664679128,277.1937865529026,4.196284862477426
3,26,4549.589424332661,1.1828557795989836,2878.1060276298385,21.351969226825176,160.3095093741581,831.2835482327714,74.69610267454733,106.01020091249896,18.210954122734897,349.6142444237528,2.0363908367887524,839.4722360443208,797.318893057619,9.217288890106575
3,27,170.11705091950324,1.1223216167997343,3280.68618956348,33.27882394862252,135.53127834633977,500.94562173610655,486.9351853986168,88.14266986366611,19.28149261032738,260.4500919849164,3.0124837321452613,1353.0549635232103,119.12704927963544,0.236773880131048
3,28,2152.7840757298322,1.203035829564962,3349.413538618528,95.60998928117012,161.8309449744002,574.3211235934099,177.34222866821835,81.45862137195178,14.451847642789609,252.4971269133969,3.4611909070449722,612.5248030604843,597.7782951144504,6.244042302623385
3,29,1984.3004633284706,1.0650620681334169,2770.464598594581,46.90336347961285,140.0713847014291,541.1690759265333,426.168935371182,79.87824723920511,3.058166508655892,279.620008412309,6.937019095642761,1947.236499595226,215.15265410364043,6.264271456795015
3,30,888.9334627236912,1.0278030868633163,2888.7977286635223,51.44419586315315,174.8618672072222,546.3225265586435,142.02887645411576,72.94000931689848,9.218778272160272,313.3941920727245,7.795938637497807,2877.182687434563,775.8010361080557,10.24346712477675
3,31,196.24240676635318,1.1146563393850277,4485.619753814992,76.50888169778926,161.3594466259729,565.421232110135,394.7391245962525,98.74401313330924,3.405009168222693,259.9213377586515,2.598505104410225,4610.162939929134,525.9589886151209,3.2284274329861313
3,32,1657.7164848600962,1.076782295337094,3607.609874968148,45.98055026281841,198.56168742508487,412.81389869334663,497.7692559691326,95.96005575428731,8.071346857670807,326.3362800272356,6.691786529022547,2081.967390458809,637.8584427126399,5.282080717473456
3,33,1318.4837980246862,1.1841095530853971,6275.651098620692,98.81982227879517,153.90565600220165,725.3187661759227,412.1394346899351,72.9806766127513,3.543481420807014,261.97987764617847,7.3079213411796475,4124.34410215828,75.40944513867436,6.179933962840148
3,34,2241.6656366737875,1.05220359866441,6368.637598005128,65.25459305423465,128.69232187559442,807.5148298086254,329.2810914567943,75.42253615856315,2.467838614419911,268.8705233066328,1.7797320113766122,2303.6681347392237,597.8280992679969,6.325888909698106
3,35,3169.8489513328573,1.0982942378979632,2952.4724086217866,30.98486424459366,122.03683516583496,408.00223976566383,470.1422676270788,101.81528293408086,5.287139034369095,303.0140960456348,4.71499496335198,1354.606305118485,177.96591322745297,4.285150666184991
3,36,2499.8701967700026,1.0719517503976324,2651.477435087949,66.15169967312062,185.41810975878553,759.8803604551915,378.26659817716916,76.95181031457831,5.97027108530173,328.8830889397467,0.12491050888942569,1601.216856741846,37.36236573248924,0.37496060608958737
3,37,2216.1941073979824,1.1535340051085368,3030.903321330088,31.936338756902487,137.64016997986533,718.647084741124,450.1785309785019,115.980482392223,12.724169084555243,338.18900793135447,3.9228723396022427,1683.7386760861295,763.607106105409,1.2819621804340076
3,38,2061.8543702087554,1.0627625307771653,4088.827293508707,91.71796073637358,138.62795124282673,469.117880312043,327.2684120173687,79.32167899639656,9.030093679644,306.22690826483864,4.563458310451582,2924.6989228103275,167.36436050219606,4.253956757376963
3,39,2604.6920612205545,1.13579440412788,6837.125267966744,65.98381975533152,194.19695232539814,761.326167363193,492.41886159965384,77.4916834652818,7.687950842683818,250.73770349168544,2.310419372609429,815.5663683829573,738.2977717708839,1.1923936668117556
3,40,3564.1237848196633,1.1810759766405763,2234.3277574064778,63.72490895511848,178.09132920479894,730.539455880848,230.79748519590308,102.60595175258442,15.308687508411236,343.6705561594506,3.2860939639602083,3024.019938613625,719.9378816634089,1.2846932338902999
3,41,833.7873215681346,1.0219851189938545,2400.344158668581,49.512801618044435,130.56113784215202,878.9039517393164,434.04307781810104,80.42978920552788,8.341774743686944,322.47364999713864,4.751225506349937,1991.4662328832828,480.4341181482036,8.280092685948965
3,42,1342.2684966980376,1.0438228208756357,2330.7906582013466,21.004000236467057,117.82990800422137,588.1493904458213,317.3813880555552,111.82325458628367,7.404797492414241,301.1513937108,6.893436899874096,2752.0077219806312,788.7807625365782,5.203481395558857
3,43,4105.877405456286,1.095935403355016,5787.312413440494,91.9855307842525,143.93747363297163,482.47806074453365,171.9167500041205,93.22911822527391,15.894651335449407,332.65251690296213,3.3247097509730366,487.5172754758554,443.96465373176335,6.322831590397025
3,44,4963.23517122102,1.0290084485590794,2981.179582906165,40.96461450067885,103.15002124359026,426.0135235125643,126.56994881334282,110.37438866029228,17.422252433423683,269.4650872696409,1.563785560351651,2253.9005275420714,371.2555854216646,5.295785875929658
3,45,350.70152217716367,1.119229066337066,3794.23480522929,72.30829820606311,172.7552945342802,608.7987277154016,108.20911301855566,85.90743921629196,17.105589688457165,304.88530485951435,1.9390327330283774,2058.7521218096144,618.6452048149802,6.248927768836946
3,46,3847.626659925047,1.12045603614379,2566.8462645229647,72.79412846895548,145.11343984990103,440.7906040800241,172.3794404942027,115.00936672369116,6.910236525209806,290.8229616452228,7.016696769764234,2660.2998601643585,489.7063508198275,10.268661502262693
3,47,2498.457454367603,1.2106802890085424,3391.700535533474,95.60593726426686,144.31982865693084,468.98591698805456,156.84461162061342,84.1532484308905,7.779134532646666,333.5862404433101,4.310022189458003,284.07072608156034,374.0304076089463,9.35044786743846
3,48,3597.2965634179136,1.20465790755503,6269.8032235484325,21.27241893724613,160.73446749508813,647.5540090791982,423.92104634942467,99.8564693348316,19.018404413478393,279.91802042407255,7.3083000105856115,163.2320279046076,437.8017426987175,5.3219024936427575
3,49,3851.199251607201,1.0161078392288052,4401.410099068062,61.21472347856656,106.65769414893225,583.5057495122996,348.6137094932025,105.39697490718623,9.273872159345608,342.0354110367893,1.8672753853728572,369.62176257489267,428.1748655266472,1.2867661739565739
4,0,2201.522007685359,1.175602225478844,5934.275996667451,21.5393771573207,126.57077199074976,528.3847808869402,200.94537938175048,99.63131978566366,8.219746856786324,250.88140531113135,7.710329296997262,2268.640170562297,17.291120310383683,4.288263062804695
4,1,4157.115963563798,1.0711068347992165,3639.1357345120414,43.17807404565988,164.29908329126158,691.2093307331925,53.309031907986146,102.81408062536943,14.174002092513106,309.63727581000626,5.751570047667854,3547.0323201782057,780.9857586531012,10.312655953416682
4,2,3513.715678868462,1.0436050579256873,6529.380679876757,88.07170840791217,189.33344956627923,841.1863656548326,248.18431671774007,71.79115783516062,4.214443148445907,268.42069930080754,2.8999909005502005,1850.4851539306917,177.82151981497043,5.243002715362591
4,3,582.2140470607374,1.1267264535522725,3851.7914035270787,25.29667420030446,148.68111531254735,640.700322511017,206.2848788890395,72.3454744655553,9.608442150004878,283.2781861995209,6.11260921548448,1237.5457484716126,134.02984588392098,4.269686324368781
4,4,4972.740846543001,1.159614878837495,5724.716831047846,62.843334233051294,174.14951106564837,510.5643708512605,456.0104309809729,97.16382775516436,12.165056817425445,294.61157205466645,4.0376371344215,2855.2540329174367,640.2590772716152,5.259319343435244
4,5,4241.373103723541,1.1063875674961348,4001.606858385865,84.9379425188493,119.18708093856107,879.908403480697,194.287211890193,80.91115208974281,10.225264179523721,270.98390542802747,4.150215124625315,1262.3732431837911,234.95420291350683,12.342197035296811
4,6,1491.1080383429037,1.106966075222478,4650.901602901951,98.67330491956481,138.97007781437736,835.8878828381821,132.85019229605098,99.96942757796863,5.527011102599043,282.3831603748755,4.9791836787615384,4617.754866277492,507.35265280088083,13.27062295378499
4,7,3083.8545765046038,1.0774912549756797,6089.400624615505,36.153194169208184,108.55458084321901,438.975307638754,435.66322850853805,102.10771028128772,2.2852286021147385,334.1713280700355,7.756202940304885,1481.7714373547706,304.11039300724406,6.409952470920126
4,8,2167.4208267600593,1.0424344841010469,3276.5834881824503,91.84470181694199,100.60072682705449,437.61050682413503,88.35483163868224,104.9168290859903,2.83546003001463,274.41352434088634,3.2714406590126983,4354.493753539624,146.73201388743254,7.257756515803391
4,9,989.5595857644662,1.1321908178162208,4459.583477457853,31.506682757826,150.8041446725813,752.8455526424077,207.45069035163073,70.15909215626516,17.37409892775331,250.24369765489342,3.4876907780771664,2152.187159554889,120.88510247033733,0.3036218981638335
4,10,1700.3681718495945,1.072695099652007,6310.856061104605,98.06077430311188,191.21315774202728,616.2335550291053,444.29353525978564,81.1929893691445,4.954102027869447,278.0674359891366,2.306594649027134,3933.149468800493,313.1709963744145,2.2470671328074086
4,11,4210.485525561683,1.0895838320093467,2112.753252064011,47.740345910575456,134.63206615131773,878.7027389619369,413.9217072398488,74.56421409464184,18.941407658041502,286.22829560026946,3.033500645065175,251.23387083941668,584.1335033256045,4.306900369626333
4,12,169.454915087629,1.1288762658205023,6358.3454189404065,80.0068961156316,173.97044265338064,854.3021279182595,81.66812303369706,83.54084471707046,18.71798199241021,293.7336930176864,1.1634562353376459,2944.178061532984,112.42627151256083,8.308566040725356
4,13,4696.5483675147025,1.0313939591430683,2914.709238052105,25.25983754201213,194.15918839479468,577.2982295219949,250.6655971249909,111.41178663616361,6.260287286503165,333.8888709074251,6.249654122452905,1016.4264873357146,431.9380985882105,5.299152064508671
4,14,250.5114333808278,1.094250381127056,5375.877950385044,37.62192369630907,136.6152027331038,468.9840213912977,404.93154117627466,76.19927303835424,11.698084380751915,273.48055057564665,7.651572501248391,2642.6653130735704,783.5080916461761,5.328402886473673
4,15,4194.48212292526,1.1651957555418317,3925.0118655205856,55.97181901778336,113.27675747561288,887.7399349988066,431.978557842945,78.60823184778607,4.884124962242851,340.38412278729265,0.7523845323378499,4590.585586725358,620.6541101107446,6.376312467587691
4,16,617.344875332938,1.0605708252579154,2513.6284071143145,47.002892825086555,178.06033876141316,426.59358625936494,77.89084220752429,89.1690505854369,13.286697362482577,325.01602618945896,6.204001298177458,1095.3021053550951,494.22496084537556,10.37545809793229
4,17,3592.8877506522826,1.0768052877353869,3541.8332288750657,58.076712496398144,107.7042083293565,576.6275610527518,328.8036012012098,91.1507873336237,15.761146926301267,327.6390485825947,5.994268032877771,668.1415156454316,168.77915168582066,4.307069353611033
4,18,2048.5317075623752,1.1742952486552103,2106.211634989682,92.17199064134627,134.48554345318473,568.4922629468592,280.93129062291456,95.8984494339631,16.708605342461812,251.47747806105838,2.6167877750976314,4888.916845316666,101.07469364204572,0.3548360679945387
4,19,953.2594009500111,1.040512098575104,6654.137045973586,80.20752753226932,158.9984309681854,836.1766378882676,307.19759855691547,71.47078670154781,19.261360969482432,331.808567108334,4.054796006939735,2799.350856626703,179.42293564459428,7.328942413671476
4,20,2568.9993287137218,1.1443739558168275,4815.77691328688,44.35861552033089,117.48378954948258,558.2449385217936,289.8768147314685,76.88448556379336,9.866944017351308,342.23349710620073,6.697740890870601,1762.0183323299098,101.44805948688698,4.348012870045631
4,21,1605.8933524799852,1.0985076480971345,4566.9718439785265,29.157087177457825,182.7461024368322,512.9871166760372,377.9574364934455,113.01642473920165,7.211092001440222,293.14913605404007,6.552656884009269,3796.1558513777686,75.46659417239968,4.262573299728427
4,22,169.57268265312132,1.095548711337772,4222.888551382262,70.96056136465471,190.94640625581326,623.8405638756306,372.7899962341462,101.2720819742258,16.78995460629465,269.1299841412512,4.061325882882496,3791.833842569673,39.37040959695565,4.30283122141944
4,23,2678.6998650457285,1.0764854644709063,4684.066122146702,94.71828673173351,176.09580682161496,667.1115479285668,180.5649782804874,91.40076160348599,10.093696649682423,324.3242788666451,3.511515756849991,3524.7852198306628,395.5041633171402,5.342075698483181
4,24,4091.5793518379032,1.0776113292834493,4065.5415293860647,82.1552844684052,183.84921548129583,780.0818812695456,205.96622521962857,84.10388858193772,6.5380173923486025,329.2100328864814,6.1675338758102045,2571.223958416143,188.90802797029892,4.3950273222671035
4,25,4346.53828074898,1.101470118141947,3028.5813313386084,70.53836640820897,172.8128817403216,562.2648963428627,399.39203260251867,103.9912630547868,5.032320391181782,325.5450505057289,1.9498879749618314,1943.6412982447068,453.4198553000255,1.3806082415319645
4,26,1926.6160540919818,1.0084322532226182,5572.823778692154,82.1311264150358,135.85697220921253,425.39190656633116,110.59451314808575,101.9841746517337,9.882903198191308,310.5399237602787,5.297049893081064,2333.083323233581,64.06401440089435,9.412775488412624
4,27,3584.887500135582,1.2054576893452453,5611.6308106526485,43.62802435626341,173.8209939352737,560.2263692113646,486.37630735983123,103.05847946310914,9.536014606582041,315.23325063611105,5.997595714932086,505.42815988599006,352.6448209746462,4.400322724504128
4,28,4887.591297406001,1.20659786871026,6617.043581110134,42.898560682321616,109.91162624532315,588.6841997419506,230.64982083766634,94.60066741425317,12.882599879103608,319.3300271387834,0.47297246729146813,4198.802960829131,441.4406799453876,1.3550486313657988
4,29,4363.509367282525,1.1727588054967317,5137.033876744686,89.22681816969948,113.89045093655022,833.9546334591284,315.48825838333863,107.78865972963608,7.127005745247756,266.31956328866204,2.1490908740554175,386.4701388243246,441.00675071487416,4.388753305882156
4,30,3604.992095806378,1.1341939875510167,3212.238855707492,36.8237807141012,191.89695301191387,419.2316142693946,263.3448528721844,108.49855979701965,4.889578389693667,272.981277941703,7.22857470289763,994.8762711366533,158.02780487040718,6.345645503989878
4,31,3570.0996691785404,1.002893979293336,4380.0186607282285,97.52376458246198,187.61994922155583,448.0260848051758,247.84133675843293,85.62783297737246,16.221072731849823,308.9413409695692,4.569508672890889,2940.2574968390327,73.25301489240715,4.323654630723258
4,32,2680.9158842225143,1.0154927499887911,6065.6386537142425,52.11802719494873,184.12714686686832,837.6220555241259,137.96033000095048,104.30816691606213,15.214618387960515,282.30093042656137,1.0780181606929062,1543.012310715226,766.4834737621347,9.312829839541827
4,33,1563.841821378757,1.1140078810498055,3450.6754873492264,42.11135486586386,151.17752870625895,595.8484675473102,131.01864828464156,75.59321125998544,16.472449395935527,276.24089129195136,6.664306351387654,4775.977631744337,63.639111996088914,9.44605767718976
4,34,1585.8814908387137,1.2073417125495183,5777.097888344155,55.056005587472896,121.00390799661992,878.4112208352954,51.2377539532389,110.04129348619489,18.86019945257272,301.6222117297855,7.248429293609652,2719.474784166192,438.6279040423187,13.36692072428624
4,35,771.4905712736131,1.0196385626490763,2451.96226403983,35.401463312534034,122.97978014003023,400.6353437394847,151.01762559398844,109.49082839076598,13.728408757627053,284.4360531041092,0.693030324421046,4237.726980624684,512.798279473617,6.373579858331556
4,36,4149.730782606208,1.1335866116296407,2050.2027848504263,56.42749196780962,131.93191082167493,564.4438396048813,85.91817151246123,86.25533131014538,18.324457367029364,326.4970501752611,0.6838284851721731,3966.307154179067,14.234333126672276,5.419517331634276
4,37,993.0792001439048,1.050105053185281,2649.094942017071,90.24168273845173,115.47228096362768,435.5822375098833,257.643808636554,117.29515807412324,18.960135484759995,285.6876832934595,2.9812530212932256,2025.6011871726923,457.7376226865192,1.311292279979689
4,38,1569.2690211478362,1.1596116236375777,2089.3004332001265,81.88949194131298,180.18156082886864,786.8712738125168,413.5485989049973,108.65204134081328,4.167707485177266,275.3451546700633,5.905667298656113,2305.356339234112,513.9932830583462,7.381728367737899
4,39,4668.100635084571,1.1908408075559853,5361.550966852155,64.8290050423582,133.89419205581154,572.1599015165361,138.99245990907906,90.24280353277226,19.391470356168337,284.8024686900342,6.872204076801935,3308.448286714816,643.1710160623783,10.455734920354717
4,40,3476.5767200127802,1.1415776785232647,2618.1016187347045,23.507683961763917,162.03865389302297,575.7990307969061,266.65852631771156,118.33376155627414,12.856550760155738,281.3661784691503,5.0280954110860065,804.7665473162485,219.15493375573615,4.419674855189923
4,41,2937.6707802636256,1.2041583408749843,2162.1433004206974,48.464296847903796,172.57175081547194,565.4286886933379,482.57144421263024,116.2917306777519,2.0776720763832706,296.02454465775776,1.8986631600028943,389.64553416390095,83.17777555255498,2.3481059100553474
4,42,2092.098210060282,1.0700307226937995,4608.167216931415,24.12830804429077,104.74956844307556,494.4183531912813,249.0357017681235,93.0079713923595,2.9342761955672687,294.3050711248261,2.7142094750149606,4274.379302596465,589.975791904518,3.4009444216840885
4,43,1118.832098071061,1.0919117150807631,4472.471816677153,30.608009862293237,145.4611270089219,605.30444254605,196.15908483623036,86.30593564553932,17.334022656291967,313.908155211591,3.848282729831517,1996.35129066506,280.1013561849196,5.4532733211101885
4,44,1747.087735129802,1.0296016262155778,5014.796011629065,76.39291605989519,172.33990608872583,509.24036158771816,229.58297980923533,77.92343633918436,16.689458877957854,290.71387362917636,0.13835541568686072,3155.0389422823714,667.3985453017975,1.3570959907244204
4,45,1095.9464410660823,1.216920269535211,5832.74625788356,88.83025000794497,117.07670405811137,714.3839608464095,56.60769665511127,119.94561546897262,18.90844088462916,304.5355378136419,4.006927727152228,4811.553589901187,182.03403667686948,9.405072969191837
4,46,3702.1403278252524,1.0201413134082877,2152.6856918455715,58.44442681502425,149.68788024011872,716.4631466458138,475.7561125209648,105.77324308701859,11.592718665120382,297.875887890248,7.660984844420418,2076.1581939038297,62.870698742405736,4.415059586859583
4,47,69.48799932455341,1.107315472580219,6265.756346653732,40.399981596239414,186.6677347069221,442.1303270365747,325.6103518515679,119.96154208250988,9.27362074274125,258.799003945578,7.759671060743054,4594.291421287789,629.8892815488646,5.331888082553848
4,48,1589.0462256720311,1.1688117709949062,4335.05753904935,74.06599606559564,184.56496370121548,477.8449532530012,358.0071250219967,71.98013642013868,12.497497878525698,328.6325203771918,5.094998670194807,3805.051638683938,583.4042535283628,5.402962152774239
4,49,744.155357582299,1.182251301353285,4721.559082561578,28.756381057117277,180.24115988239316,736.3808969663817,113.34970120828508,86.70762090961888,12.53482953543156,298.1838005805925,0.896562917932554,3264.0283824964827,406.72505599113873,6.387834853316391
5,0,2729.5216570925463,1.0022229538513927,4169.153770052091,71.96179388987208,177.27623343710857,425.41966961458076,208.58163060882865,77.88877523700575,16.88180264200639,293.25793507525583,5.138206564157899,776.5224054336592,184.17596266517128,4.38837181654648
5,1,4804.503646652655,1.1432435207169116,3107.7784426375856,76.14674575127887,179.01293390750186,527.1601636596897,311.1553079469208,97.28245221288506,9.175896755194561,306.52472354115173,1.9304396907333188,1825.499867332527,762.5058225380667,1.3952797223889672
5,2,586.892742191929,1.1396703817206415,5959.2213040473,67.11498557635437,106.0759161127444,503.7097401173197,147.30928766134235,83.20173436266867,16.355281648617666,307.915890170584,7.384378216039854,3742.332967065981,573.9550840384926,10.39926314820869
5,3,1346.0826236219652,1.0994102018215275,2085.457906695234,63.622089686902626,106.44323964916362,532.6352764881564,377.9867686772201,93.11507150119527,6.964082521665777,267.4136374737523,2.2629838001281697,840.7520695332596,579.0664054573375,1.3902596862052388
5,4,2046.0532909545382,1.2229673425503467,2016.7882730728059,89.64804448546631,145.73277286263868,756.1533703558791,152.7442968613856,72.20108956432564,18.82655613284079,302.6960290972583,6.997820605228147,1602.3858543671643,142.87564481116354,9.349164869623205
5,5,4499.078464616016,1.1141052734332604,2382.404818723405,65.88659246435074,132.56917717827375,838.7354163984892,287.45719341192074,97.20401015079983,16.453271176777832,332.14391817025154,1.685884533249391,328.9240517687872,306.89447958679284,3.4647462858586313
5,6,505.7146828255538,1.0834450266271778,4091.7473883709727,37.9379633938668,105.6969235958435,874.8817316282897,66.28843097832743,110.77881094774105,2.3379815233897645,299.23384026087734,0.4072003688189876,1827.5021944524906,652.7013691408561,11.462601288821945
5,7,2230.457449906064,1.1520040292096736,5925.325905941012,68.7844828477119,196.76490794155112,560.3316247314326,74.8784610501087,112.7077694496096,19.3880581513627,260.69098835844994,7.099224590495439,2989.6851350017746,13.933634870172437,9.520358494563048
5,8,4452.3586582488915,1.1061131271925295,4484.087469819917,63.49714297560062,168.06767211469412,403.5469494695978,393.59372551986604,111.0843252659095,2.7079116257003397,316.560851140784,3.498422214790387,3270.681789155502,134.947127944194,2.4565637054518557
5,9,4408.875701891477,1.162217609762986,2858.4090947051427,91.22911119103891,153.5959299279349,611.4090369505377,126.02870350497595,103.68943367371536,19.64604234592822,293.3165033529072,1.3842328033944284,3179.4968154484563,528.0116696672472,6.5046127205610516
5,10,4595.695681023316,1.0486525742468096,4821.69551282953,30.567434737230492,188.38277249562913,744.4565830623303,382.8405900929364,107.69785534297442,4.1835487729862235,337.7768141026776,1.8666849921706732,3369.188010578814,222.8156963829138,2.400341207164033
5,11,449.77131627455424,1.0404602007414065,4586.811945380701,92.29232201907273,148.09133751676916,802.7712239142493,129.69021664579714,82.44810062518738,2.32665681500536,274.30432968035706,1.043285387915217,4199.919781030358,594.7098863090883,11.478842462901003
5,12,141.79154893421753,1.2200373938535423,3015.2920616667834,45.01333422713983,198.05185738803164,548.7723518598282,243.864045635997,81.99939092457268,16.589463647786417,302.2661316672271,3.8624532385011334,2463.56257477711,417.8616129912604,1.450769028077572
5,13,4619.906113807611,1.0478590734491369,4687.253662982424,51.05554845233269,172.63510547344487,694.9445960161174,258.4772687554631,112.07575026803946,13.625858726805902,313.7925407914083,5.890088002810441,1524.6855612226177,227.04718205164465,4.47301837653647
5,14,4533.9647650710995,1.0475560714850787,5596.109103813895,84.72805700748368,186.35578654137893,776.0469557628569,188.18026822278242,70.90290573151671,18.841392717443163,257.73202766748324,4.5150019376929675,1602.097381230501,77.71746396084512,9.503142422794495
5,15,99.55138292034704,1.206406085468201,5421.059775617861,97.24502777894459,194.53155024537767,547.5330588464345,73.26052978220476,77.6432712110595,5.998048363120477,306.10366831260984,7.565456688628315,1472.6042521357454,213.76009041681402,9.500646770638577
5,16,1188.1945040524595,1.0433006899319248,5342.971378503174,80.09540750839534,102.742113694534,583.649196615416,288.6692839739867,75.09204546503517,5.3259937537557605,299.4212315876791,6.274860271561759,4686.769366673898,234.3582976738194,4.41860584916875
5,17,2370.7654136630094,1.0459796938273676,6776.949009612398,84.43719751324677,179.9684395601541,518.9150767880936,325.51316641579456,82.30467119953464,8.246638308607807,323.5744900923525,6.182145436532982,2169.8107217874403,559.5853377627548,5.3973023546000265
5,18,2991.6123717903997,1.1919990144185069,2939.145510041622,64.11639428037869,116.61827070068132,743.8643045393385,208.47411943697773,80.86015028850042,11.370364483139028,311.16821116320807,0.6256143700974637,1293.2568145673129,420.2753762423402,1.4847367491323504
5,19,2680.2044296388203,1.1672864089726527,4527.671625937567,77.34584583579391,179.41225350909065,532.5486590427925,404.5690698060884,115.55997386071597,18.758894358996784,312.680432840395,6.0892786924179845,2522.5793022880785,589.1588425233599,5.412163808629987
5,20,2698.51370122223,1.1427589233928988,6709.503106422228,94.49796216715959,165.21026605589623,644.3672722057869,366.31000695845387,110.29345243392169,8.587411723066793,345.88791660961556,3.9912883741176683,1204.7373207435724,159.9878783454656,0.4317323341174084
5,21,4500.6948067511685,1.0254763609556103,6720.407734253918,72.57788776211422,105.28419342029025,642.2182391613879,404.0818687713493,111.16098960896431,17.738250892376904,324.3272982456463,6.524849308852216,4509.201402308482,753.9094591146783,5.388154797430732
5,22,1015.0565236110448,1.0793490851014078,5599.531427389535,56.1135920297707,193.02119854739834,721.845192670138,120.82971832844656,83.0526789747033,6.723898896143913,328.8546489192531,6.762447412145425,3343.6020712608542,196.68995030936767,9.528407943503067
5,23,4316.27080651539,1.0133932182856782,6127.244262692477,29.684594492892387,110.35494996444834,899.7938155479653,370.7307151014738,88.32080394983686,14.426756111786863,308.3920979460529,4.968517409661071,1653.6865108850964,314.41473265752876,7.371274291215457
5,24,1477.0791696145436,1.0444975449139247,5303.028471841013,54.64808767775203,162.47920288612588,725.0369177179178,303.7910442881765,77.90106533440434,15.85176018726281,313.1517635581206,6.915283885866806,4767.384192416588,698.6271073182111,5.4204140861683365
5,25,81.7767267351871,1.0783079112703384,3648.4196146444865,33.86780720021057,123.36643684460972,554.9114270331299,225.21807174951758,95.67219163407006,15.67031141604002,310.36073782021913,7.401332017734973,720.9466120823151,379.3778927852865,4.4422470961845715
5,26,17.62774698407521,1.090185559741827,4070.443008676514,31.485902987308336,189.52687885008208,769.0134603583731,451.89962977031985,113.61198491861612,3.006877400843943,332.7093520925273,7.069033206953406,2485.3023525195576,721.8486260666645,7.428477562015528
5,27,1706.7133194307282,1.0440095691419058,3844.63931524483,83.56047671105601,142.2244602940435,642.3211681831247,270.6081400989307,86.18123329190736,12.1957813671299,253.9422703776006,7.560090560643745,3899.0594050479344,686.152448281168,5.502285414787072
5,28,3921.971613913295,1.1944900035786847,2117.2697889407877,95.75094881166405,108.88099854836196,686.9742680382686,417.24495453757237,94.06736525419811,18.347664527880386,260.36120315033634,7.976143839414406,1860.9548368126354,562.1418257237414,5.537988700932729
5,29,2772.6977126653924,1.048075959615921,6453.364512584141,54.835177559563284,129.2086561906297,676.5883237971298,191.39641702600403,112.67482990162912,19.48326766836379,295.24561362482797,4.344158232409587,4046.559818204788,595.9168186498738,10.417123366735677
5,30,1942.8045667917793,1.009168799079257,3857.089736795897,57.30811028363442,148.19090772529222,715.6192480982342,174.41796610084702,104.50064074151686,10.972354600201477,295.04608020376185,6.145975312130117,231.61149962185632,136.30904744006773,9.392111156271294
5,31,1836.254555068258,1.160018660115833,6510.446714643208,96.47678547344849,179.56335554712484,839.7308343165289,77.42290501606718,116.71795741930322,9.758137665042886,321.6696083478587,3.843176148511325,788.5976846261431,720.8911780315585,9.521131072101285
5,32,4819.4053423684945,1.0353771266360878,2929.24103516291,20.061350749299685,151.16784470807124,482.02088495836483,158.2521563571238,95.9226226378582,3.185946214662588,275.27239191382625,1.0914923165794823,3252.183468206137,210.21508863038792,7.418411938828728
5,33,3291.312916295283,1.0308108750445604,4208.2661337948575,51.46420978873127,137.141653727235,649.359797265037,407.9004858481663,114.15973267886766,3.9782354476812603,284.5605638531445,7.299069804889689,3251.45047252231,391.39130986351125,6.5141649084093975
5,34,4757.837868919488,1.0788992177356718,5971.421743997229,55.876291518251186,106.254097280494,760.6212169275182,187.19219279337815,83.06651247268246,2.044152445592322,315.0491401173631,0.598906436099858,1488.0684211161154,343.6335297538608,7.505457614626326
5,35,3392.5430933723305,1.1921781599237637,5610.516116171106,24.259927700627006,150.31852812107573,772.110565587476,247.34148028731272,115.24704662179303,4.715702522506033,269.4948526366949,6.219634090627698,4228.855622830148,375.903463723428,6.464169267915321
5,36,4007.7964788253535,1.1761563050124706,5609.233589866903,49.3446388025276,180.98255038867129,663.5466433041488,62.65262647451442,91.3338095202882,9.698101500893923,273.4836667928128,7.161544569482547,2088.4258620888054,639.468714050802,10.546596681772087
5,37,2476.021151686812,1.1277824290252236,3208.709492752928,85.21824729039366,150.65943258142858,426.3447920057611,392.283638875415,106.79933474538099,9.344580762130214,252.33327885867715,2.906055259398595,3896.272179658941,410.5735828937582,1.470485968966716
5,38,990.897656879694,1.1636049418033076,5672.416539278785,84.65157179056487,178.18477463257776,775.673862577933,370.17954305554576,73.7667156872709,19.56190870667069,342.19162926903596,4.08021716478911,1750.3918925206601,294.6376149849819,4.410447791389027
5,39,1454.5760709612027,1.1675857786973642,2585.3612358934915,46.49185121774715,144.81647731392985,861.6447273548464,223.86586136739498,101.080150365588,7.872080285498527,345.0968908748717,5.5043265907942045,2196.653039957444,325.56031892465353,7.442970064679306
5,40,2034.8468222596628,1.0450084335152259,2007.3056268283383,58.28248645216793,107.75566296881219,457.3079663824707,275.96250331015733,83.87859783599089,18.22976922158182,349.0602126135496,1.2940060533923687,195.29368386784512,33.07246932586832,0.5394366629604301
5,41,3676.2952532269783,1.0898910400691713,5306.498961965511,62.848258478266594,167.36948451394267,752.3249683754198,129.73608586255855,89.616981910726,10.358812087139272,285.0657262672556,5.85859194265364,3391.765437479055,53.76939996477079,9.429674931463797
5,42,1982.3750184460437,1.007164915675162,4839.989860990272,95.9752838916883,198.74546448450096,676.5954132049361,111.50240506399832,74.1561068704656,10.81273963543108,295.98444789727455,7.866049262758352,1057.0319078408656,315.4438737972711,9.338527538147076
5,43,4622.823677860909,1.1875827864222517,3169.199734231194,51.48312432383375,126.01514905391629,669.6935531329975,478.6758376409701,116.58899587700252,10.620323573718364,315.766818303946,1.5822538138827538,495.193482772981,355.13264379925215,0.49370292996323123
5,44,1329.901670381382,1.0083514502475845,2965.7950570886287,38.868571008019934,121.75685465907014,400.97412296493707,301.23145968122236,82.15804651070313,2.186266375724432,255.53944035592508,2.991569929349514,3022.5846353866896,578.6930496187139,3.5203790910066814
5,45,108.81795635340974,1.1277899263968432,2729.543965986173,43.87012424365036,108.77523255100148,787.0614627666131,339.46928564057896,99.52216176306739,3.3992068353404075,270.3189171796354,2.4560486397880354,1489.1474499516535,553.0635691368564,3.557919204368781
5,46,905.8837977943085,1.1871534704632818,6056.191813878257,29.430424282189918,170.46617407886873,546.3785503855154,294.6231294636116,89.38275236828333,13.960264486951283,343.0351778529134,6.097733424613045,3976.3448777865556,127.79206124832882,4.549746292569575
5,47,3534.622049606716,1.1636597261475883,6379.916150264858,92.58358981745667,116.26849887100762,479.81546008430337,492.30121415441147,95.48376060114286,18.798985477740537,253.35921724340136,3.123689502689233,3311.767144317785,506.48175099156094,1.5662488827095973
5,48,626.2190700717035,1.0257193401981315,4933.695510306091,37.60900026004995,175.76682657692442,812.2612078637404,256.6413549705685,91.03544662624739,3.820148784666528,284.6516258162256,5.357191690254275,2407.0257239085686,799.2339748659218,10.461544952321052
5,49,1095.0334476945445,1.1519444427186145,5075.604663752372,48.21366943993526,132.13054618075745,800.5735948604106,194.94915284335931,116.99505089364361,7.671661917242241,311.0999961018645,6.430645396628787,925.7943461529834,735.6942889130219,13.443322170157137
6,0,4779.526319716245,1.004075702980757,4147.289694387231,88.71010716487932,120.14955718652178,765.673152836589,187.78420395772127,101.28661212669259,17.397826643595664,346.1434292776299,0.5006490200522766,3048.1688801102955,120.28246342648549,5.542543759383924
6,1,2150.2063127425695,1.128945722367214,4694.901030804462,42.02487800084743,129.2582082568691,412.51168655404064,459.4240119063735,97.37154478569059,3.0837981782819055,329.38474370709883,5.509917232464324,2296.619292673355,252.8521575956372,6.5099622973591575
6,2,3839.9066753579714,1.1272378357124124,6561.726281600954,21.767193184034113,138.88576530539487,550.2649957424476,80.96145093637934,94.59222499211018,17.066537974800518,317.5383547466335,6.20167993453489,2273.479727741565,688.504033708761,10.53784383487529
6,3,986.4863898784876,1.0948074209548189,6294.688461327098,58.51792644697963,189.23726518834374,748.2846425498507,438.36666940322044,111.27140350118523,3.0309201740179574,267.5858821565186,2.697710241750633,3971.0379800005644,491.12960927498784,3.498184306039936
6,4,1435.8713050928156,1.1178783022729684,5359.5259423098,77.21919705581135,169.58977159519395,859.901720948435,220.11968117994277,92.60866192722314,14.320405268235366,332.9484785567123,7.669406596316759,3484.4549094489253,113.26295463244873,7.565381748945455
6,5,4404.370957458187,1.1892086449744033,3019.9621290542127,79.6489838760867,185.7656906074734,551.2809655211964,235.015009328947,84.18952490356551,17.329646679071168,279.1297317667853,5.623032202381717,3370.6434175630975,20.577854683320318,4.4901313049004425
6,6,2456.0433928884217,1.015782146481187,5957.617662553597,46.29949112793145,177.69509990094036,627.9794900142316,443.70848633123495,99.01499733675483,19.831839475015553,335.17480326570103,1.6123856100826428,3348.1901154856073,341.3370075505174,0.4766565786812361
6,7,280.13217283993976,1.0723718062620262,2230.4498846345073,54.379091855060715,184.47285719360278,442.58914767090687,491.95849848655513,90.2769854344,4.318886925445375,297.37535853361015,3.501237546245648,2638.597069471149,661.038773001077,3.570859480031016
6,8,2107.889381632779,1.148224762579884,4049.0371462553453,71.7560590111153,112.00947622408057,630.1293440970533,240.39055056080528,90.20138993382781,19.81370403071227,290.82362911580475,0.9875397359843686,1898.7207519106598,461.4637247781232,1.4612305764526383
6,9,2091.0056641773685,1.1698935088489228,3972.0276221670665,37.824319470437274,191.5992036289943,701.283508943883,206.12537867314586,81.24055585274672,5.533956613159049,306.80799378980294,4.737116694898437,1451.887166624283,140.21636946592926,4.546775768434422
6,10,1897.4867566073988,1.0065333074011396,5409.511346251844,40.20670633815268,179.33763230509368,784.2474618808408,487.59396249316427,90.55965678313733,4.684814983211035,281.18978056132545,1.3647972121585465,302.0989095996623,163.28674308864728,2.467502269910935
6,11,4712.182865956494,1.1677980576636993,5465.861728122058,45.3391503897782,170.49539579864998,794.5729392833894,94.89647471532771,98.40910119354584,4.265546399188993,293.4216953244606,7.567847547622015,2634.3759778158624,479.5311669100282,12.540137180933502
6,12,2359.18926363947,1.1371812832160868,4884.5074485332025,54.1802753755379,143.8964232454252,830.8640653801369,427.35641351382407,84.72729427771053,11.43056877460523,302.6386671148932,3.4930958078880794,1173.13854843626,646.279124858954,4.518934519513564
6,13,2118.548045922971,1.0038626931852241,4497.695229095581,59.551324761620265,175.6247735825696,441.7314108962439,454.8207345500433,89.34701410199584,5.181875273561049,342.9090498130527,6.833951029012173,3927.4184089230716,438.14254648593464,5.508347720470455
6,14,2267.9515604664653,1.1287787055826524,5299.278156000662,69.48094335236092,135.70793919651865,496.17023653198885,199.29973927701246,119.71819226500953,15.88359476213063,279.89740057986677,1.1717251014170915,3899.506122945267,462.7241552923384,6.573005997845526
6,15,2466.194613558041,1.0869647134519829,5803.2219875756455,97.34826679961668,190.76550707867648,810.64925399094,111.47869050327049,118.91559542050449,3.719259885416042,323.45468641206156,1.0376805213087388,4838.491111596026,735.2994432727285,11.57029344358571
6,16,3366.0539426125315,1.0474527827513527,2359.838699226348,55.96001535843801,106.66383288352542,892.9202997773432,272.99703768927134,110.47664674650179,2.3766286692833187,320.769851329544,1.8768773205789564,139.2952941939021,268.4312161262549,5.5772720054638585
6,17,395.990195676813,1.038486561569209,2810.401695802504,87.67793020041678,165.40749195045038,435.96860597049823,496.808675324591,104.35539964764851,10.18532607048747,280.7342217418221,6.932298658194701,2700.0970373851774,770.8771469578079,5.462771018172113
6,18,2050.297095149443,1.0220134304052253,5616.423906643665,75.99218178352861,141.5367326172975,789.3674384269966,206.22441968942468,75.61368615495826,18.809592649141948,295.07375485756205,5.09640680776268,1295.1620723350673,703.7141721690676,5.571199108745683
6,19,4758.344606353316,1.198038823736708,5961.306877252824,42.670447818133695,167.87510942918993,475.9376769658704,292.2687540566364,92.68727722952055,16.944585603582738,287.5769295117483,2.3218053358371207,4991.346952655258,639.7331811484519,1.5221088326247807
6,20,440.63352954245295,1.2203185061265525,2764.447234263475,72.59014641226582,183.29740052774645,511.7138572458264,120.9966399859598,98.66973261393134,7.411091420470397,251.0439702463355,5.333738349516762,4018.9983632693065,302.51091864736605,9.551065763955007
6,21,1520.2007293674274,1.1682934586453473,4202.19663136809,92.02157291556136,109.86394653049668,437.4222077840813,65.65837437362701,94.40398259902736,8.500692859441864,302.6030948477774,2.058604078585867,3623.1569020991187,680.1433628251319,6.587881146444096
6,22,3643.846404975477,1.1167659278557112,6139.73744289758,32.84369337469734,172.90505135169047,893.8320445188424,126.53710409561594,81.64731686321522,8.441659181689456,287.65055118759136,5.893155260129991,828.9381697751395,629.9525663930291,13.530060828851273
6,23,3254.8165007658913,1.0265992109765318,3240.162508393465,74.98828565833747,117.96672250157062,418.90943353944374,220.17132220406336,93.90195428690046,16.48264484630324,313.66031565936237,5.984385162850805,3602.929300039384,603.2394107898333,5.63300958395435
6,24,3848.6577863228413,1.112582322548434,6680.948702677929,34.70754399464777,114.0650982492562,544.4210915913234,314.22292997578876,101.4203204246019,4.5547051960906995,292.5231569745265,4.160284034012321,893.4024601939068,653.4262952960141,7.465239817092803
6,25,3399.2457082943138,1.0606639057013165,3853.542343704641,37.515879461034785,159.93041050094394,661.5909949784782,101.91598683172396,86.47101121978719,9.275588333961378,307.4666862966553,0.4600096819237067,1071.661446916632,322.0400179339353,5.520560838625546
6,26,4550.768043092207,1.0064853327735939,2366.0619188045735,81.59007410416494,153.69958769119816,583.6789383784803,114.24746841110684,96.75149120283659,8.781394655671372,261.84535225578406,0.18222502694679227,2226.6852078260176,480.2587508139557,6.511731692118797
6,27,512.3612989084542,1.0326785198313682,3244.5368043536887,54.98635920144639,171.12512364869474,857.7343139309538,217.34564327253767,93.5216101039446,6.973624617129184,268.3300721228973,3.123709172716028,4948.429442672944,426.7663356703276,4.555440230697805
6,28,2198.6854749189165,1.1430733495933592,6789.514424060027,58.22056106671085,147.9195462003376,490.9413642788008,214.56533461538535,89.07491079828557,5.638196490429031,254.7985156177766,6.020706419417894,3358.624771565822,483.2091896412366,5.563528315816106
6,29,4879.213138282895,1.0064116385705955,6069.628742540446,72.68904735560096,160.68565969767886,887.8209615772278,269.16792911557803,74.15949953730862,3.5862531918097686,332.2736951224884,2.9744329997802574,4185.618757812915,523.6232234033554,6.525220897759116
6,30,1218.620795326688,1.0874758024385895,4719.761224571901,42.784304041285694,102.21930679352343,808.4547622084808,406.8184237787582,89.31402293683888,16.74556988631589,282.77623323847104,2.4021407458124164,1125.2729861770383,478.075514367873,4.493821338322996
6,31,1290.786864982611,1.210644139499957,4574.022420883564,35.73131707289319,186.77239377115563,861.3350060554876,367.18727668741906,73.69697333577868,9.19856522674588,254.0079254226659,1.7444412900440023,1781.3843375501338,532.3402456623285,4.6577623652702975
6,32,2991.651429758919,1.0250761120356278,3654.2988536458247,78.27204678413437,149.97861013318848,600.7706121115792,174.6465245253657,87.1508639201597,19.446443143200757,349.9909191472202,1.9492328807645587,913.7165601460146,384.20901603955156,5.590556350752943
6,33,168.74449393852242,1.0118331175620017,4785.423600222866,64.20815202894642,137.05945916270505,837.545065653639,261.20773506311514,82.37192230642454,16.805616574260277,329.25257222681626,1.0791228310842524,1180.4754924029282,74.4550176191986,3.4879037783970452
6,34,3388.43955744618,1.0882903924449931,4843.111333970476,26.766196037782272,125.89317681771271,513.2554916123449,310.6715254566484,78.23634433725233,3.4170920101577176,326.04926071948455,2.7949777741969957,605.7409592882818,61.36775347873203,2.457522681707769
6,35,1047.1317315473977,1.035674743890954,2082.918343326752,28.195404785651768,179.50379602734841,785.5481140661259,104.46792990116323,72.70418079577145,17.286339796674966,345.5489891360812,5.98921508594628,1513.5499759468705,700.530073184662,10.593445616571415
6,36,679.8307363078321,1.0220088956421753,5881.3342784429515,34.56188253665195,172.16630908722448,520.5226016052882,435.13815308861155,75.66428090839888,3.8414049024581303,282.74135210156015,2.6780748685820526,4141.937090232568,101.0750165495967,2.5495751720011284
6,37,2445.7614638927466,1.130511269488894,2849.472752796128,33.601664277830054,100.29724397195811,596.0971153685267,405.8557386111087,89.16295516589378,12.572786750364948,309.1704803668172,2.0419161040172797,4213.707788377605,40.26921187888481,0.5596020612611503
6,38,1846.3057475734884,1.0030565641475684,6501.735438138716,39.82605188408047,166.9271782253145,854.5098237479975,69.52940820807584,73.61883680495765,2.5208288040102915,331.39638112918084,0.7524980392532438,2788.7913200139387,798.3391900411,11.589871584130426
6,39,2099.25648177854,1.2214668511961624,5574.9085475404845,97.50012330856165,179.29894503220905,567.1081791512003,90.15620551615487,119.43816951067359,15.285065939117246,304.2897486820094,7.456180179435793,1485.7080956871064,234.33871812224655,9.6506101385111
6,40,2144.580055222403,1.13149635908042,2022.7654136806093,76.32759598448632,187.83853393349176,671.0784916122826,62.929952818229786,84.31107016082838,11.47437723550916,307.31758175845584,1.7772483800756627,4573.555378926349,38.114663247418044,5.53775101171336
6,41,1904.5326628235398,1.160258594800903,6589.8571848669935,84.53578277740604,130.6917166411539,696.7378436353399,406.07360403777835,96.12839818899317,6.7295316752595475,256.99808629525705,0.18342145294937862,4238.1664116717075,439.2391804790804,1.6140472658025748
6,42,2900.664780017991,1.0360249724712087,2575.5168000993717,47.15909105550621,108.21677937052463,726.3517887486322,465.0170596519507,105.41619961957358,7.667675075065512,300.3558898280374,7.5282560682625155,2947.65123098766,738.7139645992675,5.564743461647304
6,43,2607.360638543752,1.1811605463460897,6983.078562751929,95.38061968288028,131.08889845947297,532.1999448860475,219.31617215821265,87.11976080819363,6.190839415401525,261.20085679247256,7.090898239766032,292.8386548580042,584.939972073751,5.5850935124071395
6,44,2148.113980277032,1.191807077167451,3484.7892675797652,61.761194038370206,144.26934283402778,742.9530797447859,69.40783731723619,110.7204195344228,17.654939464851996,308.68931410495503,0.3708193969699143,4789.684883188725,229.88594222717887,5.599558640481768
6,45,2490.0458899170985,1.038143271621608,2124.1845745565884,84.13982042107092,157.69639554200043,600.4913327146171,498.5968216220075,114.11160417699034,18.102177112472745,301.86990714181735,2.2850148241351977,1018.420879325244,263.3880350571452,0.6158946362206814
6,46,1515.032194108087,1.0087465691173372,5784.920885724867,70.63553148350294,164.93627202453612,815.4368053946918,494.3535809006091,119.74258336172952,12.245616722453514,337.2379765689015,5.357103738104606,3305.036994239184,437.3068874779341,8.547124525151945
6,47,4858.054711299902,1.0993009596360184,2854.9348720538155,91.16831971084122,114.48758559037411,577.5179278059311,130.01771061853356,97.00745880960733,2.0634622150858526,296.2676103388139,6.374548106914144,1785.0439365136574,47.37359955986403,11.587171544154065
6,48,2967.275291929411,1.0022262090354235,2612.3826463237147,91.15012378438539,148.26810155767123,868.7906457981614,207.88912292749916,115.68361097142548,6.971189072693354,326.92754614589575,2.7037295598925346,4733.865439510913,422.1198870539,4.5614947466569555
6,49,2992.3880188094577,1.0117341708820802,5091.031698070509,31.206804564388282,108.79653509541275,844.9718182472755,332.5796511719942,119.66328777928271,8.99769763854991,348.522811755366,1.2978536875656295,531.7573048466411,440.197560020568,4.522780775912118
7,0,2058.422547964839,1.0962429474244557,2566.9977102322264,74.37460176903171,190.2448768275237,519.5466011672916,274.96427639693894,112.17674308066516,11.560573127358872,264.2462818208588,6.396073717317348,2548.1772781114796,297.6126908002663,4.569326025388843
7,1,1266.8600068149788,1.077871938338246,5543.545840903849,77.4977641092956,188.98108533449172,434.09539491900574,216.08714586837846,103.32713844581755,18.313707239355246,349.89619450980024,6.863831352295882,707.3260376707228,37.643412408270805,4.622747645308704
7,2,85.05288888444318,1.099432333146237,6910.823952587154,63.063269092453794,193.2252789066394,751.3984906984865,390.6554233641808,72.83860135752656,19.05853748442096,281.66096490744457,3.7957118921201336,2811.0754522335487,790.5381875754296,1.5754900077988305
7,3,4245.44350242363,1.067072374116456,2560.40923758839,98.88446929133076,182.57532209099253,666.3781104431113,481.16762591783504,76.69400366091305,14.488983567061629,304.7371006127706,4.286139956559658,311.55951642030084,435.5686080817487,5.622701622211639
7,4,3131.9637503760323,1.156316355661032,6944.1574667063405,71.0642469226443,167.8170609244658,881.3508999503854,157.11461521947933,96.27592966719482,6.332002691753709,326.22960375044653,5.381670323777514,4952.119655908118,133.8259816772971,12.6540475552442
7,5,4309.704518970938,1.050744228610026,5698.7039650389415,54.227279694389324,189.41981455257076,751.6795458497273,164.4806399132896,85.45889607435322,3.9125847668065274,300.0754804247146,1.3524375707400842,3685.0628687788744,255.83468465099023,7.624291411601373
7,6,3166.3771963630707,1.1781093033715946,4106.342652059329,33.97444089836657,126.1071981543917,672.6837329619625,350.4853089005167,105.85726744863754,12.745395034333939,309.7287403823423,0.26715943431826683,4533.345033606984,159.4825118030052,0.5599376902950084
7,7,517.9052672441553,1.0202839060073352,6613.481816695923,69.4790802493433,144.40076623173087,751.821539258761,117.08911109687166,84.57987383063907,8.620891965082594,274.8958414960144,3.0078047121637197,3265.0982639479394,605.340898900081,6.558805542160526
7,8,1218.109265118103,1.1258134559717137,6886.025834794845,40.02105935044536,160.3343734639027,513.5330506658494,230.86038063591874,110.84858507366704,8.325328541899882,252.73039124987332,5.201295281203828,391.1020066216469,145.3657721303993,4.603327163617988
7,9,632.2282420316839,1.1968376869266673,3495.7936126362756,95.49663369753146,128.69407155125393,420.5464812778636,414.8636586406136,90.32495015477636,10.718744753222518,284.6837928849613,6.957559702624669,1304.4992856462757,534.5443158310462,5.640274163206923
7,10,2142.01270996381,1.1762437942432158,3607.6606528309962,20.109872620474995,169.5244908325462,704.4345826887339,405.853247002548,86.17129158041405,16.992791909526296,304.31833777441966,3.179321535056542,831.575707666018,349.35915620427687,0.659145324743894
7,11,2230.2017435008465,1.0421320914899066,2532.0183424142806,85.30811798686851,149.2928668362162,814.3264991380066,391.3885006170757,119.86021948864985,13.941280930508965,313.51777072877127,5.976230981605898,2998.499107153613,75.75163556345919,7.650743059448096
7,12,552.9581427211094,1.1831622362161627,2340.778219527238,32.16794089257239,125.82498228944736,597.1686943554363,375.69607441522464,119.43997047067425,5.585737721491306,251.9170033863461,5.637417742998439,3982.9818791741973,558.2697853656479,5.512716113514311
7,13,4047.6971185575585,1.0175710986113997,5402.610389584141,65.31543752147904,121.78529261662962,715.3874728036228,227.542233855148,115.52951761603543,14.39353548922016,331.44894070241884,4.956989692970015,1098.7918243564663,167.59470071586108,4.6367547534200275
7,14,2360.311568000794,1.201472781347851,3121.9061202996922,73.98049680880567,136.38447362507367,718.9571829053542,105.92665133324337,103.66703244457219,6.021017056636788,263.9320064489622,7.281398714424448,3040.7370977001515,462.1584366881467,10.5701564318776
7,15,1319.2333840252263,1.1373881632754281,4769.901300069321,89.47978515484354,166.9993144054559,520.2931059412068,213.77554824503494,80.64496755377826,9.233325668996372,319.90329235128655,5.05564384856896,2250.5494773154146,368.5464862373047,4.65599089599314
7,16,2057.4089179004236,1.100671134252627,2659.6716708655563,26.78210668553337,160.99497440844047,811.6292036709089,496.7556579833753,72.04927596622034,9.137389530844722,311.6808200313928,3.568082719914541,3536.906306158887,77.16436659132371,3.600393244569159
7,17,1920.0895420597253,1.1828978141326527,5834.325685398333,94.71786912756104,146.32832490387239,644.8218423623736,272.7094645455223,103.1130965404351,7.166148249691584,314.27892210416314,3.9998516186665998,3829.2231862095205,378.5827639070148,0.5983688221494374
7,18,1294.9117894642902,1.2104790745760832,4088.1989094134333,56.83840776229714,169.69382669508735,633.0451962605073,448.09332178665767,111.23693262774232,12.56358835403915,325.4282607253317,1.3574629967031544,2627.5619968855294,782.5947258091228,1.6515601193223817
7,19,4952.981500307992,1.059289273057662,3231.478647182621,85.03761286667795,182.02846223400044,552.1328343264039,280.85902199959264,119.38197989197167,9.221930703023602,294.7687230524996,0.15104832598119497,2618.272618890195,446.90902363232067,1.7094356560888588
7,20,58.358726594111566,1.1409564775506589,6430.255536815103,74.70860417537328,112.08753553088671,739.1490531031629,481.70213431929585,93.43721192063252,11.070603964782947,268.09227082201164,1.7453629452290345,2232.9305072001985,674.8372137692525,1.6114179116648373
7,21,2307.0815026150467,1.1951781743827337,6041.120110175648,24.413521800955486,141.6082087238742,562.7897057730738,82.11430363226393,93.3075216846077,19.963392987203587,335.00554169961083,2.3586026125274144,3949.6846586051497,537.9370160760153,6.593898012626054
7,22,4701.346485838288,1.2229244778990809,2132.9180845837795,68.55990758455278,165.92562552821627,432.4678293001176,202.47514555264502,111.1032773002214,12.26090517982833,323.87945316723994,2.2438178084089198,4977.750029005345,376.1692592425133,0.7196874847801996
7,23,2355.5384978577176,1.143107030594554,3447.151169619725,54.932106560502206,193.04213982876047,843.0776193087347,99.37726823245788,87.45482206498815,18.75900857598417,328.28226626453625,3.58533418569752,2967.029683536193,483.5338812755584,9.646749430822474
7,24,3667.4315453207078,1.1281975792066763,3022.4009076957796,22.18293387795064,198.00141609317723,821.3938919157897,63.167964555008545,80.99415457720488,5.608738753410966,288.6844801233513,2.7326802341098544,1051.3031553869682,74.35630687930396,8.708007960459307
7,25,4618.31698474413,1.0752541150245278,5121.75691498002,31.4284146869229,199.92987231980666,641.1238605554281,309.6935354597277,94.68890036596505,8.550774751396577,290.1934548689992,5.443750981003729,1519.952892423291,192.19565652113903,4.589973872135754
7,26,4585.719185920416,1.1131830682089263,4841.572103846751,24.48609504156604,191.66569145386214,695.5389462576563,323.4635136059172,110.07512449588822,11.398976599918512,252.28151320729603,3.6597210309519475,616.7085725838716,382.08538291604566,0.6874114335435205
7,27,1614.242079294692,1.0728465104176337,4708.524353172754,50.6939717771226,160.1550003064374,669.7657958666405,257.13393742317226,105.8082705495284,15.033583756649138,347.62745944691187,1.0876568322710558,2767.031805882805,110.57393619077668,0.6625871217978985
7,28,1535.021167807607,1.2095909679812251,6709.315586912022,24.63071295707288,188.37494349071218,498.04534784103964,74.91292320521435,103.8978908325999,10.431608202454441,322.9787076638773,5.092556997295696,4394.984904176973,536.6956298470649,10.613325912573744
7,29,2815.0102956934115,1.067551805346099,4182.057185547849,42.81446849697674,183.75206334588768,641.7647736907137,349.269741924583,99.08719665557152,15.904505007520843,292.17192107818073,3.5381935537785663,2195.7496452213018,259.7089022451552,0.6517227008032028
7,30,4783.197519573016,1.0685682481182617,5646.336722285957,99.12642182591927,187.11662950170958,879.72298113576,448.1140468993264,72.11707582815073,7.212350679517795,250.0681864893519,7.1038241502078545,757.6012086399874,376.7344261434646,7.679206908896457
7,31,4038.4978994261837,1.039050212327044,6516.571803997885,32.14825457687734,164.77788033145833,834.9492202584495,378.21398656634216,72.36971760107484,9.38702075306597,330.55599755091424,7.4594814087067105,3160.9800303506604,478.58272318984433,8.691834004948591
7,32,4655.879737502961,1.1885988383361283,2048.285277463886,84.28802932418718,140.23608525869355,599.9471313045506,231.41842540455568,89.6455015445275,18.239155465386304,267.1626816314254,4.466418911857674,4747.470562439595,112.11869735059247,4.663326448612142
7,33,2664.3629176775403,1.198668062155621,3779.5394233335646,21.582164256097105,114.85237123304749,400.39627150809036,268.33977398790745,101.2709852836872,7.19343903178006,323.3670974584914,2.3085897449532813,229.55740018484119,633.8322815584693,1.6546388817020121
7,34,4925.85996106982,1.0478593207008446,4004.8366802290125,53.82298157648901,181.67802009797668,562.923694881418,180.62938265513804,113.23984757944113,16.525959525239614,340.4835976214061,3.8002703451923043,2671.4026721205137,630.6801306409343,6.708458113031581
7,35,4686.070569074978,1.1444896680574073,3754.2515038194115,82.16219815894623,159.59485536955424,883.0625146941051,129.7140184236144,100.58101398654998,11.417361158620555,312.32889022853976,7.78025922649854,1692.9357398738869,582.7067973751144,13.758509422814221
7,36,728.4284819428943,1.1579232016004022,4842.414651826806,81.82036478642931,114.2479130123265,448.4243260778061,383.37315711906217,96.66616600915516,13.719675968225413,275.88477510402157,1.583621976618039,1348.5865651298275,601.3032453478492,1.7033091140684358
7,37,1550.159649868953,1.0504564036026738,2657.5274001774656,67.87057415042007,161.78820425445065,634.7114575515105,329.4642532035638,77.7249136470675,6.466691355732266,251.4405865797823,5.5354373967984545,2196.926797781649,475.76507412694775,5.6580360962661675
7,38,3922.6390136973223,1.0101070270896209,4873.861717963997,69.95800754278748,162.61104165012486,691.8990520048973,474.2104122555609,88.17446748273008,13.760821571959791,277.3409460646672,1.8369051421486795,773.1543602582484,769.9801325611054,1.7608252593772715
7,39,2532.898267824872,1.1237472576179928,4690.640878094622,25.413888520887326,147.2916877562065,480.4771318306505,481.61727073763717,86.8135113910103,19.75921852797923,331.1065333514092,5.665680683968011,737.9739522402925,645.5211920194811,5.676381921089689
7,40,1463.4367376148039,1.1374259266253246,3830.8410232608776,93.04299545535935,159.67069878167422,400.43190283100955,97.0020786696692,119.3036202433049,4.061726447915291,260.71948015645216,6.327577844544645,483.95165109636946,134.58846373894585,11.80544060245548
7,41,2262.5411496635465,1.214301081282125,5675.4064109526735,85.5687982248581,120.23335482996663,861.440034793823,397.80976155953175,75.71557993971113,18.728143497307,250.49054639005203,4.433822901798023,2818.907744310354,486.02525511296506,8.689289353627839
7,42,4816.423095486137,1.0896347043482817,3729.435749967863,80.47443287371773,197.0788966986485,647.3427181930945,416.3627575145655,87.82612500868478,3.9311306047211465,325.572224708856,2.053890318132145,3487.099922979744,231.2868791760781,2.6593179385258745
7,43,3046.1012398225516,1.0992684264269175,6108.893931309741,62.206462351228865,134.86942659339996,428.6625348056525,430.4292364810033,78.3992179084951,9.852146202637352,268.3310315427979,5.566899119881332,1467.8630802798762,621.06395184857,5.717618146373507
7,44,2232.342745720963,1.0500549191860085,6883.216148300899,81.6189830932199,149.96915892048676,538.0830620975789,270.064730464774,89.48810366589302,19.38151469897537,274.7391262285623,1.6733476063522974,783.0543296051865,437.19790355384833,1.7335487906205136
7,45,4787.96987954544,1.1077484535462498,5673.068128621877,38.203285834955174,105.4595832587236,508.3393945195889,304.7388185736521,118.06120435276335,3.8008845814863976,300.0244113825071,1.3566594347141998,2473.3067760705103,575.2372675155098,3.618548900215332
7,46,4249.289496110121,1.067967090822839,3926.994785365405,98.0707085982635,120.16504783676012,507.4213528583603,335.63813216510465,113.86808172418012,16.205406008228326,338.9691966109643,4.774051875037188,2560.28485988331,663.159630281142,5.642362932643368
7,47,1816.8793233418623,1.0123807509494458,3053.5465022927074,60.09697745899036,100.61138776076832,720.5975890474308,77.41947727043704,89.79015762174646,15.109359497861794,306.23977199119736,7.542498689648332,3295.3779340446263,740.1962648381547,10.699030564296299
7,48,1371.3174916487226,1.0827265838575766,3340.3849163647046,57.386332471172025,108.21021359512827,624.5065754928362,496.2663056385718,80.67827198514867,15.635777268323622,285.18897808649535,0.8434540615565822,3240.3029857958813,583.7399875609524,1.704789524520519
7,49,2207.8091849847206,1.2145824078166716,4046.0216712634992,89.99954139875035,100.90083869525685,589.8476254747973,339.3769171469017,78.75767597206435,12.474646190700046,331.1930393832291,6.278912130190681,4703.50059626426,304.6731192696866,4.767516652768753
8,0,2633.625495601753,1.1304958056657786,2418.214022328979,94.88040746166894,145.77190931543402,713.019845335851,238.05349376624426,78.38596377632089,19.48278023390522,296.97481327687535,1.522356780855477,844.4057752537824,298.6308813267224,0.6937573187550103
8,1,4856.704697154019,1.1339985222268056,4544.956378232499,59.218286839354434,112.47901576812076,698.0327124801627,228.47136673689513,102.2861930797369,16.50931447822437,338.52553990502656,3.767646674167737,811.8483834130258,462.6484457691479,1.7078407370811353
8,2,305.0986387638949,1.0470171115081897,3495.3886897342973,59.96027863728288,117.11061148530058,406.83182631178875,69.32949022133556,74.51533374842623,18.89158276146734,305.6779289629843,1.5024934597186248,1229.228311227238,53.70679357995617,5.703366647158206
8,3,1467.4199533181177,1.0858806902838922,6679.877596257032,87.67051069113408,177.30106858076323,640.9506078948859,81.60306529341263,77.81894325466607,15.44999139110575,342.3710044906209,4.915491581934431,1172.7674724929298,112.11165320319208,9.675102766186285
8,4,4813.575673070451,1.1742158426997753,5007.520412251497,53.728379353369036,179.0134994741049,808.2582935980454,160.77507727836814,93.7156589560535,16.87024837651199,333.41284101530846,7.918368279635519,4748.96834120084,492.16542968306373,13.71900235863749
8,5,1752.8084203430399,1.166679186090958,2519.948783639244,57.96566572971061,102.4862642296812,885.1015510301792,297.3344374404532,79.64037613798955,16.56009771796565,283.90519853566667,7.815081027278371,3380.7745455866457,531.9575335669206,8.759470445299613
8,6,657.755447146069,1.1996670263134814,2377.1377565397834,73.54217676462909,193.09630074040632,559.8549930370292,183.71121512631592,92.08904248443602,16.011222131623377,304.74149124542544,1.4236169301337298,3610.078344222677,164.39456605204947,5.653591389901991
8,7,2268.787105107274,1.1456097172846362,3322.4904626389653,53.610857888713866,138.2525669703987,788.9055437335683,237.43974128164234,104.64112144157153,4.731412617662871,332.47984212415355,2.6403223837948824,4562.141329335007,713.797604578238,3.7618633292923085
8,8,2263.2175744327114,1.1151854491063178,3785.0659786669185,56.05536481610906,109.03826676480911,685.2007966936133,497.3356712952784,71.29912374712416,19.786386826755887,313.6790677208845,7.097559036309528,3039.3824571275945,38.62004282093514,4.700417752817551
8,9,4313.10654637529,1.019622894323068,5388.156088893233,33.63724692502437,143.64172895587936,561.4981352848736,107.73769166624942,93.947569007498,4.300646951887599,294.6750503361342,7.7110613085532815,4876.097462795212,93.87877988928771,11.690641516999829
8,10,3087.4691391481047,1.0272033356541626,4414.989404218775,34.93948973218029,198.81310543936567,622.064913242173,347.34183889677087,113.32140618470098,13.61847024402178,289.21629002034956,2.154970606526108,2299.6159953796923,686.2670082669504,1.6582405843498917
8,11,1236.7847305934215,1.070789255742582,4183.9668498329875,98.49856599869618,125.26194794999188,512.8559359676166,360.7821390822247,70.3612216509466,7.350361583820354,343.09197363588686,7.647234842045345,2647.983134859234,746.6751613111745,5.670770800948674
8,12,1424.4891174799313,1.0690724694495806,6764.822866197489,46.539424916787375,123.9472190240404,635.813283452533,52.72120524953986,83.46867594930941,3.5659434382127353,285.6673136002006,1.5943681698141114,164.2101686225561,610.4104003174892,8.799937565418293
8,13,4057.4616356657707,1.086619257496158,6817.835516344145,23.15170479640173,119.74061109085426,597.0010343358159,107.5847339954847,71.04046213095222,12.835171822001948,334.9536213714108,1.2368987068097848,4089.208523240104,711.1027038284408,6.679623455034396
8,14,121.15329673774711,1.1644016195234728,3676.4989327265366,51.407283561870656,169.36446181359491,783.0175572488344,113.62616982242687,96.49083819463222,8.22774530378601,291.7231007045615,1.538521540401347,4280.414945300445,244.78372164536873,5.648916502213181
8,15,2245.3154358540373,1.0072518046616603,4731.810119468879,58.2488575752214,138.40800120518924,496.1291569888914,394.6586502065685,79.44135278889576,14.708736603581197,332.49144047801326,5.902856697799463,2795.925214465061,154.5485245807151,4.782850592351076
8,16,4276.308162098626,1.146821729694855,6283.8606285343,83.1727446999555,127.44125261568935,809.6536661553083,76.35422042859332,103.41008567919647,6.870364792551974,287.7342099406598,1.5281203545445543,3139.31850320059,427.04483203086613,9.761962564136804
8,17,3325.036999497938,1.0661592813926624,5085.090546628617,30.7501011572824,132.988741092671,632.5078615041955,439.93294168755193,89.92863925393661,10.810389108507527,298.3728483819046,5.7197374646270776,632.3237354959283,310.5959534602868,4.6729317789783
8,18,476.640998025874,1.0849036239923868,4776.546233678231,88.91179560425597,136.70819302968192,873.9034639438617,479.93062805533134,72.99980141156232,19.59431249226474,302.6143397475591,3.3413498784801354,4647.517647861959,360.2830656687081,3.75047997775866
8,19,3242.332885415819,1.1061122914685748,2933.9713180543094,42.932677670824944,101.1101781437722,503.4181449477764,372.5891167841125,103.79840811232651,8.981422235192563,255.61212088067728,1.7910057919680857,2161.211493916457,562.5486714031857,1.791381604025363
8,20,3588.9797492495686,1.119222728754068,3817.0680164982223,36.607649686846486,198.48271887530575,460.79275777843264,197.8385791227014,105.56372828302011,10.647587734533552,288.2610688289763,6.825121176410302,4729.06207219344,23.545705049383592,9.821067263843954
8,21,3817.2020748819186,1.06638392286203,3829.2492315746613,90.50101457359781,111.14378294367454,877.9706554926356,439.6123363326777,116.08568266619227,15.05134672105345,309.3485182761244,0.8655424059759783,1613.4776994845063,565.9696901633521,4.7507051888254495
8,22,1474.3947342626263,1.0210668303219044,6772.290174729919,72.04541045163126,178.36929057305937,487.9672896708022,156.563399209468,86.4971870974251,7.194824839371897,313.5901464292665,0.446101175586911,170.87537893893912,131.49917230263628,5.765744086002109
8,23,1446.8245860959216,1.086172243954188,3932.5655878922053,30.452173287387758,169.46863029362723,530.3833719284839,190.77910913237864,80.96023525787939,5.9525616252768,252.55145701440534,7.210761810575687,2590.307770694903,604.911437287253,10.675984697458524
8,24,3529.871332619962,1.1128092888950882,5138.0979097527,63.88283009791677,149.4199689892197,418.5198443442825,99.43500693998939,110.19941011912678,9.072403913773213,251.11266792240244,7.018495031561888,3902.4582878712004,632.5811951447283,10.78456488435054
8,25,185.69679004075135,1.0366592138278823,3783.5774153858965,60.20413416585118,122.796886540641,650.1050765934981,243.27467553210428,116.89194650473482,18.980778150303152,337.3089832604757,0.3567695022785615,1085.4639059707786,589.8249483510492,1.7807975135035894
8,26,3833.690900578107,1.1524871389743325,2636.097740362576,44.913015375291465,107.367012310891,659.3738866874173,199.12282313263552,85.7055774326544,11.540379174654621,331.9375342702827,4.968596612654419,1210.3335053176327,211.4397122960136,9.712977811915286
8,27,943.3237179197024,1.040313564328134,6831.097213640968,23.44345926497576,196.33623361981415,566.3504823265733,358.73334719287493,92.5864187681584,14.70659310244432,288.22137690612766,6.818661627894813,2856.5380392765246,50.36164516109107,4.822530065498464
8,28,2998.83554039432,1.1072770164574786,5252.261616779113,74.36148672710362,165.15174397057996,405.15517777410713,264.764543597272,117.33755676361018,9.30178594422726,310.2698806739883,4.135557009536928,1472.2706591129468,124.46343991684911,4.743365950147417
8,29,1843.5987961465205,1.0023201789080962,5285.011960902253,79.09071754294135,173.19939639823033,521.9589527089772,156.3966639197045,72.00797450665556,11.703281924229511,261.38434844809143,3.130028720082261,4732.260378936316,429.7992507292604,6.8016370620069635
8,30,266.6004902353902,1.175846419190476,2363.005386317048,57.9411647226934,162.59011744034964,640.0714492812406,446.47902258398796,74.18860691920898,12.6561918785792,300.0142239796257,3.3813442998326892,3092.0327275456993,381.8947483517129,0.7511463962685442
8,31,2780.49299964239,1.0569263287039674,2636.6596155827515,57.29329301242878,124.1708655018266,429.60681278174206,457.3360182929039,73.37535176608787,13.498974412165396,260.04636450961095,3.6792138284975433,3146.0442494591352,206.57389343357573,0.8637711582722665
8,32,297.1799297250155,1.0617904096854254,5773.715793881608,80.36697354853771,164.03083639135832,642.1944978126138,240.4163914163338,116.69614638335455,13.90307060840742,313.9189433002287,7.944358517669674,2665.3770775245794,449.44718449384345,5.723287830461999
8,33,1487.2999137381594,1.2012530823137924,4092.626335129002,41.89059836130141,133.60391124355132,557.3278324016956,463.40234096172543,86.07400027024858,12.036521656490319,329.3989803126707,1.8822500823868182,1215.0215931313205,378.9918395348822,0.7562242895224858
8,34,2582.763406722161,1.001033573484962,6683.2771776835825,78.51528307974561,150.45555346253374,884.31872577435,437.87825084012286,85.88877274220854,12.328187970304253,266.9096359014004,3.145985725738527,4454.108398076546,718.0222056294734,4.860776656281364
8,35,2221.9802457683318,1.1868527232151305,4375.530603468473,31.343653809211098,153.71340086549407,739.3145449327487,172.47023057060542,115.3427183187012,4.848158581603066,306.75968499514426,2.952821406483294,1514.9405312069923,615.6934743101141,8.785693911989625
8,36,785.7896640185968,1.0152228457730859,4090.175122039766,45.4324057671337,141.76122308279622,692.8686262578391,143.00793737906181,118.88091347128801,14.582232260222108,296.263519777522,4.132369208045842,4041.2485330812683,176.8098570474571,9.808728720272216
8,37,2079.0405433592837,1.1302413137115381,4278.214608202748,96.84927029026633,156.57129717884789,558.2620885802605,174.07840474604592,95.09059614625099,11.470116459818069,270.6565632102554,3.98805044259312,1421.9284115672629,659.2543266251032,6.758808796548072
8,38,78.5935750364558,1.0302845173626412,3152.7429311267156,64.2650600213542,165.7523916559933,694.3000947772423,224.0718633186997,111.2466608016267,12.24405753758854,331.5289937007269,2.1475506248539333,1557.539771751942,116.76144028369454,0.7834198219799414
8,39,2567.6808513136352,1.144677127686846,2290.463009953167,51.84484029632554,179.98092417027686,808.8426639215452,112.1466731142364,93.69042268213713,6.258959204671393,335.5911802005596,0.3782497382138419,2274.9118120290636,71.45624980988765,8.891225643663834
8,40,145.10432046049903,1.213324869639455,5357.0253739917935,62.16273963146483,180.40710284725336,682.0414702478066,166.023197952625,85.96411016281003,8.299352735049888,269.9052718957679,7.858667857767072,1156.9867335858987,105.55460438531487,9.88368178238665
8,41,408.977200298361,1.0935472578639285,6968.241252946929,57.56852590296778,104.44604308980988,685.5994860805013,134.69943257479656,83.12557372817786,6.492674387123764,325.4126535243812,4.144264137829656,2012.1222969757982,202.32792443546833,9.74195848044902
8,42,3055.4448507636957,1.1421235029239218,3701.4244180254777,21.049678562621192,172.33586396824273,508.2677383170643,302.25365287457373,118.68574447697938,17.22243619967783,331.9264705388946,7.175139735481493,3212.0665317416992,562.1127539589363,5.867721881811297
8,43,4548.06469991635,1.1646661329560546,2290.3483120490696,21.00705247229591,174.5867878988803,818.2122505376266,149.54328220084923,100.82302308713601,7.3471486852671335,324.15992217725795,2.6932739693562113,1902.1389269446936,316.6872115734617,8.75283157159031
8,44,4750.700372518479,1.131765323307297,4707.9190346772175,35.07426540013172,156.616148301606,736.9296742279525,495.7257207483222,119.93362190030695,4.014882656786963,312.06307006070824,2.9058676471293188,1498.3576330029703,192.4071865287436,2.958100090526681
8,45,4263.361253293206,1.084921661420741,3002.6071968646033,32.48591512581146,163.62782654229335,734.0171822197663,85.52109722270842,86.56393343050625,16.440315563453183,289.2373195044769,4.014208711260946,4403.887461692416,368.5095987167353,9.71642639578408
8,46,2832.4081671600197,1.1144478657051264,6961.8348995898505,26.58896202786247,106.16012135849165,761.4494466483942,252.8191009671026,99.12275816039805,16.441244779473376,270.06534842439015,7.109857510408415,2465.1033729951037,747.6220629490717,5.867263795597703
8,47,107.49288131068569,1.1007550509411832,2470.005138916536,23.599280335091084,175.5410646190984,671.3743622694269,65.72659981749572,80.68101251676524,12.168161642831986,289.29228666088255,6.886953047603297,2745.0820995206655,531.5509898516508,10.819337249389974
8,48,4114.8030532291095,1.125968544719702,3149.06662707596,68.56347520766249,186.45231781530444,428.80344735851156,83.34676344130615,87.26055061476761,5.1014642616547174,320.37338865049026,2.4511387957757673,4178.870451481027,493.770629278723,6.900540545065558
8,49,845.4951543848521,1.0330370669724362,5777.795055735185,61.44399780624355,192.61784083816138,826.3984452645277,76.22019894311799,88.36674275100678,3.6996407018123856,343.1240147781127,2.5331643658625564,2453.9773598981737,303.30854367519527,10.792097190885992
9,0,4167.439807297549,1.0830111424060278,5860.823744869337,71.93592089978748,122.76412309668909,455.18523220650843,403.60110840381304,116.20130780082522,19.81362924090581,325.7433286623129,4.528722457147576,4679.583542864233,675.4176734337304,5.831357010657471
9,1,4236.054789088975,1.1343565242167177,4089.8424279911546,24.81070303605767,135.169702568344,537.6365889163663,204.4325748755966,106.77228364244195,10.21668020835223,268.6391608793099,5.073689649315038,4466.408521096797,68.54538760977823,4.71936198168816
9,2,3714.602090889659,1.0409772745516401,3554.1748856365434,40.07797411300439,165.85051176521563,685.033434146566,395.1915304572168,88.53281980883173,18.442485939926705,267.8106834335466,3.2790889284325235,1186.5169594004553,730.4432144900031,1.8907952247947317
9,3,1217.5420478804233,1.154167676907928,5663.3216818002575,78.60143767715587,157.16357527275335,591.5964539081374,197.63532717103587,114.90287276264749,14.910251714598262,276.74373205159947,0.43302198460997876,115.30886247844097,726.9645452571738,6.7266180926605585
9,4,3916.962261381761,1.049368885810214,5336.921941509352,48.393916007125625,130.05355734068814,644.4402630413903,82.08561656925687,95.21603590281731,15.958654077594147,349.04054822151284,4.972764931634864,1800.3984033720503,300.6865250731672,9.786035344408214
9,5,4641.663416992574,1.0923242040562475,3354.4655434800443,40.73918281004512,144.71009752288717,681.4724866663759,60.7844486458169,107.7611994596382,13.331104241051317,347.3778409725964,4.1800424802734275,1547.5727608670475,134.06735848230676,9.739919286604877
9,6,3701.8618412408446,1.0991101841898159,2053.020819912709,52.17518767483242,158.3187188069508,609.4623886694851,145.28272355933382,73.8793284184515,4.332447936926974,331.60021869409314,7.462364124997529,257.2943569409272,86.06708775942295,11.804598028875507
9,7,3991.3806433921345,1.1662005518167635,4909.468812344225,75.34786866295565,189.3313399684226,518.3109103957174,322.135409230463,72.15642609355152,3.5349359599792596,251.84161751343512,4.8283156511228285,823.7743638980311,94.75008391250222,6.870500804920119
9,8,809.7556157015612,1.0445745742706398,5706.305726215012,70.7529357069161,183.4678289835028,411.2332214602719,444.02944694517777,98.79538306537137,10.0140001929157,271.84829476952405,7.63283342783624,719.62217690749,701.405387333004,5.842444074854269
9,9,775.4105808558326,1.063314562205209,5603.100770213861,35.240546506668,184.3469129589315,850.291279493274,462.3928378332548,93.98984978016252,2.227300137720581,295.82632969761835,6.678441078900895,3230.849023167908,215.65897365822389,9.747125531235342
9,10,1314.817259739171,1.1495142540899448,2818.274029785982,97.2938884179557,103.19719821252946,799.1253482960775,366.8360216462408,102.34111250926594,18.41973265844853,340.2298617641984,6.066004669663996,4929.922710277431,280.385290354685,4.744971913965261
9,11,357.58335505052753,1.1733197681457546,4514.837108607231,61.946722878946176,113.7492595723727,634.294574925882,426.7777609128388,84.7862059076976,15.420457008060154,263.54646208664445,7.684283390692891,1658.2587270618242,184.444912656335,4.792478738707909
9,12,4754.457759234341,1.1488271505404999,6271.102559501155,27.49351050328822,188.37803530390383,584.1831302900891,226.5679718088018,89.60533787316473,9.688133096787897,278.26417098359445,7.0085512435375765,254.16403471338734,43.32173980809478,4.853382804692275
9,13,780.6686729947271,1.1894359362627467,3576.0443414292095,85.26744289702349,142.06638226425798,597.2216249112107,375.23018058272936,102.8286532642972,4.465747623849852,329.99565761778626,3.241059790806985,2482.7248089387326,302.9732871813985,2.848715259688108
9,14,1712.7560841221539,1.1141695584202387,5792.006668082349,82.45137365845369,110.65907479467558,804.6443230166167,304.4372100734056,74.3081657356235,5.521004071710142,267.07197379089064,1.5105897616756296,252.13817223089825,246.58396095286216,3.944498246431232
9,15,2133.0135229916973,1.005341518415994,5602.356253310805,37.95341132879989,103.28032968039412,723.796515530503,125.10160820535403,79.88830772878198,12.17532251979662,254.3152202886464,4.192673234100978,1097.2699112738876,792.1282325830172,10.877814854832149
9,16,1187.979770511201,1.127617055691471,6901.268173313869,22.183681997911915,162.45978066356142,616.2094117714089,262.17900358795623,95.61061816294759,5.015657481904426,274.9780796755867,5.008384724669195,1556.1911913138404,476.46411471088584,5.89892926233547
9,17,3968.634852846221,1.0881108083822921,5378.912978152564,73.78334885433726,197.80023112179464,769.1458982416141,262.69921715788337,85.50249010805506,18.618200720977775,325.5090290481966,1.0719467374704124,2481.4868550036567,22.394630153868675,0.7946588408149353
9,18,1308.8676645361297,1.188571892537908,2696.1390839808737,68.00253359228336,146.87444976115282,831.8129240414352,465.75482116925724,110.78871419855098,5.625321106972155,252.49338709910324,6.842239706425945,2500.9280184068293,316.90680634152716,7.883201935362115
9,19,132.37726611763202,1.042496790255855,5813.895756088524,88.73344488071028,156.99068368186857,667.9883321637346,195.1997182320288,93.96135998952013,2.3572713441652677,325.91515299394064,0.6273439839535563,4452.193415354673,738.0799632043633,8.883855952980765
9,20,2112.8122820755775,1.16157127786982,2891.439514811751,40.246782545692454,132.3232976656649,781.980906419305,363.5021519064395,107.35203264367553,4.789426363495135,257.98555837252457,5.5311782354177925,1013.7387307076868,306.0681329622122,6.803912230427082
9,21,4177.992434798896,1.1293094253206326,5250.264356657236,58.221476676048695,140.18141282484933,741.6951577893524,149.07010395227678,113.50793823581583,7.763575390963252,304.49648424229537,3.602340671554961,1631.5145381483087,574.3947910007425,6.882215892879225
9,22,1087.4279945220444,1.006489984173444,5599.012927458067,36.437575263012114,193.26472975606958,793.715311354091,383.949109095079,114.7548113287577,3.311735063786894,320.35729700292404,2.2905080744020387,2685.3786911982625,306.29993541951177,2.8504539331848795
9,23,719.4202132512129,1.0492309909523456,4330.052585114675,63.67335339737143,193.47260631217446,434.6460540584671,260.3800463872804,119.17185985517968,2.7808263404382316,306.436141049396,2.9495998997040096,3137.86155248991,502.4936248888005,3.960507314293144
9,24,1084.102152443615,1.1477307586882874,3729.29786145023,83.9242487636722,186.4316882058012,668.0947690313208,170.25020096065424,109.54334194493799,4.13611748333644,268.32838802714826,6.761023058257728,1728.0811250878505,666.3743481572407,12.91695543208175
9,25,2602.928309529433,1.0940455060590977,6454.807235931014,30.242270408612306,134.40322878130948,509.0307755611176,466.29715394310546,102.62236417214658,9.525326989040213,250.07402284202914,6.448191051258801,4682.9368337286905,285.2855962316135,4.793044068939451
9,26,520.3223336782004,1.0425362651212597,2970.0173914442516,65.93055517836619,168.5510519604771,874.3241689628271,375.83723589441024,79.22735121219499,12.039930228256651,304.2598589650312,5.779571216200282,4387.109163592802,200.11969013580884,7.854180584051252
9,27,3838.7105451392295,1.2016741425655448,3830.2211002800723,43.17948094815419,117.12422721933129,845.8281404754925,350.7820447711486,115.17796192177411,16.160036393181727,270.4155732125533,2.256064925777987,3867.7922130268385,787.7634532170514,4.852355341445164
9,28,4740.039796116995,1.0498129193496453,3817.0390682001303,88.75766100581569,191.39902242413834,443.17574543777937,279.8887167252257,92.02876169294035,11.782434120443343,332.71420059736283,0.29069035077341565,3779.5033366522225,540.0004268074914,1.8276360705049246
9,29,667.3033233577403,1.069849216217997,3274.4630536775153,33.40878272209511,125.40131505470902,730.4448756367187,319.931007247335,76.50722039802248,7.364513600008847,323.8929378620197,2.2329092058377897,3425.7928233740645,487.50533287036643,1.8567492446781888
9,30,688.6242714683349,1.1335924946209637,4005.1579647619337,97.29835805930068,154.6498683738519,792.4337430390908,88.44453546103492,112.64795829130603,7.149100347018056,274.53762809922756,3.683185703604487,4461.971851396027,168.02658034245982,5.8282171111136964
9,31,797.6502799151514,1.1734926308982903,3982.077722467453,23.952988422422024,113.71377889953196,581.5520420976338,290.6039293289007,88.84532519305367,15.966602522524813,273.4136855658051,5.187650273094819,4597.604324311607,248.28748058881231,4.794544543191903
9,32,3272.3583702160836,1.1317610226857024,3984.123839549145,71.87131920290703,168.36243461768183,864.4927094352445,445.2553114566037,81.18457310199858,16.693894130364434,284.26421948783195,1.2565580890283463,2296.4101046081114,97.36986005195811,3.8583928779393233
9,33,1419.9732217454264,1.1199817926721551,5117.1587116111405,97.70028469379832,111.20880767326261,723.3422895196015,455.736545895216,99.21460856544331,6.039165376633463,341.428762653747,1.00618694449354,2618.2809315560585,605.797759276081,1.9446120062147125
9,34,2395.8371572642873,1.0621522248132387,3501.622943012467,89.98985354134209,178.34412306680844,734.2994139229631,439.44396266952833,76.94575713853538,19.549451130911564,279.2084676956809,2.5187129698309514,4529.353392762961,361.32155196147204,0.9804464277964808
9,35,1694.4491140830598,1.1534503664442768,2353.9507598180503,87.1282398890821,132.48953103441877,807.2431589494286,300.69328367488765,103.0607460453068,4.165452201864536,252.01426431150338,1.4914776893211958,4093.5837430856304,757.1397449831921,6.929819386420964
9,36,4665.259457621972,1.002099524963345,6138.71812126571,49.89399862923505,159.1478349794649,776.9370366394216,115.2329424645916,119.39876254313405,9.133952278248511,290.44183147988736,3.7556975550617837,4006.2473852581747,790.4071452207484,6.796253699031805
9,37,3428.5759618820575,1.0228087987515333,3545.2535091596415,78.23455570545681,179.83733903196085,631.6360725670285,153.28871364482615,79.14464439834423,10.743611145294338,343.9151018635989,6.311516545653693,4742.737632226669,22.480951427918058,9.918189749977135
9,38,706.8522558058438,1.1588505166997178,2707.638972233448,68.61203337911786,124.83225675941179,864.9917871119862,468.1459306694367,101.45935330011298,8.629033995343343,319.21465711999826,4.394869057006465,563.5155745241481,773.2840010295853,8.790103149554788
9,39,3777.6505426348454,1.0960747415884071,5155.052730493238,66.93461973816042,148.34683877812793,462.1586298925399,228.94354051509347,111.9910904683698,9.913646284369362,271.60429997087317,2.4294247694799807,2966.4082826110944,206.4765422466181,0.8538446156260631
9,40,4080.404643833369,1.041408313251591,2625.8203180726928,25.742652125251546,188.26426654552728,491.88491641094964,440.5081391693676,95.1647076459561,2.212248680026283,348.88834126580906,0.7849883544482291,4071.1486595182805,228.41379854443488,2.8275201890999284
9,41,4229.776984524534,1.168098470220794,3758.56253345633,56.96423954012252,183.83208330230008,413.3411328726662,131.34070599863156,94.97257384712472,15.869373811743792,349.10428818103946,4.800566215647144,4828.169212303927,485.5563282093542,10.94535059931011
9,42,4917.6048286291425,1.199032808176441,5982.335124303139,75.77625604155077,141.24365162248176,437.82422330705515,92.50943780600765,90.55434103616884,16.340115566205746,302.85289272444595,1.4896370632601823,3131.1833340773146,595.4138316262353,6.879786553810739
9,43,914.787076859755,1.0030849029820676,6552.176783156673,79.31393216035025,145.4876144320852,848.3620686769693,425.67468683697865,86.26779956674258,16.802523088521703,250.06612575228252,7.553023719733029,1143.8329856734915,486.80911006035245,8.836960126583511
9,44,240.82635188234224,1.026661057139265,6668.625412269091,29.920920492695046,103.5920133749301,731.1762308889626,499.65731034694466,78.84606207695421,9.958155727286758,316.9532165125544,2.9223569622108356,672.7281875425853,150.0293781803891,0.9394759562131023
9,45,790.4106101704562,1.1726940560556989,3062.973012773964,22.2962578389198,127.09953145790706,878.1077551310026,208.87508347884759,117.54022225097751,15.172131142507235,342.99813765808193,7.52174455300371,3254.889547691061,242.75623947312795,7.785572277553927
9,46,1197.7384693525016,1.164707580528313,4960.460409142116,44.210050412420856,159.08752845470158,742.1618421887708,101.52758828294634,113.7758146936946,8.984526114575317,339.92256805127624,6.860264166152791,4833.371761758266,127.81582699575235,9.936240015926584
9,47,2735.0249719061158,1.1285063311643766,6606.054029243974,44.25097298433079,135.70790847868784,618.2244556074763,465.88955129488977,96.97251298360065,7.26346463962391,344.89333034273585,5.509587266547138,3136.7745903678174,346.0384639659206,4.874683451941223
9,48,1993.8226002342212,1.1189791242895941,3878.392103793905,93.11501404792996,165.0039129125846,771.4282753967693,435.8904072485748,77.66802304474652,3.595338832930489,279.4416094493262,7.491239925913964,958.0409052445763,242.5942114382469,6.918276167070066
9,49,3582.2056490885607,1.2005163301504855,6895.471948534554,30.18660419430602,150.6207074890646,806.256955013299,269.1841441784834,73.06890883945569,3.0957117604072737,269.3935543641342,2.379579069249259,1886.75409344447,573.0728907888866,6.906559742843348
10,0,2822.012444771195,1.2015345588331579,6029.071787163171,77.53077244633238,115.15810582359191,515.9192734394326,172.37395392345115,112.7077233076856,2.933464190487004,265.4461094994006,1.048378548504909,4716.663637968531,292.7859094266735,7.908088942532024
10,1,4918.930816799866,1.0850845439739603,2036.0851518409377,24.063146846163654,130.05786398584075,611.6477780807876,437.01873924473307,79.27779768991405,2.7826965980542404,266.36650858258497,1.5201381279274833,3273.1812445919527,420.96119436081665,3.9409570748296585
10,2,907.1239085557054,1.1383808060546663,6473.773182026638,88.41891669009131,108.50961476052069,811.1059804788936,88.5560755141167,75.42931113884674,13.566113784452487,270.391309187847,4.263522427558715,3902.657500544939,318.6646370132286,12.878596792553422
10,3,3939.0177418407447,1.1508354681032122,2741.5288727016455,52.73842254778896,172.58949679543298,572.1137841949259,81.13207227765773,109.53794710339164,2.996800310073998,263.1728113315919,7.215135876468934,1033.1292456488106,548.9106422604875,12.898307343784001
10,4,1394.609558897738,1.14167824883293,4491.101361045807,51.0652637820325,118.27982948877096,704.7399375542107,403.6544754908735,118.36848796414004,6.260670515636391,333.6097288138753,0.7726804988486229,3957.3084093148345,339.97191332821427,0.9417976901222832
10,5,1670.1242599584555,1.109939717483811,2960.029516682775,37.38946393464531,125.04486858884837,870.1721991329684,378.8870399560025,105.82812096497231,2.188552401737437,331.9836961094012,0.37931142334879075,3345.643732567277,557.9317744561639,6.922265577282827
10,6,666.5534301207293,1.1947021891344223,4198.513049409225,47.15009582201812,177.33738351680933,747.8430131750024,97.94383047511431,71.11601528155855,6.246734259908529,339.9550564209014,0.4561154560340762,4508.879506997738,136.49819268337384,5.836556300748088
10,7,4125.459315104237,1.075714029657336,2556.6546315373485,46.50571915527108,120.19921014735199,804.413280253706,395.25562115182555,116.65266512367344,13.114534479540533,271.7172692019271,4.273826957864587,4973.699406688793,281.27881130000964,7.89698486201239
10,8,1739.9892751367008,1.1535778116331554,3669.7342925292724,22.980215531831707,184.91923667420454,564.955302219885,104.91261675827997,96.24873458705282,16.965672407554585,307.9059182801528,5.595117693277383,3990.6013171300365,379.6934769508833,9.96768968143039
10,9,3473.5517820221285,1.0489302361897803,5418.524660498897,99.3458972940284,136.19148896776855,480.81458827325514,94.59784718999755,78.17132396552707,6.019524263272501,293.3246182166072,6.812204178050989,469.08922075369964,252.40950138616276,9.79779619405373
10,10,4987.86258318865,1.1827695381713799,4763.1000152298975,30.108819588647002,138.53957577647975,645.6375297130297,98.05981072482277,72.35222349091643,15.38220633805214,320.456567824113,3.062960285781309,4912.868901144851,261.4339478288773,5.83622864826673
10,11,2425.9300837491583,1.136137103429676,2802.81859550399,59.04734453644064,110.98518952976444,806.2046822147786,498.3767710432216,74.04808903713172,4.020295100709871,251.66095402349816,4.264814500613977,387.94885840497676,786.2960592424798,10.906193606540736
10,12,4984.343214555737,1.0142541272284555,5486.65526848799,33.67864476177506,149.1938332024295,792.2326130601141,109.65536755949476,71.76093924063768,3.5414514561403867,258.30777736003324,0.4208680477022364,2685.2828886591155,714.880792147327,8.870147153654942
10,13,3835.077595489753,1.1288278715479723,5258.297048793735,29.00253445803842,170.11468590609462,541.2439766944549,288.6137413010497,90.22440422546977,4.278028552449916,263.3077467173966,3.6674998113300727,594.5798411586005,488.6700807542689,4.032404299742605
10,14,1019.3110726862842,1.1542656541534109,6027.981870580003,68.42895879940158,151.45990473510983,745.3017135377128,352.40348021676994,87.2050157481494,12.918437223684696,256.2099686312831,3.3961897113759942,1655.0516466589004,328.39688623614194,0.9612301915596783
10,15,1448.6487516537095,1.0628510836146172,6847.812109535935,28.008274954627996,122.6748959830496,847.197543788008,260.49899795573907,99.65455000759938,13.356781045216875,290.93073862067007,7.149973088202477,1450.86995555684,388.5554570707102,7.95663491696138
10,16,762.9388306665342,1.1989574296535142,6361.287741135834,81.69362671420451,108.67936867988209,679.7023276907803,246.08064996454763,85.76381526627856,6.329403913697478,257.1453569361367,7.040165637181315,2244.4616737321435,480.30388047316313,5.979471145859502
10,17,429.4961783063328,1.1311188630174698,3483.184348882238,66.02559872283283,102.61803748226065,685.8380692356877,396.5669521627381,86.43010620269378,11.404152684875717,291.904751271077,1.984414003535129,2859.8110674561945,306.7033867943301,0.8463739330648649
10,18,3406.4007530266626,1.1573015885571822,2499.656865030149,47.1784918183478,135.4617449929624,734.4416787804056,497.0827402097789,115.28204252644713,13.380504055877395,294.45393954374924,7.957113647342679,594.4073522802073,66.82818666091455,4.974886534000179
10,19,503.2068288760272,1.0932117542389657,5427.447076711309,40.48731109351134,171.82712894790518,728.2411284627726,233.84628396560896,113.68465221542179,2.4385128119119743,270.22958401357323,6.871678848396174,1614.6441087991261,327.66537009642485,6.938895228186069
10,20,1478.1080544232793,1.1336852345785378,5737.603836738863,87.04139362259954,155.1021183695744,655.409622496686,483.7469699143857,85.98827323912592,4.70296690776251,336.3894526566642,3.112432613184161,3564.7814626074087,37.01796189321236,2.9061896689678632
10,21,3840.949862372682,1.1642608577116007,6299.549865975835,25.918650986842373,178.84538418273,501.90904178259916,139.4987437259493,92.8797134473534,2.7232053118749135,340.8473088937271,2.4826862583325506,2169.4144520378027,299.30890979816996,8.055392361415445
10,22,1940.5043939366562,1.0196205533785057,4994.618142690789,77.64033588967153,195.48937328147645,632.3760636673449,484.7122744971208,97.87400427081431,19.4262439893416,297.91047728978657,7.818667211054785,3481.009369696169,376.09380931861153,5.0241500395030645
10,23,3761.8901924778506,1.0606199862004435,3426.184507253043,92.49439222547592,174.18271723036239,768.9946761340959,383.7659001571237,92.19395026879042,9.039767271392385,303.63789045268396,3.960866481394799,177.59124386967298,318.9363186389285,0.9920680503183951
10,24,72.54415040161,1.2135206059849974,2047.6036158036159,99.6260549477853,145.37858461242593,624.2564146496532,287.4118612559887,74.3906294986768,5.389893296217776,258.08559867230554,4.976362279212577,4150.014220377521,425.4138374438407,5.982454961477901
10,25,2287.698300077981,1.1820522735137766,4114.036385856414,44.49071471325037,185.19343045473107,589.6230551094558,350.67633421912245,119.081494633049,19.65936525113495,333.12021865339955,7.379630022459044,1688.0946233719524,430.736729283692,5.909988268521833
10,26,2114.677374322173,1.1056251213100186,2690.3163842538297,49.72161281329637,171.74875070245866,712.1399336163931,348.42780964177825,114.17954740191905,16.730366018613147,341.6457892950017,3.5016157138474022,585.3743504841676,292.4593907005959,0.9430392822918706
10,27,576.207695855967,1.1298423866145813,2834.671098454006,30.32070823820905,162.8067346226729,849.599515781558,358.55978558565954,74.87785812849535,15.498178315268984,298.880458563555,1.7317520182203987,4883.158501632496,322.94926345770006,4.026951907275607
10,28,2768.7164994318637,1.118270112776913,5776.681728762593,84.11738936400918,181.233706531234,614.018708361503,129.85790867941245,80.94726623290504,5.728965120837739,265.77850281523484,5.06780637533315,3227.8063146513437,633.4991404052047,10.98222485902141
10,29,452.61928707057365,1.1905523907310585,6672.098623592879,29.951722866278203,147.9123295243436,769.4567088622375,366.6600471934471,72.80182015319889,11.503011850013223,330.90291977700895,3.1650899803980392,2004.6202599148926,376.280675774267,0.9997577752927223
10,30,3268.0580716327013,1.2190957296721403,3057.214414533869,42.778591205953546,126.57991824181238,527.7162128265114,369.55639699785127,105.35024373058245,14.983544049349021,261.4638095830703,2.121248774013862,4835.10271206478,17.218650339514006,0.9222546307175339
10,31,3992.6126420470064,1.1505061580190734,2052.6814915146883,94.58850323838205,136.98238047087446,765.8085686494542,254.67552452471995,77.83171177436641,15.799114717235371,329.2970899809296,0.15715229301254136,4818.589020311224,603.767737636524,2.050941338752357
10,32,3465.3823619219575,1.2243973448638292,5699.4606536823685,70.44828583560377,148.3233483531463,536.1507735729026,290.39678820795064,96.78114117398606,3.8205812659587304,342.4056471578067,7.696395515975775,329.84720647547175,327.8465143098541,6.98846798127993
10,33,3600.421855270148,1.0904866770643349,5281.073603469786,51.86935776709599,196.22092506859332,534.0373246258857,142.68305985944866,95.8743838897418,14.811833648572684,315.26218321350336,6.579811566688805,4308.746600953665,275.15744423537194,9.987576902945772
10,34,845.6199501566886,1.0357644679831075,6799.007507081511,35.01851000935584,105.10612651044664,424.4429857794575,335.02519070267283,99.09772156359857,4.646351158066931,312.2578552322319,4.396657022166629,1555.575954965325,644.3986005465409,8.003160275084841
10,35,916.310380689323,1.0814438636085273,4243.0119221339555,46.376283668416995,108.4973458178602,467.78747728835043,497.24181294711946,114.27561981329733,17.131967455238446,262.53895199223615,3.2547158243101384,202.96804718363404,244.70014447933053,1.002323248033611
10,36,633.0999523999476,1.186042115252861,4657.934512320144,41.91954658560226,154.9668819458982,618.1945428303844,376.929756685877,88.60266535023061,14.990729920344513,344.24372722618983,5.685845142915578,273.63707816528523,140.1831769337222,5.0060039098434475
10,37,2938.2264982672723,1.146032076418579,3192.3088618401034,85.75589500348345,143.31238336640405,593.6583855557108,386.45453738980893,76.14173181508112,17.902665163975435,272.5975918705214,5.449671749630628,858.6458965404499,397.67105150673615,4.935187335877353
10,38,1180.0881661147662,1.0566908673667892,5596.400085681589,41.245485082360325,163.28469680701795,584.9342069624761,135.76257380041352,81.39074199560147,12.470267644038753,275.94561362871787,6.491555452663024,4932.1454892770735,345.9565660161512,10.062096024347092
10,39,2138.7007440970124,1.2130409966375801,6050.365919473039,86.00810440298156,177.67302053828445,619.3210128908994,422.9505198862129,72.20773409629143,12.857291863474392,250.42633684201465,6.501414845392712,990.3294859213556,34.39501658180474,5.030382318195276
10,40,96.93357594976581,1.1180680922996755,2941.8930393906244,20.640400496186597,108.10814449832465,435.03681425118145,393.45369634466476,81.80739331288287,11.439636368510874,274.6651995365522,4.360388267057073,2248.729313964526,334.028214209174,4.948881041957562
10,41,2052.356661167736,1.0281170911557274,2555.998566748687,79.9453113277685,133.08469959718133,568.5542225137904,198.59532758952795,116.49142957371083,15.322012532838917,259.1692770486564,3.062984102729081,3299.6210744287214,310.89654780826146,5.959247151934947
10,42,1030.922950377625,1.029594863577862,2819.9101681058473,72.55800466971579,161.46869422501098,420.81863349243343,318.6280986182842,103.53996314439073,16.93126528805446,276.769155503297,3.952823178497419,1000.9967864817465,119.60900533055327,0.9731212020124618
10,43,120.81956781286374,1.1984556405743338,2467.051265611627,95.73449576187811,104.22289076819659,544.1100675028913,478.2545444928813,109.38159188275868,15.85057550897285,346.22838770558485,3.2977517544928503,2749.2060147671104,453.60531318550807,1.9901068183377733
10,44,500.7844822418139,1.079656644725514,6185.473744118636,85.82681019667123,117.66220868958362,614.5210276047329,404.64764398541894,101.01643015516385,4.087300468393435,330.2186585608277,3.9285728888556712,2609.5699023791763,739.910299355898,3.96933726797804
10,45,1644.6999785276078,1.066262030102448,5389.163312503966,91.0419102113899,164.00392735395923,838.8081824472627,91.24696125527501,84.81188651751647,7.70284677469081,308.7134184266953,1.977468362766092,3094.1711371203937,446.1524653527924,10.026057482232584
10,46,4448.9479162796015,1.2122208964933072,6278.498471213804,65.86811365264708,146.1449426664649,417.790680751542,404.0767759297615,91.12490551074714,11.44843251800874,279.2301520708246,6.021081348130855,1441.7470476413723,241.2505545480328,4.970185616885444
10,47,216.80523732051483,1.1528974288693454,6643.172413931067,54.636561492431696,187.74020723256336,463.7328041142623,168.5308713294471,88.1742893275766,7.149685199751617,290.18732246127274,7.2157347045606715,4201.473702368949,78.42927641634222,10.095061248957322
10,48,4299.396133957819,1.0453901531185377,3612.5557884329246,74.81652557947649,190.68993740061654,623.3826169810928,375.7353906060328,113.02039582334277,5.755450867668563,288.6039787217504,4.2978513386945885,1317.3728087766533,707.6333108872334,6.033149879463826
10,49,3535.223677639374,1.1194984112675412,4660.869090997936,54.78070543179642,183.83431034191653,807.0541939780189,220.1802359438987,105.36560142566961,4.844692476679938,300.90253957971265,7.486613698358458,3435.485588984802,798.4598961021472,10.984379951679877
